#pragma once

// GENERATED by helpers/bad_apple/make_badapple.py — do not edit by hand.
// Source: badapple.mov, 4x15 @ 24 fps, 1 bit/pixel, threshold 127.

#include <cstdint>

namespace badapple {
constexpr uint32_t width = 4;       // matrix columns
constexpr uint32_t height = 15;      // matrix rows
constexpr uint32_t frameCount = 5258;
constexpr uint32_t fps = 24;
constexpr uint32_t frameBytes = 8;  // (w*h+7)/8, MSB-first, column-major
} // namespace badapple

unsigned char badapple_video[] = {
  0x00, 0x00, 0x00, 0x00, 0x00, 0x00, 0x00, 0x00, 0x00, 0x00, 0x00, 0x00,
  0x00, 0x00, 0x00, 0x00, 0x00, 0x00, 0x00, 0x00, 0x00, 0x00, 0x00, 0x00,
  0x00, 0x00, 0x00, 0x00, 0x00, 0x00, 0x00, 0x00, 0x00, 0x00, 0x00, 0x00,
  0x00, 0x00, 0x00, 0x00, 0x00, 0x00, 0x00, 0x00, 0x00, 0x00, 0x00, 0x00,
  0x00, 0x00, 0x00, 0x00, 0x00, 0x00, 0x00, 0x00, 0x00, 0x00, 0x00, 0x00,
  0x00, 0x00, 0x00, 0x00, 0x00, 0x00, 0x00, 0x00, 0x00, 0x00, 0x00, 0x00,
  0x00, 0x00, 0x00, 0x00, 0x00, 0x00, 0x00, 0x00, 0x00, 0x00, 0x00, 0x00,
  0x00, 0x00, 0x00, 0x00, 0x00, 0x00, 0x00, 0x00, 0x00, 0x00, 0x00, 0x00,
  0x00, 0x00, 0x00, 0x00, 0x00, 0x00, 0x00, 0x00, 0x00, 0x00, 0x00, 0x00,
  0x00, 0x00, 0x00, 0x00, 0x00, 0x00, 0x00, 0x00, 0x00, 0x00, 0x00, 0x00,
  0x00, 0x00, 0x00, 0x00, 0x00, 0x00, 0x00, 0x00, 0x00, 0x00, 0x00, 0x00,
  0x00, 0x00, 0x00, 0x00, 0x00, 0x00, 0x00, 0x00, 0x00, 0x00, 0x00, 0x00,
  0x00, 0x00, 0x00, 0x00, 0x00, 0x00, 0x00, 0x00, 0x00, 0x00, 0x00, 0x00,
  0x00, 0x00, 0x00, 0x00, 0x00, 0x00, 0x00, 0x00, 0x00, 0x00, 0x00, 0x00,
  0x00, 0x00, 0x00, 0x00, 0x00, 0x00, 0x00, 0x00, 0x00, 0x00, 0x00, 0x00,
  0x00, 0x00, 0x00, 0x00, 0x00, 0x00, 0x00, 0x00, 0x00, 0x00, 0x00, 0x00,
  0x00, 0x00, 0x00, 0x00, 0x00, 0x00, 0x00, 0x00, 0x00, 0x00, 0x00, 0x00,
  0x00, 0x00, 0x00, 0x00, 0x00, 0x00, 0x00, 0x00, 0x00, 0x00, 0x00, 0x00,
  0x00, 0x00, 0x00, 0x00, 0x00, 0x00, 0x00, 0x00, 0x00, 0x00, 0x00, 0x00,
  0x00, 0x00, 0x00, 0x00, 0x00, 0x00, 0x00, 0x00, 0x00, 0x00, 0x00, 0x00,
  0x00, 0x00, 0x00, 0x00, 0x00, 0x00, 0x00, 0x00, 0x00, 0x00, 0x00, 0x00,
  0x00, 0x00, 0x00, 0x00, 0x00, 0x00, 0x00, 0x00, 0x00, 0x00, 0x00, 0x00,
  0x00, 0x00, 0x00, 0x00, 0x00, 0x00, 0x00, 0x00, 0x00, 0x00, 0x00, 0x00,
  0x00, 0x00, 0x00, 0x00, 0x00, 0x00, 0x00, 0x00, 0x00, 0x00, 0x00, 0x00,
  0x00, 0x00, 0x00, 0x00, 0x00, 0x00, 0x00, 0x00, 0x00, 0x00, 0x00, 0x00,
  0x01, 0x00, 0x00, 0x00, 0x00, 0x00, 0x00, 0x00, 0x01, 0x10, 0x00, 0x00,
  0x00, 0x00, 0x00, 0x00, 0x00, 0x00, 0x00, 0x00, 0x11, 0x11, 0x11, 0x11,
  0x11, 0x11, 0x11, 0x10, 0x11, 0x11, 0x11, 0x11, 0x11, 0x11, 0x11, 0x10,
  0x13, 0x33, 0x31, 0x13, 0x11, 0x11, 0x11, 0x10, 0x13, 0x33, 0x33, 0x13,
  0x11, 0x11, 0x11, 0x00, 0x11, 0x33, 0x31, 0x11, 0x11, 0x11, 0x11, 0x00,
  0x11, 0x13, 0x31, 0x11, 0x11, 0x11, 0x10, 0x00, 0x11, 0x11, 0x11, 0x11,
  0x00, 0x00, 0x00, 0x00, 0x11, 0x11, 0x11, 0x11, 0x00, 0x00, 0x00, 0x00,
  0x11, 0x11, 0x11, 0x11, 0x00, 0x00, 0x00, 0x00, 0x11, 0x11, 0x11, 0x11,
  0x00, 0x00, 0x00, 0x00, 0x99, 0x99, 0x99, 0x99, 0x00, 0x00, 0x00, 0x00,
  0x99, 0x99, 0x99, 0x99, 0x80, 0x00, 0x00, 0x00, 0x99, 0x99, 0x99, 0x99,
  0x98, 0x80, 0x00, 0x00, 0x99, 0x99, 0x99, 0x99, 0x88, 0x88, 0x00, 0x00,
  0x99, 0x99, 0x99, 0x99, 0x88, 0x88, 0x88, 0x00, 0x99, 0x99, 0x99, 0x99,
  0x88, 0x88, 0x88, 0x80, 0x99, 0x99, 0x99, 0x98, 0x88, 0x88, 0x88, 0x80,
  0x99, 0x99, 0x99, 0x98, 0x88, 0x88, 0x88, 0x80, 0x99, 0x99, 0x99, 0x98,
  0x88, 0x88, 0x88, 0x80, 0x9d, 0x99, 0x9d, 0xc8, 0x88, 0x88, 0x88, 0x80,
  0xdd, 0xd9, 0x9d, 0xcc, 0x88, 0x88, 0x88, 0x80, 0xdd, 0xdd, 0xdd, 0xdc,
  0xc8, 0x88, 0x88, 0x80, 0xdd, 0xdd, 0xdd, 0xdd, 0xc8, 0x88, 0x88, 0x80,
  0x9d, 0xdd, 0xdd, 0xdd, 0xd9, 0x88, 0x88, 0x80, 0x9d, 0xdd, 0xdd, 0xdd,
  0xd9, 0x88, 0x88, 0x80, 0x9d, 0xdd, 0xdd, 0xd9, 0x99, 0x89, 0x99, 0x80,
  0x99, 0x9d, 0xdd, 0x99, 0x99, 0x99, 0x99, 0x90, 0x99, 0x9d, 0xdd, 0x99,
  0x99, 0x99, 0x99, 0x90, 0x99, 0x9d, 0xd9, 0x99, 0x99, 0x99, 0x99, 0x90,
  0x99, 0x99, 0xd9, 0x99, 0x99, 0x99, 0x99, 0x90, 0x99, 0x99, 0x99, 0x99,
  0x99, 0x99, 0x99, 0x90, 0x99, 0x99, 0x99, 0x99, 0x99, 0x99, 0x99, 0x90,
  0x99, 0x99, 0x99, 0x99, 0x99, 0x99, 0x99, 0x90, 0x99, 0x99, 0x99, 0x99,
  0x99, 0x99, 0x99, 0x90, 0x99, 0x99, 0x99, 0x99, 0x99, 0x99, 0x99, 0x90,
  0x99, 0x99, 0x99, 0x99, 0x99, 0x99, 0x99, 0x90, 0x99, 0x99, 0xbb, 0xb9,
  0x99, 0x99, 0x99, 0x90, 0x99, 0x9b, 0xbb, 0xb9, 0x99, 0x99, 0x99, 0x90,
  0x99, 0xbb, 0xbb, 0xbb, 0x99, 0x99, 0x99, 0x90, 0x99, 0xbb, 0xbb, 0xbb,
  0x99, 0x99, 0x99, 0x90, 0x9b, 0xbb, 0xbb, 0xbb, 0x99, 0x99, 0x99, 0x90,
  0x9b, 0xbb, 0xbb, 0xbb, 0xbb, 0x99, 0x99, 0x90, 0x9b, 0xbb, 0xbb, 0xbb,
  0xbb, 0x99, 0x99, 0x90, 0x9b, 0xbb, 0xbb, 0xbb, 0xbb, 0x99, 0x99, 0x90,
  0x9b, 0xbb, 0xbb, 0xbb, 0xbb, 0x99, 0x99, 0x90, 0x9b, 0xbb, 0xbb, 0xbb,
  0x99, 0x99, 0x99, 0x90, 0x99, 0xbb, 0xbb, 0xb9, 0x99, 0x99, 0x99, 0x90,
  0x99, 0xbb, 0xbb, 0xb9, 0x99, 0x99, 0x99, 0x90, 0x99, 0xbb, 0xbb, 0x99,
  0x99, 0x99, 0x99, 0x90, 0x99, 0x9b, 0xbb, 0x99, 0x99, 0x99, 0x99, 0x90,
  0x99, 0x9b, 0xbb, 0x99, 0x99, 0x99, 0x99, 0x90, 0x99, 0x99, 0xbb, 0x99,
  0x99, 0x99, 0x99, 0x90, 0x99, 0x99, 0xbb, 0x99, 0x99, 0x99, 0x99, 0x90,
  0x99, 0x99, 0x9b, 0x99, 0x99, 0x99, 0x99, 0x90, 0xd9, 0x9d, 0xdd, 0x99,
  0x99, 0x99, 0x99, 0x90, 0xd9, 0x9d, 0xdd, 0xd9, 0x99, 0x99, 0x99, 0x90,
  0xd9, 0x9d, 0xdd, 0xd9, 0x99, 0x99, 0x99, 0x90, 0xd9, 0x9d, 0xdd, 0xd9,
  0x99, 0x99, 0x99, 0x90, 0xd9, 0xdd, 0xdd, 0xdd, 0x99, 0x99, 0x99, 0xd0,
  0xd9, 0xdd, 0xdd, 0xdd, 0x99, 0x99, 0x99, 0xd0, 0xd9, 0xdd, 0xdd, 0xdd,
  0xd9, 0x99, 0x99, 0xd0, 0xd9, 0xdd, 0xdd, 0xdd, 0xdd, 0x99, 0x9d, 0xd0,
  0xdd, 0xdd, 0xdd, 0xdd, 0xdd, 0x99, 0x9d, 0xd0, 0xdd, 0xdd, 0xdd, 0xdd,
  0xdd, 0x99, 0x9d, 0xd0, 0xfd, 0xdd, 0xdd, 0xdd, 0xd9, 0x99, 0x9d, 0xd0,
  0xfd, 0xdd, 0xdd, 0xdd, 0xd9, 0x99, 0x99, 0xd0, 0xf9, 0xdd, 0xdd, 0xdd,
  0xd9, 0x99, 0x99, 0x90, 0xf9, 0xdd, 0xdd, 0xdd, 0x99, 0x99, 0x99, 0x90,
  0xf9, 0xdd, 0xdd, 0xd9, 0x99, 0x99, 0x99, 0x90, 0xf9, 0xdd, 0xdd, 0xd9,
  0x99, 0x99, 0x99, 0x90, 0xf9, 0xdd, 0xfd, 0xd9, 0x99, 0x99, 0x99, 0x90,
  0xf9, 0xdf, 0xfd, 0x99, 0x99, 0x99, 0x99, 0x90, 0xf9, 0xdf, 0xff, 0x99,
  0x99, 0x99, 0x99, 0x90, 0xf9, 0xdf, 0xff, 0x99, 0x99, 0x99, 0x99, 0x90,
  0xfb, 0x9f, 0xff, 0xb9, 0x99, 0x99, 0x99, 0x90, 0xfb, 0x9b, 0xff, 0xb9,
  0x99, 0x99, 0x99, 0x90, 0xfb, 0x9b, 0xff, 0xb9, 0x99, 0x99, 0x99, 0x90,
  0xfb, 0x9b, 0xff, 0xb9, 0x99, 0x99, 0x99, 0x90, 0xfb, 0x9b, 0xfb, 0xbb,
  0x99, 0x99, 0x99, 0x90, 0xfb, 0x9b, 0xfb, 0xbb, 0x99, 0x99, 0x99, 0xb0,
  0xfb, 0xbb, 0xbb, 0xbb, 0xb9, 0x99, 0x9b, 0xb0, 0xfb, 0xbb, 0xbb, 0xbb,
  0xb9, 0x99, 0x9b, 0xb0, 0xfb, 0xbb, 0xbb, 0xbb, 0xbb, 0x99, 0x9b, 0xb0,
  0xfb, 0xbb, 0xbb, 0xbb, 0xbb, 0x99, 0xbb, 0xb0, 0xfb, 0xbb, 0xbb, 0xbb,
  0xbb, 0x99, 0xbb, 0xb0, 0xfb, 0xbb, 0xbb, 0xbb, 0xbb, 0x99, 0xbb, 0xb0,
  0xfb, 0xbb, 0xbb, 0xbb, 0xbb, 0x99, 0x9b, 0x90, 0xfb, 0xbb, 0xbb, 0xbb,
  0xb9, 0x99, 0x9b, 0x90, 0xfb, 0xbb, 0xbb, 0xbb, 0xb9, 0x99, 0x99, 0x90,
  0xfb, 0xbb, 0xbb, 0xbb, 0xb9, 0x99, 0x99, 0x90, 0xf9, 0xbf, 0xbb, 0xb9,
  0x99, 0x99, 0x99, 0x90, 0xf9, 0xbf, 0xfb, 0xb9, 0x99, 0x99, 0x99, 0x90,
  0xf9, 0xbf, 0xff, 0xb9, 0x99, 0x99, 0x99, 0x90, 0xf9, 0xbf, 0xff, 0xb9,
  0x99, 0x99, 0x99, 0x90, 0xff, 0x9f, 0xff, 0x99, 0x99, 0x99, 0x99, 0x90,
  0xff, 0x9f, 0xff, 0xd9, 0x99, 0x99, 0x99, 0x90, 0xff, 0x9f, 0xff, 0xd9,
  0x99, 0x99, 0x99, 0x90, 0xfd, 0x9d, 0xff, 0xd9, 0x99, 0x99, 0x99, 0x90,
  0xfd, 0x9d, 0xdd, 0xdd, 0x99, 0x99, 0x99, 0xd0, 0xfd, 0x9d, 0xdd, 0xdd,
  0x99, 0x99, 0x9d, 0xd0, 0xfd, 0xdd, 0xdd, 0xdd, 0x99, 0x99, 0x9d, 0xd0,
  0xfd, 0xdd, 0xdd, 0xdd, 0xd9, 0x99, 0x9d, 0xd0, 0xfd, 0xdd, 0xdd, 0xdd,
  0xd9, 0x99, 0x9d, 0xd0, 0xfd, 0xdd, 0xdd, 0xdd, 0xd9, 0x99, 0x9d, 0xd0,
  0xfd, 0xdd, 0xdd, 0xdd, 0xd9, 0x99, 0x9d, 0xd0, 0xfd, 0xdd, 0xdd, 0xdd,
  0xd9, 0x99, 0x9d, 0xd0, 0xfd, 0xdd, 0xdd, 0xdd, 0xd9, 0x99, 0x9d, 0xd0,
  0xfd, 0xdd, 0xdd, 0xdd, 0xd9, 0x99, 0x9d, 0x90, 0xfd, 0xdd, 0xdd, 0xdd,
  0xd9, 0x99, 0x99, 0x90, 0xfd, 0xdd, 0xdd, 0xdd, 0x99, 0x99, 0x99, 0x90,
  0xf9, 0xdd, 0xdd, 0xd9, 0x99, 0x99, 0x99, 0x90, 0xf9, 0xdf, 0xfd, 0xd9,
  0x99, 0x99, 0x99, 0x90, 0xf9, 0xdf, 0xff, 0xd9, 0x99, 0x99, 0x99, 0x90,
  0xfd, 0xdf, 0xff, 0xd9, 0x99, 0x99, 0x99, 0x90, 0xfd, 0xdf, 0xff, 0x99,
  0x99, 0x99, 0x99, 0x90, 0xff, 0x9f, 0xff, 0xb9, 0x99, 0x99, 0x99, 0x90,
  0xff, 0x9f, 0xff, 0xb9, 0x99, 0x99, 0x99, 0x90, 0xff, 0x9f, 0xff, 0xb9,
  0x99, 0x99, 0x99, 0x90, 0xfb, 0x9f, 0xff, 0xb9, 0x99, 0x99, 0x99, 0x90,
  0xf9, 0x9f, 0xff, 0xb9, 0x99, 0x99, 0x99, 0x90, 0xf9, 0x9d, 0xff, 0xb9,
  0x99, 0x99, 0x99, 0x90, 0xf9, 0x9d, 0xff, 0xf9, 0x99, 0x99, 0x99, 0x90,
  0xf9, 0x9d, 0xdd, 0xd9, 0x99, 0x99, 0x99, 0x90, 0xf9, 0x9d, 0xdd, 0xd9,
  0x99, 0x99, 0x99, 0x90, 0xf9, 0x9d, 0xdd, 0xd9, 0x99, 0x99, 0x99, 0x90,
  0xf9, 0x9d, 0xdd, 0xdd, 0x99, 0x99, 0x99, 0x90, 0xf9, 0xdd, 0xdd, 0xdd,
  0xdd, 0x99, 0x99, 0x90, 0xf9, 0xdd, 0xdd, 0xdd, 0xdd, 0xdd, 0xd9, 0x90,
  0xf9, 0xdd, 0xdd, 0xdd, 0xdd, 0xdd, 0xdd, 0x90, 0xdd, 0xdd, 0xdd, 0xdd,
  0xdd, 0xdd, 0xdc, 0xc0, 0xdd, 0xdd, 0xdd, 0xdd, 0xdd, 0xdd, 0xcc, 0xc0,
  0xdd, 0xdd, 0xdd, 0xdd, 0xdd, 0xdc, 0xcc, 0xc0, 0xdd, 0xdd, 0xdd, 0xdd,
  0xdd, 0xdc, 0xcc, 0xc0, 0xdc, 0xcd, 0xcc, 0xdd, 0xdd, 0xdc, 0xcc, 0xc0,
  0xdc, 0xcc, 0xcc, 0xcc, 0xcd, 0xdd, 0xcc, 0x80, 0xfc, 0xcc, 0xcc, 0xcc,
  0xcc, 0xdd, 0xcc, 0x80, 0xfd, 0xdc, 0xcc, 0xcc, 0xcc, 0xdd, 0xc8, 0x80,
  0xfd, 0xdc, 0xcc, 0xcc, 0xcc, 0xcd, 0xc8, 0x80, 0xff, 0xdd, 0xcc, 0xcc,
  0xcc, 0xcd, 0x99, 0x80, 0xff, 0xdd, 0xcc, 0xcc, 0xcc, 0xdd, 0x99, 0xd0,
  0xff, 0xdd, 0xdc, 0xcc, 0xcc, 0xdd, 0x99, 0xd0, 0xff, 0xdd, 0xdc, 0xcc,
  0xcc, 0xdd, 0x99, 0xd0, 0xff, 0xdd, 0xdc, 0xcc, 0xcc, 0xd9, 0x99, 0x90,
  0xff, 0xdd, 0xdd, 0xcc, 0xcd, 0xd9, 0x99, 0x90, 0xff, 0xdd, 0xdd, 0xcc,
  0xcd, 0xd9, 0x99, 0x90, 0xff, 0xdd, 0xdd, 0xcc, 0xcd, 0xd9, 0x99, 0x90,
  0xff, 0xdd, 0xdd, 0xdd, 0xdd, 0xd9, 0x99, 0x90, 0xff, 0xdd, 0xdd, 0xdd,
  0xdd, 0xd9, 0x99, 0x90, 0xff, 0xdd, 0xdd, 0xdd, 0xdd, 0xd9, 0x99, 0x90,
  0xff, 0xdd, 0xdd, 0xdd, 0xdd, 0xd9, 0x99, 0x90, 0xff, 0xdd, 0xdd, 0xdd,
  0xdd, 0xd9, 0x99, 0x90, 0xff, 0xdd, 0xdd, 0xdd, 0xdd, 0xd9, 0x99, 0x90,
  0xff, 0xdd, 0xdd, 0xdd, 0xdd, 0xd9, 0x99, 0x90, 0xff, 0xdd, 0xdd, 0xdd,
  0xdd, 0xd9, 0x99, 0x90, 0xff, 0xdd, 0xdd, 0xdd, 0xdd, 0xd9, 0x99, 0x90,
  0xff, 0xdd, 0xdd, 0xdd, 0xdd, 0xd9, 0x99, 0x90, 0xff, 0xdd, 0xdd, 0xdd,
  0xdd, 0xd9, 0x99, 0x90, 0xff, 0xdd, 0xdd, 0xdd, 0xdd, 0xd9, 0x99, 0x90,
  0xff, 0xdd, 0xdd, 0xdd, 0xdd, 0xd9, 0x99, 0x90, 0xff, 0xdd, 0xdd, 0xdd,
  0xdd, 0xd9, 0x99, 0x90, 0xff, 0xdd, 0xdd, 0xdd, 0xdd, 0xd9, 0x99, 0x90,
  0xff, 0xdd, 0xdd, 0xdd, 0xdd, 0xd9, 0x99, 0x90, 0xff, 0xdd, 0xdd, 0xdd,
  0xdd, 0xd9, 0x99, 0x90, 0xff, 0xdd, 0xdd, 0xdd, 0xdd, 0xd9, 0x99, 0x90,
  0xff, 0xdd, 0xdd, 0xdd, 0xdd, 0xd9, 0x99, 0x90, 0xfd, 0xdd, 0xdd, 0xdd,
  0xdd, 0xd9, 0x99, 0x90, 0xfd, 0xdd, 0xdd, 0xdd, 0xdd, 0xd9, 0x99, 0x90,
  0xfd, 0xdd, 0xdd, 0xdd, 0xcd, 0xd9, 0x99, 0x90, 0xfd, 0xdd, 0xdd, 0xdd,
  0xcd, 0xd9, 0x99, 0x90, 0xfd, 0xdd, 0xdd, 0xdc, 0xcd, 0xd9, 0x99, 0x90,
  0xfd, 0xdd, 0xdd, 0xcc, 0xcc, 0x99, 0xd9, 0x90, 0xfd, 0xdd, 0xdd, 0xcc,
  0xcc, 0x99, 0xd9, 0x90, 0xfd, 0xdd, 0xdd, 0xcc, 0xcc, 0x99, 0xd9, 0x90,
  0xfd, 0xdd, 0xdc, 0xcc, 0xcc, 0x99, 0xd9, 0x90, 0xfd, 0xdd, 0xdc, 0xcc,
  0xcc, 0xdd, 0xd9, 0x90, 0xfd, 0xdd, 0xdc, 0xcc, 0xcc, 0xdd, 0xd9, 0x80,
  0xfd, 0xdd, 0xcc, 0xcc, 0xcc, 0xdd, 0xd9, 0x80, 0xfd, 0xdd, 0xcc, 0xcc,
  0xcc, 0xdd, 0xdd, 0x80, 0xfd, 0xdd, 0xcc, 0xcc, 0xcc, 0xdd, 0xdd, 0xc0,
  0xfd, 0xdc, 0xcc, 0xcc, 0xcc, 0xcd, 0xdd, 0xc0, 0xfd, 0xdc, 0xcc, 0xcc,
  0xcc, 0xcd, 0xdd, 0xc0, 0xdd, 0xdc, 0xcc, 0xcc, 0xcc, 0xcd, 0xdd, 0xc0,
  0xdd, 0xcc, 0xcc, 0xcc, 0xcc, 0xcd, 0xdd, 0xc0, 0xdd, 0xcc, 0xcc, 0xcc,
  0xcc, 0xcd, 0xdd, 0xc0, 0xdd, 0xcc, 0xcc, 0xcc, 0xcc, 0xcd, 0xdd, 0xc0,
  0xdc, 0xcc, 0xcc, 0xcc, 0xcc, 0xcd, 0xdd, 0xc0, 0xdc, 0xcc, 0xcc, 0xcc,
  0xcc, 0xcd, 0xdd, 0xc0, 0xfc, 0xcc, 0xcc, 0xcc, 0xcc, 0xcd, 0xdd, 0xc0,
  0xfc, 0xcc, 0xcc, 0xcc, 0xcc, 0xcd, 0xdd, 0xc0, 0xfc, 0xcc, 0xcc, 0xcc,
  0xcc, 0xcd, 0xdd, 0xc0, 0xfc, 0xcc, 0xcc, 0xcc, 0xcc, 0xcd, 0xdd, 0xc0,
  0xfc, 0xcc, 0xcc, 0xcc, 0xcc, 0xcd, 0xdd, 0xc0, 0xfc, 0xcc, 0xcc, 0xcc,
  0xcc, 0xcd, 0xdd, 0xc0, 0xfc, 0xcc, 0xcc, 0xcc, 0xcc, 0xcd, 0xdd, 0xc0,
  0xfc, 0xcc, 0xcc, 0xcc, 0xcc, 0xcd, 0xdd, 0xc0, 0xfc, 0xcc, 0xcc, 0xcc,
  0xcc, 0xcd, 0xdd, 0xc0, 0xfd, 0xcc, 0xcc, 0xcc, 0xcc, 0xcd, 0xdd, 0xc0,
  0xfd, 0xcc, 0xcc, 0xcc, 0xcc, 0xcd, 0xdd, 0xc0, 0xfd, 0xcc, 0xcc, 0xcc,
  0xcc, 0xcd, 0xdd, 0xc0, 0xfd, 0xcc, 0xcc, 0xcc, 0xcc, 0xcd, 0xdd, 0xc0,
  0xfd, 0xcc, 0xcc, 0xcc, 0xcc, 0xcd, 0xdd, 0xc0, 0xfd, 0xcc, 0xcc, 0xcc,
  0xcc, 0xcd, 0xdd, 0xc0, 0xfd, 0xcc, 0xcc, 0xcc, 0xcc, 0xcd, 0xdd, 0xc0,
  0xfd, 0xcc, 0xcc, 0xcc, 0xcc, 0xcd, 0xdd, 0xc0, 0xdd, 0xcc, 0xcc, 0xcc,
  0xcc, 0xcd, 0xdd, 0xc0, 0xdd, 0xcc, 0xcc, 0xcc, 0xcc, 0xcd, 0xdd, 0xc0,
  0xdd, 0xdc, 0xcc, 0xcc, 0xcc, 0xcd, 0xdd, 0xc0, 0xdd, 0xdc, 0xcc, 0xcc,
  0xcc, 0xcd, 0xdd, 0xc0, 0xdd, 0xdc, 0xcc, 0xcc, 0xcc, 0xcd, 0xdd, 0xc0,
  0xdd, 0xdc, 0xcc, 0xcc, 0xcc, 0xcd, 0xdd, 0xc0, 0xdd, 0xdd, 0xcc, 0xcc,
  0xc8, 0xcd, 0xdd, 0xc0, 0xdd, 0xdd, 0xcc, 0xcc, 0xc8, 0xcd, 0xdd, 0xc0,
  0xdd, 0xdd, 0xcc, 0xcc, 0xc8, 0x8d, 0xdd, 0xc0, 0xdd, 0xdd, 0xdc, 0xcc,
  0xc8, 0x8d, 0xdd, 0xc0, 0xdd, 0xdd, 0xdc, 0xcc, 0xc8, 0x9d, 0xdd, 0x80,
  0xdd, 0xdd, 0xdd, 0xcc, 0xc8, 0x9d, 0xd9, 0x80, 0xdd, 0xdd, 0xdd, 0xcc,
  0xc8, 0x99, 0xd9, 0x80, 0xdd, 0xdd, 0xdd, 0xdc, 0xc8, 0x99, 0xd9, 0x80,
  0xdd, 0xdd, 0xdd, 0xdd, 0xc8, 0x99, 0x99, 0x90, 0xdd, 0xdd, 0xdd, 0xdd,
  0xcc, 0x99, 0x9d, 0x90, 0xdd, 0xdd, 0xdd, 0xdd, 0xcd, 0x99, 0x9d, 0x90,
  0xdd, 0xdd, 0xdd, 0xdd, 0xcd, 0x99, 0x9d, 0x90, 0xdd, 0xdd, 0xdd, 0xdc,
  0xdd, 0xd9, 0x99, 0xd0, 0xdd, 0xdd, 0xdd, 0xdc, 0xdd, 0xd9, 0x99, 0x90,
  0xdd, 0xdd, 0xdd, 0xdc, 0xdd, 0xdd, 0x99, 0x90, 0x9d, 0xdd, 0xdd, 0xdd,
  0xdd, 0xdd, 0xd9, 0x90, 0x99, 0xdd, 0xdd, 0xdd, 0xdd, 0xdd, 0xcc, 0x80,
  0x99, 0xdd, 0x99, 0xdd, 0xdd, 0xdc, 0xcc, 0xc0, 0x99, 0x9d, 0x99, 0xdd,
  0xdd, 0xdc, 0xcc, 0xc0, 0xd9, 0x9d, 0x99, 0xdd, 0xdd, 0xdc, 0xcc, 0xc0,
  0xf9, 0x9d, 0xdd, 0xdd, 0xdd, 0xdc, 0xcc, 0xc0, 0xf9, 0x9d, 0xdd, 0xdd,
  0xdd, 0xdc, 0xcc, 0xc0, 0xfd, 0x9d, 0xdd, 0xdd, 0xdc, 0xcc, 0xcc, 0xc0,
  0xfd, 0xdd, 0xdd, 0xdd, 0xcc, 0xcc, 0xcc, 0xc0, 0xff, 0xdd, 0xcc, 0xcc,
  0xcc, 0xcc, 0xee, 0xe0, 0xff, 0xdc, 0xcc, 0xcc, 0xcc, 0xcc, 0xee, 0xe0,
  0xff, 0xdc, 0xcc, 0xcc, 0xcc, 0xce, 0xee, 0xe0, 0xff, 0xfe, 0xcc, 0xcc,
  0xcc, 0xce, 0xee, 0xe0, 0xff, 0xee, 0xcc, 0xce, 0xee, 0xee, 0xee, 0xe0,
  0xfe, 0xee, 0xee, 0xee, 0xee, 0xee, 0xee, 0xe0, 0xfe, 0xee, 0xee, 0xee,
  0xee, 0xee, 0xee, 0xe0, 0xfe, 0xee, 0xee, 0xee, 0xee, 0xee, 0xee, 0xe0,
  0xfe, 0xee, 0xee, 0xee, 0xee, 0xee, 0xee, 0xe0, 0xff, 0xee, 0xee, 0xee,
  0xee, 0xee, 0xec, 0xc0, 0xff, 0xfe, 0xfe, 0xff, 0xee, 0xcc, 0x88, 0x80,
  0xff, 0xff, 0xfe, 0xef, 0xa8, 0x88, 0x88, 0x80, 0xbf, 0xfb, 0x98, 0x88,
  0x8a, 0xae, 0xee, 0xe0, 0xff, 0xd9, 0x99, 0x98, 0x88, 0xee, 0xee, 0xe0,
  0xff, 0xff, 0xf9, 0x99, 0x99, 0x8c, 0xce, 0xe0, 0xff, 0xff, 0xff, 0xfd,
  0xdd, 0xdd, 0xdc, 0xc0, 0xff, 0xff, 0xff, 0xff, 0xff, 0xff, 0xff, 0xf0,
  0xff, 0xff, 0xff, 0xff, 0xff, 0xff, 0xff, 0xf0, 0xff, 0xff, 0xff, 0xff,
  0xff, 0xff, 0xff, 0xf0, 0xff, 0xff, 0xff, 0xff, 0xff, 0xff, 0xff, 0xf0,
  0xbf, 0xff, 0xff, 0xff, 0xff, 0xff, 0xff, 0xf0, 0xbb, 0xff, 0xff, 0xff,
  0xff, 0xff, 0xff, 0xf0, 0xfb, 0xbf, 0xff, 0xff, 0xff, 0xff, 0xff, 0xf0,
  0xfb, 0xbf, 0xff, 0xff, 0xff, 0xff, 0xff, 0xf0, 0xff, 0xfb, 0xbf, 0xff,
  0xff, 0xff, 0xff, 0xf0, 0xff, 0xff, 0x9f, 0xff, 0xff, 0xff, 0xff, 0xf0,
  0xff, 0xff, 0xdd, 0xff, 0xff, 0xff, 0xff, 0xf0, 0xff, 0xff, 0xdd, 0xff,
  0xff, 0xff, 0xff, 0xf0, 0xff, 0xff, 0xfd, 0xdd, 0xff, 0xff, 0xff, 0xf0,
  0xff, 0xff, 0xff, 0xdd, 0xff, 0xff, 0xff, 0xf0, 0xff, 0xff, 0xff, 0xdd,
  0xdf, 0xff, 0xff, 0xf0, 0xff, 0xff, 0xff, 0xdd, 0xdd, 0xff, 0xff, 0xf0,
  0xff, 0xff, 0xff, 0xfd, 0xdd, 0xff, 0xff, 0xf0, 0xff, 0xff, 0xff, 0xfd,
  0xdd, 0xdf, 0xff, 0xf0, 0xff, 0xff, 0xff, 0xfd, 0xdd, 0xdf, 0xff, 0xf0,
  0xff, 0xff, 0xff, 0xff, 0xdd, 0xdd, 0xff, 0xf0, 0xff, 0xff, 0xff, 0xff,
  0xdd, 0xdd, 0xff, 0xf0, 0xff, 0xff, 0xff, 0xff, 0xfd, 0xdd, 0xff, 0xf0,
  0xff, 0xff, 0xff, 0xff, 0xfd, 0xdd, 0xdf, 0xf0, 0xff, 0xff, 0xff, 0xff,
  0xfd, 0xdd, 0xdf, 0xf0, 0xff, 0xff, 0xff, 0xff, 0xfd, 0xdd, 0xdf, 0xf0,
  0xff, 0xff, 0xff, 0xff, 0xdd, 0xdd, 0xff, 0xf0, 0xff, 0xff, 0xff, 0xff,
  0xdd, 0xdd, 0xff, 0xf0, 0xff, 0xff, 0xff, 0xff, 0xdd, 0xdd, 0xff, 0xf0,
  0xff, 0xff, 0xff, 0xfd, 0xdd, 0xdd, 0xff, 0xf0, 0xff, 0xff, 0xff, 0xfd,
  0xdd, 0xdf, 0xff, 0xf0, 0xff, 0xff, 0xff, 0xfd, 0xdd, 0xdf, 0xff, 0xf0,
  0xff, 0xff, 0xff, 0xdd, 0xdd, 0xff, 0xff, 0xf0, 0xff, 0xff, 0xff, 0xdd,
  0xdd, 0xff, 0xff, 0xf0, 0xff, 0xff, 0xfd, 0xdd, 0xdf, 0xff, 0xff, 0xf0,
  0xff, 0xff, 0xfd, 0x9d, 0xdf, 0xff, 0xff, 0xf0, 0xff, 0xff, 0xfd, 0x9d,
  0xdf, 0xff, 0xff, 0xf0, 0xff, 0xff, 0xdd, 0x99, 0xff, 0xff, 0xff, 0xf0,
  0xff, 0xff, 0xdd, 0xdd, 0xff, 0xff, 0xff, 0xf0, 0xff, 0xff, 0xd9, 0xdd,
  0xff, 0xff, 0xff, 0xf0, 0xff, 0xff, 0xd9, 0x9d, 0xff, 0xff, 0xff, 0xf0,
  0xff, 0xff, 0xd9, 0x9d, 0xff, 0xff, 0xff, 0xf0, 0xff, 0xff, 0xd9, 0x99,
  0xff, 0xff, 0xff, 0xf0, 0xff, 0xff, 0xd9, 0x9d, 0xdf, 0xff, 0xff, 0xf0,
  0xff, 0xff, 0xdd, 0x9d, 0xdf, 0xff, 0xff, 0xf0, 0xff, 0xff, 0xfd, 0xdd,
  0xdf, 0xff, 0xff, 0xf0, 0xff, 0xff, 0xfd, 0xdd, 0xdf, 0xff, 0xff, 0xf0,
  0xff, 0xff, 0xfd, 0xdd, 0xdf, 0xff, 0xff, 0xf0, 0xff, 0xff, 0xfd, 0xdd,
  0xdf, 0xff, 0xff, 0xf0, 0xff, 0xff, 0xfd, 0xdd, 0xdd, 0xff, 0xff, 0xf0,
  0xff, 0xff, 0xfd, 0xdd, 0xdd, 0xff, 0xff, 0xf0, 0xff, 0xff, 0xfd, 0xdd,
  0xdd, 0xff, 0xff, 0xf0, 0xff, 0xff, 0xfd, 0xdd, 0xdd, 0xff, 0xff, 0xf0,
  0xff, 0xff, 0xfd, 0xdd, 0xdd, 0xdf, 0xff, 0xf0, 0xff, 0xff, 0xfd, 0xdd,
  0xdd, 0xdf, 0xff, 0xf0, 0xff, 0xff, 0xff, 0xdd, 0xdd, 0xdf, 0xff, 0xf0,
  0xff, 0xff, 0xff, 0xdd, 0xdd, 0xdf, 0xff, 0xf0, 0xff, 0xff, 0xff, 0xdd,
  0xdd, 0xdf, 0xff, 0xf0, 0xff, 0xff, 0xff, 0xdd, 0xdd, 0xdf, 0xff, 0xf0,
  0xff, 0xff, 0xff, 0xdd, 0xdd, 0xdf, 0xff, 0xf0, 0xff, 0xff, 0xff, 0xdd,
  0xdd, 0xdf, 0xff, 0xf0, 0xff, 0xff, 0xff, 0xdd, 0xdd, 0xdf, 0xff, 0xf0,
  0xff, 0xff, 0xff, 0xdd, 0xdd, 0xdf, 0xff, 0xf0, 0xcf, 0xff, 0xff, 0xdd,
  0xdd, 0xdf, 0xff, 0xf0, 0x0c, 0xff, 0xff, 0xdd, 0xdd, 0xdf, 0xff, 0xf0,
  0x8c, 0xcc, 0xee, 0xcc, 0xcd, 0xdf, 0xff, 0xf0, 0x33, 0x31, 0x10, 0x26,
  0x62, 0x20, 0x00, 0x00, 0x33, 0x31, 0x10, 0x26, 0x62, 0x20, 0x00, 0x00,
  0x33, 0x31, 0x10, 0x26, 0x62, 0x20, 0x00, 0x00, 0x33, 0x31, 0x10, 0x26,
  0x62, 0x20, 0x00, 0x00, 0x33, 0x31, 0x10, 0x26, 0x62, 0x20, 0x00, 0x00,
  0x33, 0x31, 0x10, 0x26, 0x62, 0x20, 0x00, 0x00, 0x33, 0x31, 0x10, 0x26,
  0x62, 0x20, 0x00, 0x00, 0x33, 0x31, 0x10, 0x26, 0x62, 0x20, 0x00, 0x00,
  0x33, 0x31, 0x10, 0x26, 0x62, 0x20, 0x00, 0x00, 0x33, 0x31, 0x10, 0x26,
  0x62, 0x20, 0x00, 0x00, 0x33, 0x31, 0x10, 0x26, 0x62, 0x20, 0x00, 0x00,
  0xf7, 0x73, 0x76, 0x66, 0x66, 0x00, 0x00, 0x00, 0xff, 0x77, 0x6e, 0xec,
  0xcc, 0x00, 0x00, 0x00, 0xff, 0xf7, 0x7e, 0xe8, 0x88, 0x80, 0x00, 0x00,
  0xff, 0xff, 0xff, 0xfa, 0x88, 0x80, 0x00, 0x00, 0xcc, 0xcf, 0xff, 0xff,
  0xf1, 0x00, 0x00, 0x00, 0xcc, 0xcc, 0xdf, 0xff, 0xff, 0x10, 0x00, 0x00,
  0x08, 0x88, 0xcd, 0xff, 0xff, 0xf5, 0x00, 0x00, 0x00, 0x88, 0x8c, 0xff,
  0xff, 0xff, 0xd0, 0x00, 0x00, 0x08, 0x88, 0x8a, 0xff, 0xff, 0xfb, 0x00,
  0x00, 0x08, 0x88, 0x8e, 0xef, 0xff, 0xfa, 0x00, 0x00, 0x08, 0x88, 0x8e,
  0xef, 0xff, 0xfb, 0x00, 0x00, 0x88, 0x88, 0x8e, 0xff, 0xff, 0xfb, 0x00,
  0x08, 0x88, 0x88, 0xcc, 0xff, 0xff, 0xff, 0x90, 0x88, 0x88, 0x88, 0xcc,
  0xdf, 0xff, 0xff, 0xd0, 0x8c, 0xcc, 0xcc, 0xce, 0xcf, 0xff, 0xff, 0xf0,
  0xcc, 0xcc, 0xcc, 0xcc, 0xef, 0xff, 0xff, 0xf0, 0xe6, 0x64, 0x4e, 0xee,
  0xe7, 0x7f, 0xff, 0x70, 0x77, 0x66, 0xee, 0xee, 0x67, 0x77, 0xff, 0xf0,
  0x77, 0x62, 0xee, 0xf7, 0x77, 0x33, 0x7f, 0xf0, 0x77, 0x33, 0x76, 0x67,
  0x73, 0x33, 0x37, 0xf0, 0x33, 0x33, 0x37, 0x73, 0x33, 0x33, 0x33, 0x70,
  0x73, 0x33, 0x37, 0x73, 0x33, 0x33, 0x33, 0x30, 0x73, 0x33, 0x33, 0x73,
  0x33, 0x31, 0x13, 0x30, 0x73, 0x33, 0x13, 0x33, 0x33, 0x31, 0x11, 0x30,
  0x33, 0x33, 0x11, 0x33, 0x33, 0x33, 0x11, 0x10, 0x33, 0x33, 0x11, 0x33,
  0x33, 0x33, 0x11, 0x10, 0x73, 0x33, 0x31, 0x33, 0x33, 0x33, 0x11, 0x10,
  0x73, 0x33, 0x31, 0x13, 0x33, 0x33, 0x11, 0x10, 0x77, 0x33, 0x33, 0x13,
  0x33, 0x33, 0x31, 0x10, 0x77, 0x33, 0x33, 0x33, 0x33, 0x33, 0x33, 0x10,
  0x77, 0x33, 0x33, 0x33, 0x33, 0x33, 0x33, 0x10, 0x77, 0x33, 0x33, 0x33,
  0x33, 0x33, 0x33, 0x30, 0x77, 0x33, 0x33, 0x33, 0x33, 0x33, 0x33, 0x30,
  0x77, 0x33, 0x33, 0x33, 0x33, 0x33, 0x33, 0x30, 0x77, 0x33, 0x33, 0x33,
  0x33, 0x33, 0x33, 0x30, 0x77, 0x33, 0x33, 0x33, 0x33, 0x33, 0x33, 0x30,
  0x77, 0x33, 0x33, 0x33, 0x33, 0x33, 0x33, 0x30, 0x77, 0x33, 0x33, 0x33,
  0x33, 0x33, 0x33, 0x30, 0x77, 0x73, 0x33, 0x33, 0x33, 0x33, 0x33, 0x30,
  0x77, 0x73, 0x33, 0x33, 0x33, 0x33, 0x33, 0x30, 0x77, 0x73, 0x33, 0x33,
  0x33, 0x33, 0x33, 0x30, 0x77, 0x77, 0x33, 0x33, 0x33, 0x33, 0x33, 0x30,
  0x77, 0x77, 0x73, 0x33, 0x33, 0x33, 0x33, 0x30, 0x77, 0x77, 0x73, 0x33,
  0x33, 0x33, 0x33, 0x30, 0x77, 0x76, 0x77, 0x33, 0x33, 0x33, 0x33, 0x30,
  0x37, 0x76, 0x77, 0x33, 0x33, 0x33, 0x33, 0x30, 0x37, 0x76, 0x77, 0x33,
  0x33, 0x33, 0x33, 0x30, 0x23, 0x76, 0x67, 0x73, 0x33, 0x33, 0x33, 0x30,
  0x03, 0x36, 0x67, 0x33, 0x33, 0x33, 0x33, 0x30, 0x02, 0x36, 0x67, 0x33,
  0x33, 0x33, 0x33, 0x30, 0x02, 0x37, 0x67, 0x33, 0x33, 0x33, 0x33, 0x30,
  0x02, 0x36, 0x67, 0x33, 0x33, 0x33, 0x33, 0x30, 0x00, 0x26, 0x67, 0x33,
  0x33, 0x23, 0x33, 0x30, 0x00, 0x26, 0x62, 0x33, 0x33, 0x23, 0x33, 0x30,
  0x00, 0x26, 0x62, 0x33, 0x32, 0x33, 0x33, 0x30, 0x00, 0x26, 0x62, 0x23,
  0x32, 0x33, 0x33, 0x30, 0x00, 0x02, 0x62, 0x23, 0x22, 0x33, 0x3f, 0xf0,
  0x00, 0x02, 0x62, 0x22, 0x22, 0x23, 0x3f, 0x30, 0x00, 0x02, 0x62, 0x22,
  0x22, 0x33, 0xff, 0x30, 0x00, 0x02, 0x62, 0x22, 0x22, 0x3b, 0xf3, 0x10,
  0x00, 0x02, 0x22, 0x22, 0x22, 0x3f, 0x31, 0x00, 0x00, 0x02, 0x22, 0x22,
  0x22, 0xb7, 0x30, 0x00, 0x00, 0x02, 0x22, 0x22, 0x23, 0xf3, 0x10, 0x00,
  0x00, 0x02, 0x22, 0x22, 0x23, 0x73, 0x00, 0x00, 0x00, 0x00, 0x22, 0x22,
  0x27, 0x31, 0x00, 0x00, 0x00, 0x00, 0x22, 0x22, 0x27, 0x30, 0x00, 0x00,
  0x00, 0x00, 0x22, 0x22, 0x27, 0x30, 0x00, 0x00, 0x00, 0x00, 0x22, 0x22,
  0x37, 0x10, 0x00, 0x00, 0x00, 0x00, 0x02, 0x02, 0x73, 0x00, 0x00, 0x00,
  0x00, 0x00, 0x02, 0x02, 0x73, 0x00, 0x00, 0x00, 0x00, 0x00, 0x02, 0x02,
  0x73, 0x00, 0x00, 0x00, 0x00, 0x00, 0x02, 0x02, 0x70, 0x00, 0x00, 0x00,
  0x00, 0x00, 0x00, 0x02, 0x20, 0x00, 0x00, 0x00, 0x00, 0x00, 0x00, 0x02,
  0x20, 0x00, 0x00, 0x00, 0x00, 0x00, 0x00, 0x02, 0x20, 0x00, 0x00, 0x00,
  0x00, 0x00, 0x00, 0x02, 0x00, 0x00, 0x00, 0x00, 0x00, 0x00, 0x00, 0x22,
  0x00, 0x00, 0x00, 0x00, 0x00, 0x00, 0x00, 0x22, 0x00, 0x00, 0x00, 0x00,
  0x00, 0x00, 0x00, 0x22, 0x00, 0x00, 0x00, 0x00, 0x00, 0x00, 0x00, 0x22,
  0x00, 0x00, 0x00, 0x00, 0x00, 0x00, 0x00, 0x22, 0x00, 0x00, 0x00, 0x00,
  0x00, 0x00, 0x00, 0x22, 0x00, 0x00, 0x00, 0x00, 0x00, 0x00, 0x00, 0x22,
  0x00, 0x00, 0x00, 0x00, 0x00, 0x00, 0x00, 0x22, 0x00, 0x00, 0x00, 0x00,
  0x00, 0x00, 0x00, 0x22, 0x00, 0x00, 0x00, 0x00, 0x00, 0x00, 0x00, 0x22,
  0x00, 0x00, 0x00, 0x00, 0x00, 0x00, 0x00, 0x22, 0x00, 0x00, 0x00, 0x00,
  0x00, 0x00, 0x00, 0x22, 0x00, 0x00, 0x00, 0x00, 0x00, 0x00, 0x00, 0x22,
  0x00, 0x00, 0x00, 0x00, 0x00, 0x00, 0x00, 0x22, 0x00, 0x00, 0x00, 0x00,
  0x00, 0x00, 0x00, 0x22, 0x00, 0x00, 0x00, 0x00, 0x00, 0x00, 0x00, 0x22,
  0x00, 0x00, 0x00, 0x00, 0x00, 0x00, 0x00, 0x22, 0x00, 0x00, 0x00, 0x00,
  0x00, 0x00, 0x00, 0x22, 0x00, 0x00, 0x00, 0x00, 0x00, 0x00, 0x00, 0x20,
  0x00, 0x00, 0x00, 0x00, 0x00, 0x00, 0x00, 0x20, 0x00, 0x00, 0x00, 0x00,
  0x00, 0x00, 0x00, 0x20, 0x00, 0x00, 0x00, 0x00, 0x00, 0x00, 0x00, 0x20,
  0x00, 0x00, 0x00, 0x00, 0x00, 0x00, 0x00, 0x20, 0x00, 0x00, 0x00, 0x00,
  0x00, 0x00, 0x00, 0x20, 0x00, 0x00, 0x00, 0x00, 0x00, 0x00, 0x00, 0x20,
  0x00, 0x00, 0x00, 0x00, 0x00, 0x00, 0x00, 0x20, 0x00, 0x00, 0x00, 0x00,
  0x00, 0x00, 0x00, 0x20, 0x00, 0x00, 0x00, 0x00, 0x00, 0x00, 0x00, 0x20,
  0x00, 0x00, 0x00, 0x00, 0x00, 0x00, 0x00, 0x20, 0x00, 0x00, 0x00, 0x00,
  0x00, 0x00, 0x00, 0x20, 0x00, 0x00, 0x00, 0x00, 0x00, 0x00, 0x00, 0x20,
  0x00, 0x00, 0x00, 0x00, 0x00, 0x00, 0x00, 0x20, 0x00, 0x00, 0x00, 0x00,
  0x00, 0x00, 0x00, 0x20, 0x00, 0x00, 0x00, 0x00, 0x00, 0x00, 0x00, 0x22,
  0x00, 0x00, 0x00, 0x00, 0x00, 0x00, 0x00, 0x22, 0x00, 0x00, 0x00, 0x00,
  0x00, 0x00, 0x00, 0x22, 0x00, 0x00, 0x00, 0x00, 0x00, 0x00, 0x00, 0x22,
  0x00, 0x00, 0x00, 0x00, 0x00, 0x00, 0x00, 0x22, 0x00, 0x00, 0x00, 0x00,
  0x00, 0x00, 0x00, 0x22, 0x00, 0x00, 0x00, 0x00, 0x00, 0x00, 0x00, 0x22,
  0x00, 0x00, 0x00, 0x00, 0x00, 0x00, 0x00, 0x22, 0x00, 0x00, 0x00, 0x00,
  0x00, 0x00, 0x00, 0x02, 0x00, 0x00, 0x00, 0x00, 0x00, 0x00, 0x00, 0x02,
  0x00, 0x00, 0x00, 0x00, 0x00, 0x00, 0x00, 0x02, 0x00, 0x00, 0x00, 0x00,
  0x00, 0x00, 0x00, 0x02, 0x00, 0x00, 0x00, 0x00, 0x00, 0x00, 0x00, 0x02,
  0x00, 0x00, 0x00, 0x00, 0x00, 0x00, 0x00, 0x02, 0x00, 0x00, 0x00, 0x00,
  0x00, 0x00, 0x00, 0x02, 0x00, 0x00, 0x00, 0x00, 0x00, 0x00, 0x00, 0x02,
  0x00, 0x00, 0x00, 0x00, 0x00, 0x00, 0x00, 0x02, 0x00, 0x00, 0x00, 0x00,
  0x00, 0x00, 0x00, 0x02, 0x00, 0x00, 0x00, 0x00, 0x00, 0x00, 0x00, 0x02,
  0x00, 0x00, 0x00, 0x00, 0x00, 0x00, 0x00, 0x02, 0x00, 0x00, 0x00, 0x00,
  0x00, 0x00, 0x00, 0x02, 0x00, 0x00, 0x00, 0x00, 0x00, 0x00, 0x00, 0x02,
  0x00, 0x00, 0x00, 0x00, 0x00, 0x00, 0x00, 0x02, 0x00, 0x00, 0x00, 0x00,
  0x00, 0x00, 0x00, 0x22, 0x00, 0x00, 0x00, 0x00, 0x00, 0x00, 0x00, 0x22,
  0x00, 0x00, 0x00, 0x00, 0x00, 0x00, 0x00, 0x22, 0x00, 0x00, 0x00, 0x00,
  0x00, 0x00, 0x00, 0x22, 0x00, 0x00, 0x00, 0x00, 0x00, 0x00, 0x00, 0x22,
  0x00, 0x00, 0x00, 0x00, 0x00, 0x00, 0x00, 0x22, 0x00, 0x00, 0x00, 0x00,
  0x00, 0x00, 0x00, 0x22, 0x00, 0x00, 0x00, 0x00, 0x00, 0x00, 0x00, 0x22,
  0x00, 0x00, 0x00, 0x00, 0x00, 0x00, 0x00, 0x20, 0x00, 0x00, 0x00, 0x00,
  0x00, 0x00, 0x00, 0x20, 0x00, 0x00, 0x00, 0x00, 0x00, 0x00, 0x00, 0x20,
  0x00, 0x00, 0x00, 0x00, 0x00, 0x00, 0x00, 0x20, 0x00, 0x00, 0x00, 0x00,
  0x00, 0x00, 0x00, 0x20, 0x00, 0x00, 0x00, 0x00, 0x00, 0x00, 0x00, 0x20,
  0x00, 0x00, 0x00, 0x00, 0x00, 0x00, 0x00, 0x20, 0x00, 0x00, 0x00, 0x00,
  0x00, 0x00, 0x00, 0x20, 0x00, 0x00, 0x00, 0x00, 0x00, 0x00, 0x00, 0x30,
  0x00, 0x00, 0x00, 0x00, 0x00, 0x02, 0x00, 0x31, 0x00, 0x00, 0x00, 0x00,
  0x00, 0x02, 0x00, 0x31, 0x00, 0x00, 0x00, 0x00, 0x00, 0x02, 0x00, 0x31,
  0x00, 0x00, 0x00, 0x00, 0x00, 0x02, 0x00, 0x33, 0x00, 0x00, 0x00, 0x00,
  0x00, 0x02, 0x00, 0x33, 0x00, 0x00, 0x00, 0x00, 0x00, 0x02, 0x00, 0x13,
  0x00, 0x00, 0x00, 0x00, 0x00, 0x02, 0x00, 0x13, 0x00, 0x00, 0x00, 0x00,
  0x00, 0x00, 0x00, 0x13, 0x10, 0x00, 0x00, 0x00, 0x00, 0x00, 0x00, 0x13,
  0x10, 0x00, 0x00, 0x00, 0x00, 0x00, 0x00, 0x13, 0x10, 0x00, 0x00, 0x00,
  0x00, 0x00, 0x00, 0x13, 0x10, 0x00, 0x00, 0x00, 0x00, 0x00, 0x00, 0x01,
  0x10, 0x00, 0x00, 0x00, 0x00, 0x00, 0x00, 0x01, 0x30, 0x00, 0x00, 0x00,
  0x00, 0x00, 0x00, 0x01, 0x30, 0x00, 0x88, 0x80, 0x00, 0x00, 0x00, 0x03,
  0x30, 0x00, 0x88, 0x80, 0x00, 0x00, 0x00, 0x02, 0x30, 0x08, 0x88, 0x80,
  0x00, 0x00, 0x00, 0x02, 0x30, 0x08, 0x88, 0x80, 0x00, 0x00, 0x00, 0x02,
  0x20, 0x08, 0xcc, 0xc0, 0x00, 0x00, 0x00, 0x02, 0x20, 0x08, 0xcc, 0xc0,
  0x00, 0x00, 0x00, 0x02, 0x20, 0x08, 0xcc, 0xc0, 0x00, 0x00, 0x00, 0x02,
  0x20, 0x08, 0xcc, 0xc0, 0x00, 0x00, 0x00, 0x02, 0x20, 0x08, 0xcc, 0xc0,
  0x00, 0x00, 0x00, 0x02, 0x20, 0x08, 0xcc, 0xc0, 0x00, 0x00, 0x00, 0x02,
  0x20, 0x08, 0xcc, 0xc0, 0x00, 0x00, 0x00, 0x02, 0x20, 0x08, 0xcc, 0xc0,
  0x00, 0x00, 0x00, 0x02, 0x20, 0x08, 0xcc, 0xc0, 0x00, 0x00, 0x00, 0x02,
  0x20, 0x08, 0xcc, 0xc0, 0x00, 0x00, 0x00, 0x02, 0x00, 0x08, 0xcc, 0xc0,
  0x00, 0x00, 0x00, 0x02, 0x00, 0x08, 0xcc, 0xc0, 0x00, 0x00, 0x00, 0x02,
  0x00, 0x08, 0xcc, 0xc0, 0x00, 0x00, 0x00, 0x02, 0x00, 0x08, 0xcc, 0xc0,
  0x00, 0x00, 0x00, 0x02, 0x00, 0x08, 0xcc, 0xc0, 0x00, 0x00, 0x00, 0x02,
  0x00, 0x08, 0xcc, 0xc0, 0x00, 0x00, 0x00, 0x02, 0x00, 0x08, 0xcc, 0xc0,
  0x00, 0x00, 0x00, 0x02, 0x00, 0x08, 0xcc, 0xc0, 0x00, 0x00, 0x00, 0x22,
  0x00, 0x08, 0xcc, 0xc0, 0x00, 0x00, 0x00, 0x22, 0x00, 0x08, 0xcc, 0xc0,
  0x00, 0x00, 0x00, 0x22, 0x00, 0x08, 0xcc, 0xc0, 0x00, 0x00, 0x00, 0x22,
  0x00, 0x08, 0xcc, 0xc0, 0x00, 0x00, 0x00, 0x22, 0x00, 0x08, 0xcc, 0xc0,
  0x00, 0x00, 0x00, 0x22, 0x00, 0x08, 0xcc, 0xc0, 0x00, 0x00, 0x00, 0x22,
  0x00, 0x08, 0xcc, 0xc0, 0x00, 0x00, 0x00, 0x22, 0x00, 0x08, 0xcc, 0xc0,
  0x00, 0x00, 0x00, 0x02, 0x00, 0x08, 0xcc, 0xc0, 0x00, 0x00, 0x00, 0x02,
  0x00, 0x08, 0xcc, 0xc0, 0x00, 0x00, 0x00, 0x02, 0x00, 0x08, 0xcc, 0xc0,
  0x00, 0x00, 0x00, 0x02, 0x00, 0x08, 0xcc, 0xc0, 0x00, 0x00, 0x00, 0x02,
  0x00, 0x08, 0xcc, 0xc0, 0x00, 0x00, 0x00, 0x02, 0x00, 0x08, 0xcc, 0xc0,
  0x00, 0x00, 0x00, 0x02, 0x20, 0x08, 0xcc, 0xc0, 0x00, 0x00, 0x00, 0x02,
  0x20, 0x08, 0xcc, 0xc0, 0x00, 0x00, 0x00, 0x02, 0x20, 0x08, 0xcc, 0xc0,
  0x00, 0x00, 0x00, 0x02, 0x20, 0x08, 0xcc, 0xc0, 0x00, 0x00, 0x00, 0x02,
  0x20, 0x08, 0xcc, 0xc0, 0x00, 0x00, 0x00, 0x02, 0x20, 0x08, 0xcc, 0xc0,
  0x00, 0x00, 0x00, 0x02, 0x20, 0x08, 0xcc, 0xc0, 0x00, 0x00, 0x00, 0x02,
  0x20, 0x08, 0xcc, 0xc0, 0x00, 0x00, 0x00, 0x02, 0x20, 0x88, 0xcc, 0xc0,
  0x00, 0x00, 0x00, 0x02, 0x20, 0x88, 0xcc, 0xc0, 0x00, 0x00, 0x00, 0x02,
  0x20, 0x88, 0xcc, 0xc0, 0x00, 0x00, 0x00, 0x02, 0x20, 0x88, 0xcc, 0xc0,
  0x00, 0x00, 0x00, 0x02, 0x20, 0x88, 0xcc, 0xc0, 0x00, 0x00, 0x00, 0x02,
  0x20, 0x88, 0xcc, 0xc0, 0x00, 0x00, 0x00, 0x02, 0x20, 0x88, 0xcc, 0xc0,
  0x00, 0x00, 0x00, 0x02, 0x20, 0x88, 0xcc, 0xc0, 0x00, 0x00, 0x00, 0x02,
  0x20, 0x88, 0xcc, 0xc0, 0x00, 0x00, 0x00, 0x02, 0x20, 0x88, 0xcc, 0xc0,
  0x00, 0x00, 0x00, 0x02, 0x20, 0x88, 0xcc, 0xc0, 0x00, 0x00, 0x00, 0x02,
  0x20, 0x88, 0xcc, 0xc0, 0x00, 0x00, 0x00, 0x02, 0x20, 0x88, 0xcc, 0xc0,
  0x00, 0x00, 0x00, 0x02, 0x20, 0x88, 0xcc, 0xc0, 0x00, 0x00, 0x00, 0x02,
  0x00, 0x88, 0xcc, 0xc0, 0x00, 0x00, 0x00, 0x02, 0x00, 0x88, 0xcc, 0xc0,
  0x00, 0x00, 0x00, 0x02, 0x00, 0x88, 0xcc, 0xc0, 0x00, 0x00, 0x00, 0x02,
  0x00, 0x88, 0xcc, 0xc0, 0x00, 0x00, 0x00, 0x02, 0x00, 0x8c, 0xcc, 0xc0,
  0x00, 0x00, 0x00, 0x22, 0x00, 0x8c, 0xcc, 0xc0, 0x00, 0x00, 0x00, 0x22,
  0x00, 0x8c, 0xcc, 0xc0, 0x00, 0x00, 0x00, 0x22, 0x00, 0x8c, 0xcc, 0xc0,
  0x00, 0x00, 0x00, 0x22, 0x00, 0x8c, 0xcc, 0xc0, 0x00, 0x00, 0x00, 0x22,
  0x00, 0x88, 0xcc, 0xc0, 0x00, 0x00, 0x00, 0x22, 0x00, 0x88, 0xcc, 0xc0,
  0x00, 0x00, 0x00, 0x22, 0x00, 0x88, 0xcc, 0xc0, 0x00, 0x00, 0x00, 0x22,
  0x20, 0x08, 0x8c, 0xc0, 0x00, 0x00, 0x00, 0x22, 0x20, 0x08, 0x8c, 0xc0,
  0x00, 0x00, 0x00, 0x23, 0x30, 0x00, 0x88, 0xc0, 0x00, 0x00, 0x00, 0x23,
  0x30, 0x00, 0x88, 0xc0, 0x00, 0x02, 0x02, 0x13, 0x31, 0x00, 0x00, 0x00,
  0x00, 0x02, 0x02, 0x11, 0x31, 0x00, 0x00, 0x00, 0x00, 0x02, 0x02, 0x11,
  0x31, 0x10, 0x00, 0x00, 0x00, 0x02, 0x02, 0x11, 0x13, 0x10, 0x00, 0x00,
  0x00, 0x03, 0x02, 0x11, 0x11, 0x11, 0x00, 0x00, 0x00, 0x03, 0x13, 0x11,
  0x11, 0x11, 0x10, 0x00, 0x00, 0x11, 0x13, 0x11, 0x11, 0x11, 0x10, 0x00,
  0x00, 0x11, 0x13, 0x11, 0x11, 0x11, 0x11, 0x00, 0x11, 0x11, 0x13, 0x31,
  0x11, 0x11, 0x11, 0x10, 0x11, 0x11, 0x13, 0x31, 0x11, 0x11, 0x11, 0x10,
  0x11, 0x11, 0x13, 0x31, 0x11, 0x11, 0x11, 0x10, 0x11, 0x11, 0x13, 0x31,
  0x00, 0x00, 0x11, 0x10, 0x11, 0x00, 0x11, 0x33, 0x00, 0x00, 0x00, 0x00,
  0x11, 0x00, 0x01, 0x33, 0x00, 0x00, 0x00, 0x00, 0x10, 0x00, 0x01, 0x73,
  0x00, 0x00, 0x00, 0x00, 0x10, 0x00, 0x01, 0x73, 0x00, 0x00, 0x00, 0x00,
  0x10, 0x00, 0x01, 0x73, 0x00, 0x00, 0x00, 0x00, 0x10, 0x00, 0x01, 0x73,
  0x00, 0x00, 0x00, 0x00, 0x10, 0x00, 0x01, 0x73, 0x00, 0x00, 0x00, 0x00,
  0x10, 0x00, 0x01, 0x33, 0x00, 0x00, 0x00, 0x00, 0x10, 0x00, 0x00, 0x33,
  0x30, 0x00, 0x00, 0x00, 0x00, 0x00, 0x00, 0x33, 0x30, 0x00, 0x00, 0x00,
  0x00, 0x00, 0x00, 0x33, 0x30, 0x00, 0x00, 0x00, 0x00, 0x00, 0x00, 0x33,
  0x30, 0x00, 0x00, 0x00, 0x00, 0x00, 0x00, 0x33, 0x30, 0x00, 0x00, 0x00,
  0x00, 0x00, 0x02, 0x33, 0x30, 0x00, 0x00, 0x00, 0x00, 0x00, 0x02, 0x33,
  0x30, 0x00, 0x00, 0x00, 0x00, 0x00, 0x02, 0x33, 0x10, 0x00, 0x00, 0x00,
  0x00, 0x00, 0x02, 0x33, 0x10, 0x00, 0x00, 0x00, 0x00, 0x00, 0x02, 0x33,
  0x10, 0x00, 0x00, 0x00, 0x00, 0x00, 0x02, 0x31, 0x10, 0x00, 0x00, 0x00,
  0x00, 0x00, 0x06, 0x31, 0x10, 0x00, 0x00, 0x00, 0x00, 0x00, 0x27, 0x31,
  0x10, 0x00, 0x00, 0x00, 0x00, 0x00, 0x27, 0x31, 0x10, 0x00, 0x00, 0x00,
  0x00, 0x00, 0x63, 0x11, 0x10, 0x00, 0x00, 0x00, 0x00, 0x06, 0x73, 0x11,
  0x00, 0x00, 0x00, 0x00, 0x07, 0x71, 0x10, 0x00, 0x00, 0x00, 0x00, 0x00,
  0x77, 0x10, 0x00, 0x00, 0x00, 0x00, 0x00, 0x00, 0x10, 0x00, 0x00, 0x00,
  0x00, 0x00, 0x00, 0x00, 0x00, 0x00, 0x00, 0x00, 0x00, 0x00, 0x00, 0x00,
  0x00, 0x00, 0x00, 0x00, 0x00, 0x00, 0x00, 0x00, 0x00, 0x00, 0x00, 0x00,
  0x40, 0x00, 0x00, 0x00, 0x00, 0x00, 0x00, 0x00, 0x40, 0x00, 0x00, 0x00,
  0x00, 0x00, 0x00, 0x00, 0x00, 0x00, 0x00, 0x00, 0x00, 0x00, 0x00, 0x00,
  0x00, 0x00, 0x00, 0x00, 0x00, 0x00, 0x00, 0x00, 0x00, 0x00, 0x00, 0x00,
  0x00, 0x00, 0x00, 0x00, 0x00, 0x00, 0x00, 0x00, 0x00, 0x00, 0x00, 0x00,
  0x00, 0x00, 0x00, 0x00, 0x00, 0x00, 0x00, 0x00, 0x00, 0x00, 0x00, 0x00,
  0x00, 0x00, 0x00, 0x00, 0x00, 0x00, 0x00, 0x00, 0x00, 0x00, 0x04, 0x00,
  0x00, 0x00, 0x00, 0x00, 0x00, 0x00, 0x40, 0x00, 0x00, 0x00, 0x00, 0x00,
  0x00, 0x00, 0x40, 0x00, 0x00, 0x00, 0x00, 0x80, 0x00, 0x00, 0x00, 0x00,
  0x88, 0x8c, 0xcc, 0xe0, 0x00, 0x08, 0x8c, 0xcc, 0xce, 0xef, 0xff, 0xf0,
  0xcc, 0xce, 0xee, 0xff, 0xff, 0xff, 0xff, 0xf0, 0xff, 0xff, 0xff, 0xff,
  0xff, 0xff, 0xff, 0xf0, 0xff, 0xff, 0xff, 0xff, 0xff, 0xff, 0xff, 0xf0,
  0xff, 0xff, 0xff, 0xff, 0xff, 0xff, 0xff, 0xf0, 0xff, 0xdf, 0xff, 0xff,
  0xff, 0xff, 0xff, 0xf0, 0xfd, 0xff, 0xff, 0xff, 0xff, 0xff, 0xff, 0xf0,
  0xfd, 0xff, 0xff, 0xff, 0xff, 0xff, 0xff, 0xf0, 0xff, 0xff, 0xff, 0xff,
  0xff, 0xff, 0xff, 0xf0, 0xff, 0xff, 0xff, 0xff, 0xff, 0xff, 0xff, 0xf0,
  0xff, 0xff, 0xff, 0xff, 0xff, 0xff, 0xff, 0xf0, 0xff, 0xff, 0xff, 0xff,
  0xff, 0xff, 0xff, 0xf0, 0xff, 0xff, 0xff, 0xff, 0xff, 0xff, 0xff, 0xf0,
  0xdf, 0xff, 0xff, 0xff, 0xff, 0xff, 0xff, 0xf0, 0xdf, 0xff, 0xff, 0xff,
  0xff, 0xff, 0xff, 0xf0, 0xdf, 0xff, 0xff, 0xff, 0xff, 0xff, 0xff, 0xf0,
  0xfd, 0xff, 0xff, 0xff, 0xff, 0xff, 0xff, 0xf0, 0xff, 0xdf, 0xff, 0xff,
  0xff, 0xff, 0xff, 0xf0, 0xfd, 0xdc, 0xff, 0xff, 0xff, 0xff, 0xff, 0xf0,
  0xff, 0xff, 0xdc, 0xdf, 0xff, 0xff, 0xff, 0xf0, 0xff, 0xff, 0xff, 0xff,
  0xdc, 0xdf, 0xff, 0xf0, 0xff, 0xff, 0xff, 0xff, 0xff, 0xfe, 0xdd, 0xd0,
  0xff, 0xff, 0xff, 0xdd, 0xff, 0xfd, 0xdf, 0xf0, 0xff, 0xff, 0xfd, 0xdf,
  0xff, 0xdd, 0xff, 0xf0, 0xff, 0xff, 0xdd, 0xdd, 0xdd, 0xff, 0xff, 0xf0,
  0xff, 0xff, 0xfb, 0xdd, 0xdf, 0xff, 0xff, 0xf0, 0xff, 0xff, 0xfb, 0x9d,
  0xff, 0xff, 0xff, 0xf0, 0xff, 0xff, 0xf9, 0x9d, 0xff, 0xff, 0xff, 0xf0,
  0xff, 0xff, 0xf9, 0x9f, 0xff, 0xff, 0xff, 0xf0, 0xff, 0xff, 0xf9, 0x9f,
  0xff, 0xff, 0xff, 0xf0, 0xff, 0xff, 0xfb, 0xbf, 0xff, 0xff, 0xff, 0xf0,
  0xff, 0xff, 0xfb, 0xbf, 0xff, 0xff, 0xff, 0xf0, 0xff, 0xff, 0xfb, 0xbf,
  0xff, 0xff, 0xff, 0xf0, 0xff, 0xff, 0xfb, 0xbf, 0xff, 0xff, 0xff, 0xf0,
  0xff, 0xff, 0xfb, 0xbf, 0xff, 0xff, 0xff, 0xf0, 0xff, 0xff, 0xfb, 0xbf,
  0xff, 0xff, 0xff, 0xf0, 0xff, 0xff, 0xff, 0xbf, 0xff, 0xff, 0xff, 0xf0,
  0xff, 0xff, 0xff, 0xff, 0xff, 0xff, 0xff, 0xf0, 0xff, 0xff, 0xff, 0xff,
  0xff, 0xff, 0xff, 0xf0, 0xff, 0xff, 0xff, 0xff, 0xff, 0xff, 0xff, 0xf0,
  0xff, 0xff, 0xff, 0xff, 0xff, 0xff, 0xff, 0xf0, 0xff, 0xff, 0xff, 0xff,
  0xff, 0xff, 0xff, 0xf0, 0xff, 0xff, 0xff, 0xff, 0xff, 0xff, 0xff, 0xf0,
  0xff, 0xff, 0xff, 0xff, 0xff, 0xff, 0xff, 0xf0, 0xff, 0xff, 0xff, 0xff,
  0xff, 0xff, 0xff, 0xf0, 0xff, 0xff, 0xff, 0xff, 0xff, 0xff, 0xff, 0xf0,
  0xff, 0xff, 0xff, 0xff, 0xff, 0xff, 0xff, 0xf0, 0xff, 0xff, 0xff, 0xf7,
  0xf7, 0xff, 0xff, 0xf0, 0xff, 0xff, 0xff, 0xf7, 0x77, 0xff, 0xff, 0xf0,
  0xff, 0xff, 0xff, 0x7f, 0x77, 0xff, 0xff, 0xf0, 0xff, 0xff, 0xff, 0x7f,
  0x77, 0xff, 0xff, 0xf0, 0xff, 0xff, 0xff, 0x7f, 0x7f, 0xff, 0xff, 0xf0,
  0xff, 0xff, 0xff, 0xff, 0x7f, 0xff, 0xff, 0xf0, 0xff, 0xff, 0xff, 0xff,
  0x7f, 0xff, 0xff, 0xf0, 0xff, 0xff, 0xff, 0xff, 0x7f, 0xff, 0xff, 0xf0,
  0xff, 0xff, 0xff, 0xff, 0x7f, 0xff, 0xff, 0xf0, 0xff, 0xff, 0xfb, 0xbf,
  0x7f, 0xff, 0xfb, 0xb0, 0xff, 0xff, 0xfb, 0xbf, 0x7f, 0xff, 0xbb, 0xb0,
  0xff, 0xff, 0xfb, 0xbf, 0xff, 0xfb, 0xbb, 0xb0, 0xff, 0xff, 0xfb, 0xbb,
  0xbb, 0xfb, 0xbb, 0xb0, 0xff, 0xff, 0xfb, 0xbb, 0xbb, 0xbb, 0xbb, 0xb0,
  0xff, 0xff, 0xfb, 0xbb, 0xbb, 0xbb, 0xbb, 0xb0, 0xff, 0xff, 0xfb, 0xbb,
  0xbb, 0xbb, 0xbb, 0xb0, 0xff, 0xfb, 0xbb, 0xbb, 0xbb, 0xbb, 0xbb, 0xb0,
  0xff, 0xfb, 0xbb, 0xbb, 0xbb, 0xbb, 0xbb, 0xb0, 0xff, 0xbb, 0xbb, 0xbb,
  0xbb, 0xbb, 0xbb, 0xb0, 0xff, 0xbb, 0xbb, 0xbb, 0xbb, 0xbb, 0xbb, 0xb0,
  0xff, 0xbb, 0xbb, 0xbb, 0xbb, 0xbb, 0xbb, 0xb0, 0xff, 0xbb, 0xbb, 0xbb,
  0xbb, 0xbb, 0xbb, 0xb0, 0xff, 0xbb, 0xbb, 0xbb, 0xbb, 0xbb, 0xbb, 0xb0,
  0xff, 0xbb, 0xbb, 0xbb, 0xbb, 0xbb, 0xbb, 0xb0, 0xff, 0xbb, 0xbb, 0xbb,
  0xbb, 0xbb, 0xbb, 0xb0, 0xff, 0xbb, 0xfb, 0xbb, 0xbb, 0xbb, 0xbb, 0xb0,
  0xff, 0xbb, 0xfb, 0xbb, 0xbb, 0xfb, 0xbb, 0xb0, 0xff, 0xbb, 0xfb, 0xbb,
  0xbb, 0xfb, 0xbb, 0xb0, 0xff, 0xbf, 0xff, 0xff, 0xbf, 0xfb, 0xbb, 0xb0,
  0xff, 0xbf, 0xfd, 0xff, 0xff, 0xfb, 0xbb, 0xb0, 0xff, 0xff, 0xfd, 0xff,
  0xff, 0xff, 0xbb, 0xb0, 0xff, 0xff, 0xfd, 0xdf, 0xff, 0xff, 0xfb, 0x90,
  0xff, 0xff, 0xfd, 0xdf, 0xff, 0xff, 0xf9, 0x90, 0xff, 0xff, 0xfd, 0xdf,
  0xff, 0xff, 0xfd, 0xd0, 0xff, 0xff, 0xfd, 0xdd, 0xff, 0xff, 0xdd, 0xd0,
  0xff, 0xff, 0xfd, 0xdd, 0xdf, 0xff, 0xdd, 0xd0, 0xff, 0xfd, 0xfd, 0xdd,
  0xdf, 0xfd, 0xdd, 0xd0, 0xff, 0xfd, 0xfd, 0xdd, 0xdf, 0xfd, 0xdd, 0xd0,
  0xff, 0xfd, 0xfd, 0xdd, 0xdf, 0xfd, 0xdd, 0xd0, 0xff, 0xdd, 0xfd, 0xdd,
  0xff, 0xdd, 0xdd, 0xd0, 0xff, 0xdd, 0xdd, 0xdd, 0xff, 0xdd, 0xdd, 0xd0,
  0xff, 0xdd, 0xfd, 0xdd, 0xdf, 0xdd, 0xdd, 0xd0, 0xff, 0xdd, 0xdd, 0xdd,
  0xdd, 0xdd, 0xdd, 0xd0, 0xff, 0xdd, 0xdd, 0xdd, 0xdd, 0xdd, 0xdd, 0xd0,
  0xff, 0xdd, 0xdd, 0xdd, 0xdd, 0xdd, 0xdd, 0xd0, 0xff, 0xdd, 0xdd, 0xdd,
  0xdd, 0xdd, 0xdd, 0xd0, 0xff, 0xdd, 0xdd, 0xdd, 0xdd, 0xdd, 0xdd, 0xd0,
  0xff, 0xdd, 0xd9, 0xdd, 0xdd, 0xdd, 0xdd, 0xd0, 0xff, 0xdd, 0xd9, 0xdd,
  0xdd, 0xdd, 0xdd, 0xd0, 0xff, 0xdd, 0xd9, 0x9d, 0xdd, 0xdd, 0xdd, 0xd0,
  0xff, 0xdd, 0xd9, 0x9d, 0xdd, 0xdd, 0xdd, 0xd0, 0xff, 0xdd, 0xd9, 0x9d,
  0xdd, 0xdd, 0xdd, 0xd0, 0xff, 0xdd, 0xd9, 0x9d, 0xdd, 0xdd, 0xdd, 0xd0,
  0xff, 0xdd, 0xd9, 0x9d, 0xdd, 0xdd, 0xdd, 0xd0, 0xff, 0xdd, 0xd9, 0x9d,
  0xdd, 0xdd, 0xdd, 0xd0, 0xff, 0xdd, 0xdd, 0x9d, 0xdd, 0xdd, 0xdd, 0xd0,
  0xff, 0xdd, 0xdd, 0x99, 0xdd, 0xdd, 0xdd, 0xd0, 0xff, 0xdd, 0xdd, 0x99,
  0xdd, 0xdd, 0xdd, 0xd0, 0xff, 0xdd, 0xdd, 0x99, 0xdd, 0xdd, 0xdd, 0xd0,
  0xff, 0xdd, 0xdd, 0x99, 0xdd, 0xdd, 0xdd, 0xd0, 0xff, 0xdd, 0xdd, 0x99,
  0xdd, 0xdd, 0xdd, 0xd0, 0xff, 0xdd, 0xdd, 0x99, 0xdd, 0xdd, 0xdd, 0xd0,
  0xfd, 0xdd, 0xdd, 0x99, 0xdd, 0xdd, 0xdd, 0xd0, 0xfd, 0xdd, 0xdd, 0x99,
  0xdd, 0xdd, 0xdd, 0xd0, 0xfd, 0xdd, 0xdd, 0x99, 0xdd, 0xdd, 0xdd, 0xd0,
  0xfd, 0xdd, 0xdd, 0x99, 0xdd, 0xdd, 0xdd, 0xd0, 0xfd, 0xdd, 0xdd, 0x99,
  0xdd, 0xdd, 0xdd, 0xd0, 0xff, 0xdd, 0xdd, 0xd9, 0xdd, 0xdd, 0xdd, 0xd0,
  0xff, 0xdd, 0xdd, 0xd9, 0xdd, 0xdd, 0xdd, 0xd0, 0xff, 0xdd, 0xdd, 0xd9,
  0xdd, 0xdd, 0xdd, 0xd0, 0xff, 0xdd, 0xdd, 0xdd, 0x9d, 0xdd, 0xdd, 0xd0,
  0xff, 0xdd, 0xdd, 0xdd, 0xdd, 0xdd, 0xdd, 0xd0, 0xff, 0xdd, 0xdd, 0xdd,
  0xdd, 0xdd, 0xdd, 0xd0, 0xff, 0xdd, 0xdd, 0xdd, 0xdd, 0xdd, 0xdd, 0xd0,
  0xff, 0xdd, 0xdd, 0xdd, 0xdd, 0xdd, 0xdd, 0xd0, 0xff, 0xdd, 0xdd, 0xdd,
  0xdd, 0xdd, 0xdd, 0xd0, 0xff, 0xdd, 0xdd, 0xdd, 0xdd, 0xdd, 0xdd, 0xd0,
  0xff, 0xdd, 0xdd, 0xdd, 0xdd, 0xdd, 0xdd, 0xd0, 0xff, 0xdd, 0xdd, 0xdd,
  0xdd, 0xdd, 0xdd, 0xd0, 0xff, 0xdd, 0xdd, 0xdd, 0xdd, 0xdd, 0xdd, 0xd0,
  0xff, 0xdd, 0xdd, 0xdd, 0xdd, 0xdd, 0xdd, 0xd0, 0xff, 0xdd, 0xdd, 0xdd,
  0xdd, 0xdd, 0xdd, 0xd0, 0xff, 0xdd, 0xdd, 0xdd, 0xdd, 0xdd, 0xdd, 0xd0,
  0xff, 0xdd, 0xdd, 0xdd, 0xdd, 0xdd, 0xdd, 0xd0, 0xff, 0xdd, 0xdd, 0xdd,
  0xdd, 0xdd, 0xdd, 0xd0, 0xff, 0xdd, 0xdd, 0xdd, 0xdd, 0xdd, 0xdd, 0xd0,
  0xff, 0xdd, 0xdd, 0xdd, 0xdd, 0xdd, 0x9d, 0xd0, 0xff, 0xdd, 0xdd, 0xdd,
  0xdd, 0xd9, 0x9d, 0xd0, 0xff, 0xdd, 0xdd, 0xdd, 0xdd, 0xd9, 0x9d, 0xd0,
  0xff, 0xfd, 0xdd, 0xdd, 0xdd, 0x99, 0xdd, 0xd0, 0xff, 0xdd, 0xdd, 0xdd,
  0xdd, 0x99, 0xdd, 0xd0, 0xff, 0xdd, 0xdd, 0xdd, 0xd9, 0x9d, 0xdd, 0xd0,
  0xff, 0xdd, 0xdd, 0xdd, 0xd9, 0x9d, 0xdd, 0xd0, 0xff, 0xdd, 0xdd, 0xdd,
  0x99, 0x9d, 0xdd, 0xd0, 0xff, 0xdd, 0xdd, 0xdd, 0x99, 0xdd, 0xdd, 0xd0,
  0xff, 0xdd, 0xdd, 0xd9, 0x9d, 0xdd, 0xdd, 0xd0, 0xff, 0xdd, 0xdd, 0xd9,
  0x9d, 0xdd, 0xdd, 0xd0, 0xff, 0xdd, 0xdd, 0xd9, 0x9d, 0xdd, 0xdd, 0xd0,
  0xff, 0xdd, 0xdd, 0xd9, 0x9d, 0xdd, 0xdd, 0xd0, 0xff, 0xdd, 0xdd, 0x99,
  0xdd, 0xdd, 0xdd, 0xd0, 0xff, 0xdd, 0xdd, 0x99, 0xdd, 0xdd, 0xdd, 0xd0,
  0xff, 0xdd, 0xdd, 0x99, 0xdd, 0xdd, 0xdd, 0xd0, 0xff, 0xdd, 0xdd, 0x9d,
  0xdd, 0xdd, 0xdd, 0xd0, 0xff, 0xdd, 0xd9, 0x9d, 0xdd, 0xdd, 0xdd, 0xd0,
  0xff, 0xdd, 0xd9, 0xdd, 0xdd, 0xdd, 0xdd, 0xd0, 0xff, 0xdd, 0xd9, 0xdd,
  0xdd, 0xdd, 0xdd, 0xd0, 0xff, 0xdd, 0xd9, 0xdd, 0xdd, 0xdd, 0xdd, 0xd0,
  0xff, 0xdd, 0xdd, 0xdd, 0xdd, 0xdd, 0xcc, 0xc0, 0xff, 0xdd, 0xdd, 0xdd,
  0xdd, 0xdd, 0xcc, 0xc0, 0xff, 0xdc, 0xcd, 0xdd, 0xdd, 0xdd, 0xcc, 0xc0,
  0xff, 0xdc, 0xcc, 0xdd, 0xdd, 0xdd, 0xcc, 0xc0, 0xff, 0xdc, 0xcc, 0xcc,
  0xcc, 0xcc, 0xcc, 0xc0, 0xff, 0xcc, 0xcc, 0xcc, 0xcc, 0xcc, 0xcc, 0xc0,
  0xff, 0xcc, 0xcc, 0xcc, 0xcc, 0xcc, 0xcc, 0xc0, 0xfc, 0xcc, 0xcc, 0xcc,
  0xcc, 0xcc, 0xcc, 0xc0, 0xec, 0xcc, 0xcc, 0xcc, 0xcc, 0xcc, 0xcc, 0xc0,
  0xee, 0xcc, 0xcc, 0xcc, 0xcc, 0xcc, 0xcc, 0xc0, 0xee, 0xcc, 0xcc, 0xcc,
  0xcc, 0xcc, 0xcc, 0xc0, 0xee, 0xcc, 0xcc, 0xcc, 0xcc, 0xcc, 0xcc, 0xc0,
  0xee, 0xec, 0xcc, 0xce, 0xce, 0xec, 0xcc, 0xc0, 0xee, 0xec, 0xcc, 0xce,
  0xee, 0xec, 0xcc, 0xc0, 0xee, 0xec, 0xcc, 0xcc, 0xee, 0xcc, 0xcc, 0xc0,
  0xee, 0xcc, 0xcc, 0xcc, 0xce, 0xcc, 0xcc, 0xc0, 0xec, 0xcc, 0xcc, 0xcc,
  0xcc, 0xcc, 0xcc, 0xc0, 0xec, 0xcc, 0xcc, 0xcc, 0xcc, 0xcc, 0xcc, 0xc0,
  0xec, 0xcc, 0xcc, 0xcc, 0xcc, 0xcc, 0xcc, 0xc0, 0xec, 0xcc, 0xcc, 0xcc,
  0xcc, 0xcc, 0xcc, 0xc0, 0xcc, 0xcc, 0xcc, 0xcc, 0xcc, 0xcc, 0xcc, 0xc0,
  0xcc, 0xcc, 0xcc, 0xcc, 0xcc, 0xcc, 0xcc, 0xc0, 0xec, 0xcc, 0xcc, 0xcc,
  0xcc, 0xcc, 0xcc, 0xc0, 0xec, 0xcc, 0xcc, 0xcc, 0xcc, 0xcc, 0xcc, 0xc0,
  0xec, 0xcc, 0xcc, 0xcc, 0xce, 0xcc, 0xcc, 0xc0, 0xec, 0xcc, 0xcc, 0xcc,
  0xce, 0xcc, 0xcc, 0xc0, 0xec, 0xcc, 0xcc, 0xcc, 0xce, 0xcc, 0xcc, 0xc0,
  0xec, 0xcc, 0xcc, 0xcc, 0xce, 0xcc, 0xcc, 0xc0, 0xec, 0xcc, 0xcc, 0xcc,
  0xce, 0xcc, 0xcc, 0xc0, 0xec, 0xcc, 0xcc, 0xcc, 0xce, 0xcc, 0xcc, 0xc0,
  0xee, 0xcc, 0xcc, 0xce, 0xee, 0xec, 0xcc, 0xc0, 0xee, 0xec, 0xcc, 0xee,
  0xee, 0xec, 0xcc, 0xc0, 0xee, 0xec, 0xcc, 0xee, 0xea, 0xee, 0xcc, 0xc0,
  0xee, 0xec, 0xcc, 0xee, 0xea, 0xaa, 0xcc, 0xc0, 0xee, 0xee, 0xce, 0xee,
  0xea, 0xaa, 0xec, 0xc0, 0xee, 0xee, 0xce, 0xee, 0xaa, 0xaa, 0xac, 0xc0,
  0xee, 0xee, 0xee, 0xef, 0xbb, 0xbb, 0xec, 0xc0, 0xfe, 0xee, 0xee, 0xff,
  0xbb, 0xbb, 0xfc, 0xc0, 0xee, 0xee, 0xef, 0xff, 0xbf, 0xff, 0xfd, 0xc0,
  0xee, 0xee, 0xff, 0xfd, 0xdd, 0xdf, 0xdd, 0xc0, 0xef, 0xff, 0xff, 0xf9,
  0x99, 0x9d, 0xdd, 0xd0, 0xff, 0xff, 0xff, 0xfb, 0x99, 0x99, 0xdd, 0xd0,
  0xff, 0xff, 0xff, 0xfb, 0xbb, 0x99, 0x9d, 0xd0, 0xff, 0xff, 0xff, 0xfb,
  0xbb, 0xbb, 0x99, 0xd0, 0xff, 0xff, 0xff, 0xff, 0xbb, 0xbb, 0xb9, 0xd0,
  0xff, 0xff, 0xff, 0xfb, 0xbb, 0xbb, 0xb9, 0xd0, 0xff, 0xff, 0xff, 0xfb,
  0x99, 0x99, 0x9d, 0xd0, 0xff, 0xff, 0xff, 0xfd, 0x99, 0x99, 0xdd, 0xd0,
  0xff, 0xff, 0xff, 0xdd, 0xdd, 0xdd, 0xdd, 0xd0, 0xff, 0xff, 0xff, 0xdd,
  0xdd, 0xdd, 0xdd, 0xd0, 0xff, 0xff, 0xff, 0xdd, 0xdd, 0xdd, 0xdd, 0xd0,
  0xff, 0xff, 0xff, 0xd9, 0x99, 0x99, 0xdd, 0xd0, 0xff, 0xff, 0xff, 0xfb,
  0xbb, 0xbb, 0xb9, 0xd0, 0xff, 0xff, 0xff, 0xfb, 0xbb, 0xbb, 0x99, 0xd0,
  0xff, 0xff, 0xff, 0xfb, 0xbb, 0xbb, 0x99, 0xd0, 0xff, 0xff, 0xff, 0xff,
  0xbb, 0xbb, 0x99, 0xd0, 0xff, 0xff, 0xff, 0xff, 0xbb, 0xb9, 0x9d, 0xd0,
  0xff, 0xff, 0xff, 0xfb, 0xb9, 0x99, 0x9d, 0xd0, 0xff, 0xff, 0xff, 0xf9,
  0x99, 0x99, 0xdd, 0xc0, 0xff, 0xff, 0xff, 0xf9, 0x99, 0x99, 0xdc, 0xc0,
  0xff, 0xff, 0xff, 0xfd, 0xdd, 0x9d, 0xdc, 0xc0, 0xff, 0xff, 0xff, 0xff,
  0xdd, 0xdd, 0xdc, 0xc0, 0xff, 0xff, 0xff, 0xff, 0xd9, 0x99, 0xdc, 0xc0,
  0xff, 0xff, 0xff, 0xff, 0xf9, 0x99, 0x9c, 0xc0, 0xee, 0xff, 0xff, 0xff,
  0xfa, 0x88, 0x8c, 0xc0, 0xee, 0xee, 0xff, 0xff, 0xe8, 0x88, 0x8c, 0xc0,
  0xee, 0xee, 0xee, 0xff, 0xc8, 0x88, 0x8c, 0xc0, 0xee, 0xee, 0xee, 0xee,
  0x88, 0x88, 0xcc, 0xc0, 0xee, 0xec, 0xce, 0xee, 0xc8, 0x88, 0xcc, 0xc0,
  0xcc, 0xcc, 0xcc, 0xee, 0xc8, 0x8c, 0xcc, 0xc0, 0xcc, 0xcc, 0xcc, 0xcf,
  0xc8, 0x8c, 0xcc, 0xc0, 0xcc, 0xcc, 0xdc, 0xdf, 0xc8, 0x8c, 0xdc, 0xd0,
  0xfc, 0xcd, 0xdd, 0xdd, 0x99, 0x8c, 0xdd, 0xd0, 0xfc, 0xcd, 0xdd, 0xdd,
  0x99, 0x8c, 0xdd, 0xd0, 0xfd, 0xdd, 0xdd, 0xdd, 0x99, 0x8c, 0xdd, 0xd0,
  0xfd, 0xdd, 0xdd, 0xdd, 0x99, 0x8c, 0xdd, 0xd0, 0xfd, 0xdd, 0xdd, 0xdf,
  0x90, 0x8d, 0xdd, 0xd0, 0xff, 0xdd, 0xdd, 0xdf, 0x90, 0x8d, 0xdd, 0xd0,
  0xff, 0xdd, 0xdd, 0xdf, 0x90, 0x8d, 0xdd, 0xd0, 0xff, 0xdd, 0x9d, 0xdf,
  0x90, 0x8d, 0xdf, 0x90, 0xff, 0xdd, 0x99, 0xff, 0x10, 0x8d, 0xfb, 0xb0,
  0xff, 0xd9, 0x99, 0xff, 0x10, 0x89, 0xbb, 0xb0, 0xff, 0xd9, 0x99, 0xff,
  0x10, 0x89, 0xbb, 0xb0, 0xff, 0xd9, 0x99, 0xff, 0x90, 0x89, 0xbb, 0xb0,
  0xff, 0xd9, 0x99, 0xff, 0x90, 0x09, 0xbb, 0xb0, 0xff, 0xf9, 0x99, 0xff,
  0x91, 0x09, 0xbb, 0xb0, 0xff, 0xf9, 0x99, 0xbf, 0x91, 0x09, 0xbb, 0xb0,
  0xff, 0xf9, 0x99, 0xbf, 0x91, 0x09, 0xbb, 0xb0, 0xff, 0xf9, 0x99, 0xbf,
  0x91, 0x09, 0xbb, 0xb0, 0xff, 0xf9, 0x99, 0xbf, 0x91, 0x09, 0xbb, 0xb0,
  0xff, 0xf9, 0x99, 0xbf, 0x91, 0x09, 0xbb, 0xb0, 0xff, 0xf9, 0x99, 0xbf,
  0x91, 0x09, 0xbb, 0xb0, 0xff, 0xd9, 0x99, 0xbf, 0x90, 0x89, 0xbb, 0xb0,
  0xff, 0xd9, 0x99, 0xbf, 0x90, 0x89, 0xbb, 0xb0, 0xff, 0xf9, 0x99, 0xbf,
  0x90, 0x8b, 0xbb, 0xb0, 0xff, 0xf9, 0x99, 0xbf, 0x90, 0x89, 0xbb, 0xb0,
  0xff, 0xf9, 0x99, 0xbf, 0xb1, 0x09, 0xbb, 0xb0, 0xff, 0xf9, 0x99, 0xbf,
  0xb1, 0x09, 0xbb, 0xb0, 0xff, 0xf9, 0x99, 0xbf, 0xb0, 0x09, 0xbb, 0xb0,
  0xff, 0xf9, 0x99, 0xbf, 0x90, 0x09, 0xbb, 0xb0, 0xff, 0xd9, 0x99, 0xff,
  0x10, 0x89, 0x9f, 0x90, 0xff, 0xd9, 0x99, 0xff, 0x10, 0x89, 0x9f, 0x90,
  0xff, 0xd9, 0x99, 0xff, 0x10, 0x89, 0xdf, 0xd0, 0xff, 0xd9, 0x99, 0xff,
  0x10, 0x89, 0xdd, 0xd0, 0xff, 0xd9, 0x99, 0xff, 0x90, 0x89, 0xdd, 0xd0,
  0xff, 0xd9, 0x99, 0xdf, 0x90, 0x89, 0xdd, 0xd0, 0xff, 0xf9, 0x99, 0x9f,
  0x90, 0x09, 0xdd, 0xd0, 0xff, 0xf9, 0x99, 0x9f, 0xb0, 0x09, 0xdd, 0xd0,
  0xff, 0xf9, 0x99, 0x9f, 0x90, 0x09, 0xdd, 0xd0, 0xff, 0xf9, 0x99, 0x9f,
  0x90, 0x09, 0xdd, 0xd0, 0xff, 0xf9, 0x99, 0xdf, 0x90, 0x09, 0xdd, 0xd0,
  0xff, 0xd9, 0x99, 0xdf, 0x90, 0x09, 0xdd, 0xd0, 0xff, 0xd9, 0x99, 0xdf,
  0x80, 0x99, 0xdd, 0xd0, 0xff, 0xdd, 0x99, 0xdf, 0x80, 0x99, 0xdd, 0xd0,
  0xff, 0xdd, 0x99, 0xdf, 0x80, 0x9d, 0xdd, 0xd0, 0xff, 0xdd, 0x99, 0xdf,
  0x80, 0x9d, 0xdd, 0xd0, 0xff, 0xdd, 0xd9, 0xdf, 0x90, 0x19, 0xdd, 0xd0,
  0xff, 0xfd, 0xd9, 0xdf, 0xb0, 0x09, 0xdd, 0xd0, 0xff, 0xfd, 0xd9, 0xdf,
  0xb0, 0x09, 0xdd, 0xd0, 0xff, 0xfd, 0xd9, 0xdf, 0xb0, 0x89, 0xdd, 0xd0,
  0xff, 0xdd, 0xd9, 0xdf, 0xb0, 0x89, 0x9d, 0xd0, 0xff, 0xdd, 0xd9, 0xdf,
  0xb0, 0x89, 0x9d, 0x90, 0xff, 0xdd, 0x99, 0xdf, 0xb0, 0x89, 0x9d, 0xb0,
  0xff, 0xdd, 0x99, 0xdf, 0xb0, 0x88, 0x99, 0xb0, 0xff, 0xdd, 0x99, 0xdf,
  0xb1, 0x88, 0x9b, 0xb0, 0xff, 0xdd, 0x99, 0xdf, 0xb9, 0x88, 0x9b, 0xb0,
  0xff, 0xdd, 0x99, 0xdf, 0xb9, 0x88, 0xbb, 0xb0, 0xfd, 0xdd, 0x9d, 0xdf,
  0xb9, 0x88, 0xbb, 0xb0, 0xfd, 0xdd, 0x9d, 0xdb, 0xb9, 0x88, 0xab, 0xb0,
  0xfd, 0xd9, 0x9d, 0xdb, 0x99, 0x88, 0xab, 0xb0, 0xfd, 0xd9, 0x9d, 0xdb,
  0x99, 0x88, 0xab, 0xb0, 0xdd, 0xd9, 0xdd, 0xdb, 0x99, 0x88, 0xab, 0xb0,
  0xdd, 0xd9, 0xdd, 0xdd, 0xd9, 0x88, 0xbf, 0x90, 0xdd, 0xd9, 0xdd, 0xdd,
  0xd9, 0x88, 0x9d, 0xd0, 0xdd, 0xd9, 0xdd, 0xdf, 0xd9, 0x88, 0xdd, 0xd0,
  0xdd, 0xdd, 0xdd, 0xdd, 0xd9, 0x88, 0xdd, 0xd0, 0xdd, 0xdd, 0xdd, 0xdf,
  0xd9, 0x9c, 0xdd, 0xd0, 0xfd, 0xdd, 0xdd, 0xdf, 0xc9, 0x9c, 0xcd, 0xd0,
  0xfd, 0xdd, 0xdd, 0xdf, 0xe8, 0x9c, 0xcd, 0xd0, 0xfd, 0xdd, 0xdd, 0xdf,
  0xe8, 0x9c, 0xcd, 0xd0, 0xfc, 0xcc, 0xdc, 0xce, 0xe8, 0xcc, 0xcd, 0xd0,
  0xec, 0xcc, 0xcc, 0xce, 0xe8, 0xcc, 0xcd, 0xd0, 0xec, 0xcc, 0xcc, 0xce,
  0xe8, 0xcc, 0xcd, 0xd0, 0xee, 0xcc, 0xcc, 0xce, 0xe8, 0xcc, 0xcd, 0xd0,
  0xee, 0xec, 0xcc, 0xee, 0xea, 0xcc, 0xcc, 0xd0, 0xee, 0xec, 0xce, 0xee,
  0xaa, 0xcc, 0xcc, 0xd0, 0xee, 0xec, 0xce, 0xee, 0xaa, 0xcc, 0xcc, 0xd0,
  0xee, 0xec, 0xce, 0xee, 0xaa, 0xcc, 0xcc, 0xc0, 0xee, 0xec, 0xce, 0xee,
  0xaa, 0xcc, 0xcc, 0xe0, 0xee, 0xec, 0xce, 0xee, 0xaa, 0xcc, 0xcc, 0xe0,
  0xee, 0xec, 0xce, 0xee, 0xaa, 0xcc, 0xcc, 0xe0, 0xee, 0xec, 0xce, 0xee,
  0xaa, 0xcc, 0xcc, 0xe0, 0xee, 0xec, 0xce, 0xee, 0xaa, 0xcc, 0xcc, 0xe0,
  0xee, 0xec, 0xce, 0xee, 0xaa, 0xcc, 0xcc, 0xe0, 0xfe, 0xec, 0xce, 0xee,
  0xaa, 0xcc, 0xcc, 0xe0, 0xfe, 0xec, 0xce, 0xee, 0xaa, 0xcc, 0xce, 0xe0,
  0xfe, 0xec, 0xee, 0xee, 0xaa, 0xcc, 0xce, 0xe0, 0xfe, 0xec, 0xee, 0xea,
  0xaa, 0xcc, 0xce, 0xe0, 0xee, 0xec, 0xee, 0xea, 0xaa, 0xcc, 0xce, 0xe0,
  0xee, 0xec, 0xee, 0xea, 0xa8, 0xcc, 0xce, 0xe0, 0xee, 0xee, 0xee, 0xea,
  0xa8, 0xcc, 0xee, 0xe0, 0xee, 0xee, 0xee, 0xea, 0xac, 0xcc, 0xee, 0xe0,
  0xee, 0xee, 0xee, 0xaa, 0xac, 0xcc, 0xee, 0xe0, 0xee, 0xee, 0xee, 0xba,
  0xac, 0xce, 0xee, 0xe0, 0xee, 0xff, 0xfb, 0xb8, 0x8c, 0xee, 0xee, 0xe0,
  0xff, 0xff, 0xbb, 0x98, 0xca, 0xef, 0xff, 0xf0, 0xff, 0xfb, 0x99, 0x8c,
  0xea, 0xbf, 0xff, 0xf0, 0xff, 0xb9, 0x99, 0xce, 0xef, 0xbb, 0xff, 0xf0,
  0x99, 0x8c, 0xce, 0xef, 0xff, 0xff, 0xbb, 0xf0, 0x8c, 0xcc, 0xce, 0xef,
  0xff, 0xff, 0xbb, 0xb0, 0xcc, 0xcc, 0xee, 0xff, 0xff, 0xff, 0xfb, 0xb0,
  0xcc, 0xce, 0xff, 0xff, 0xff, 0xff, 0xfb, 0xb0, 0xef, 0xff, 0xff, 0xff,
  0xff, 0xff, 0xfb, 0xb0, 0xff, 0xff, 0xff, 0xff, 0xff, 0xff, 0xfb, 0xb0,
  0xff, 0xff, 0xff, 0xff, 0xff, 0xff, 0xbb, 0xb0, 0xff, 0xff, 0xff, 0xff,
  0xff, 0xfb, 0xbb, 0xb0, 0xff, 0xff, 0xff, 0xff, 0xfb, 0xbb, 0xbf, 0xf0,
  0xff, 0xff, 0xff, 0xff, 0xb9, 0xbb, 0xff, 0xf0, 0xff, 0xff, 0xff, 0xfb,
  0x9b, 0xbf, 0xff, 0xf0, 0xff, 0xff, 0xff, 0x99, 0x9b, 0xff, 0xff, 0xf0,
  0xff, 0xff, 0xf9, 0x9b, 0xff, 0xff, 0xff, 0xf0, 0xff, 0xff, 0x99, 0x9f,
  0xff, 0xff, 0xff, 0xf0, 0xff, 0xf9, 0x99, 0xff, 0xff, 0xff, 0xff, 0xf0,
  0xff, 0xf9, 0x99, 0xff, 0xff, 0xff, 0xff, 0xf0, 0xff, 0x99, 0x9f, 0xff,
  0xff, 0xff, 0xff, 0xf0, 0xfb, 0x99, 0xff, 0xff, 0xff, 0xff, 0xff, 0xf0,
  0xf9, 0x99, 0xff, 0xff, 0xff, 0xff, 0xff, 0xf0, 0xf9, 0x99, 0xff, 0xff,
  0xff, 0xff, 0xff, 0xf0, 0xb9, 0x9d, 0xff, 0xff, 0xff, 0xff, 0xff, 0xf0,
  0xb9, 0x9d, 0xff, 0xff, 0xff, 0xff, 0xff, 0xf0, 0xb9, 0x99, 0xff, 0xff,
  0xff, 0xff, 0xff, 0xf0, 0xb9, 0x99, 0xff, 0xff, 0xff, 0xff, 0xff, 0xf0,
  0xf9, 0x99, 0x9f, 0xff, 0xff, 0xff, 0xff, 0xf0, 0xfb, 0x99, 0x9f, 0xff,
  0xff, 0xff, 0xff, 0xf0, 0xff, 0x99, 0x99, 0xff, 0xff, 0xff, 0xff, 0xf0,
  0xff, 0xb9, 0x99, 0xbf, 0xff, 0xff, 0xff, 0xf0, 0xff, 0xff, 0xb9, 0x99,
  0xff, 0xff, 0xff, 0xf0, 0xff, 0xff, 0xfb, 0x99, 0x9f, 0xff, 0xff, 0xf0,
  0xff, 0xff, 0xff, 0xb9, 0x99, 0xbf, 0xff, 0xf0, 0xff, 0xff, 0xff, 0xfb,
  0x99, 0x9b, 0xff, 0xf0, 0x00, 0x00, 0x00, 0x00, 0x04, 0x66, 0x66, 0x40,
  0x00, 0x00, 0x00, 0x00, 0x04, 0x66, 0x66, 0x40, 0x00, 0x00, 0x00, 0x00,
  0x04, 0x66, 0x66, 0x40, 0x00, 0x00, 0x00, 0x00, 0x04, 0x66, 0x66, 0x40,
  0x00, 0x00, 0x00, 0x00, 0x04, 0x66, 0x66, 0x40, 0x00, 0x00, 0x00, 0x00,
  0x04, 0x66, 0x66, 0x40, 0x00, 0x00, 0x00, 0x00, 0x04, 0x66, 0x66, 0x40,
  0x00, 0x00, 0x00, 0x00, 0x04, 0x26, 0x66, 0x40, 0x00, 0x00, 0x00, 0x00,
  0x00, 0x06, 0x66, 0x40, 0x00, 0x00, 0x00, 0x00, 0x00, 0x04, 0x66, 0x40,
  0x00, 0x00, 0x00, 0x00, 0x00, 0x04, 0x66, 0x40, 0x00, 0x00, 0x00, 0x00,
  0x00, 0x04, 0x66, 0x40, 0x00, 0x00, 0x00, 0x00, 0x00, 0x06, 0x66, 0x40,
  0x00, 0x00, 0x00, 0x00, 0x00, 0x06, 0x66, 0x60, 0x00, 0x00, 0x00, 0x00,
  0x00, 0x06, 0x66, 0x60, 0x00, 0x00, 0x00, 0x00, 0x00, 0x06, 0x66, 0x60,
  0x00, 0x00, 0x00, 0x00, 0x00, 0x06, 0x66, 0x60, 0x00, 0x00, 0x00, 0x00,
  0x00, 0x04, 0x66, 0x20, 0x00, 0x00, 0x00, 0x00, 0x00, 0x04, 0x66, 0x20,
  0x00, 0x00, 0x00, 0x00, 0x00, 0x04, 0x66, 0x20, 0x00, 0x00, 0x00, 0x00,
  0x00, 0x04, 0x66, 0x20, 0x00, 0x00, 0x00, 0x00, 0x00, 0x04, 0x66, 0x20,
  0x00, 0x00, 0x00, 0x00, 0x00, 0x04, 0x66, 0x60, 0x00, 0x00, 0x00, 0x00,
  0x00, 0x04, 0x62, 0x60, 0x00, 0x00, 0x00, 0x00, 0x00, 0x00, 0x46, 0x30,
  0x00, 0x00, 0x00, 0x00, 0x00, 0x00, 0x07, 0x30, 0x00, 0x00, 0x00, 0x00,
  0x00, 0x00, 0x04, 0x70, 0x00, 0x00, 0x00, 0x00, 0x00, 0x00, 0x00, 0x00,
  0x00, 0x00, 0x00, 0x00, 0x00, 0x00, 0x00, 0x00, 0x00, 0x00, 0x00, 0x00,
  0x00, 0x00, 0x00, 0x00, 0x00, 0x00, 0x00, 0x00, 0x00, 0x00, 0x00, 0x00,
  0x00, 0x00, 0x00, 0x00, 0x00, 0x00, 0x00, 0x00, 0x00, 0x00, 0x00, 0x00,
  0x00, 0x00, 0x00, 0x00, 0x00, 0x00, 0x00, 0x00, 0x00, 0x00, 0x00, 0x00,
  0x00, 0x00, 0x00, 0x00, 0x00, 0x00, 0x00, 0x00, 0x00, 0x00, 0x00, 0x00,
  0x00, 0x00, 0x00, 0x00, 0x00, 0x00, 0x00, 0x00, 0x00, 0x00, 0x00, 0x00,
  0x00, 0x00, 0x00, 0x00, 0x00, 0x00, 0x00, 0x00, 0x00, 0x00, 0x00, 0x00,
  0x00, 0x00, 0x00, 0x00, 0x00, 0x00, 0x00, 0x00, 0x00, 0x00, 0x00, 0x00,
  0x00, 0x00, 0x00, 0x00, 0x00, 0x00, 0x00, 0x00, 0x00, 0x00, 0x00, 0x02,
  0x00, 0x00, 0x00, 0x00, 0x00, 0x00, 0x00, 0x02, 0x00, 0x00, 0x00, 0x00,
  0x00, 0x00, 0x00, 0x00, 0x00, 0x00, 0x00, 0x00, 0x00, 0x00, 0x00, 0x00,
  0x00, 0x00, 0x00, 0x00, 0x00, 0x00, 0x00, 0x00, 0x00, 0x00, 0x00, 0x00,
  0x00, 0x00, 0x00, 0x00, 0x00, 0x00, 0x00, 0x00, 0x00, 0x00, 0x00, 0x00,
  0x00, 0x00, 0x00, 0x00, 0x00, 0x00, 0x00, 0x06, 0x00, 0x00, 0x00, 0x00,
  0x00, 0x00, 0x00, 0x06, 0x00, 0x00, 0x00, 0x00, 0x00, 0x00, 0x00, 0x04,
  0x40, 0x00, 0x00, 0x00, 0x00, 0x00, 0x00, 0x00, 0x00, 0x00, 0x00, 0x00,
  0x00, 0x00, 0x00, 0x00, 0x00, 0x00, 0x00, 0x00, 0x00, 0x00, 0x00, 0x00,
  0x00, 0x00, 0x00, 0x00, 0x00, 0x00, 0x00, 0x00, 0x00, 0x00, 0x00, 0x00,
  0x00, 0x00, 0x00, 0x00, 0x00, 0x00, 0x00, 0x00, 0x00, 0x00, 0x00, 0x40,
  0x00, 0x00, 0x00, 0x00, 0x00, 0x00, 0x00, 0x06, 0x00, 0x00, 0x00, 0x00,
  0x00, 0x00, 0x00, 0x22, 0x00, 0x00, 0x00, 0x00, 0x00, 0x00, 0x00, 0x20,
  0x00, 0x00, 0x00, 0x00, 0x00, 0x00, 0x00, 0x00, 0x00, 0x00, 0x00, 0x00,
  0x00, 0x00, 0x00, 0x00, 0x00, 0x00, 0x00, 0x00, 0x00, 0x00, 0x00, 0x00,
  0x00, 0x00, 0x00, 0x00, 0x00, 0x00, 0x00, 0x04, 0x00, 0x00, 0x00, 0x00,
  0x00, 0x00, 0x00, 0x06, 0x20, 0x00, 0x00, 0x00, 0x00, 0x00, 0x00, 0x46,
  0x00, 0x00, 0x00, 0x00, 0x00, 0x00, 0x00, 0x24, 0x40, 0x00, 0x00, 0x00,
  0x00, 0x00, 0x00, 0x00, 0x40, 0x00, 0x00, 0x00, 0x00, 0x00, 0x00, 0x00,
  0x00, 0x00, 0x00, 0x00, 0x00, 0x00, 0x00, 0x00, 0x00, 0x00, 0x00, 0x00,
  0x00, 0x00, 0x00, 0x02, 0x00, 0x00, 0x00, 0x00, 0x00, 0x00, 0x00, 0x02,
  0x00, 0x00, 0x00, 0x00, 0x00, 0x00, 0x00, 0x46, 0x20, 0x00, 0x00, 0x00,
  0x00, 0x00, 0x00, 0x06, 0x00, 0x00, 0x00, 0x00, 0x00, 0x00, 0x00, 0x26,
  0x40, 0x00, 0x00, 0x00, 0x00, 0x00, 0x02, 0x24, 0x00, 0x00, 0x00, 0x00,
  0x00, 0x00, 0x00, 0x44, 0x40, 0x00, 0x00, 0x00, 0x00, 0x00, 0x00, 0x44,
  0x40, 0x00, 0x00, 0x00, 0x00, 0x00, 0x00, 0x44, 0x62, 0x00, 0x00, 0x00,
  0x00, 0x00, 0x00, 0x46, 0x66, 0x00, 0x00, 0x00, 0x00, 0x00, 0x46, 0x36,
  0x66, 0x60, 0x00, 0x00, 0x00, 0x00, 0x26, 0x46, 0x66, 0x66, 0x00, 0x00,
  0x00, 0x04, 0x26, 0x44, 0x66, 0x66, 0x60, 0x00, 0x00, 0x44, 0x26, 0x44,
  0x66, 0x66, 0x66, 0x00, 0x00, 0x44, 0x42, 0x64, 0x44, 0x66, 0x66, 0x60,
  0x00, 0x44, 0x40, 0x26, 0x44, 0x46, 0x66, 0x60, 0x00, 0x04, 0x40, 0x02,
  0x60, 0x44, 0x66, 0x60, 0x00, 0x04, 0x00, 0x00, 0x22, 0x04, 0x46, 0x60,
  0x00, 0x00, 0x00, 0x00, 0x00, 0x00, 0x22, 0x40, 0x00, 0x00, 0x00, 0x00,
  0x00, 0x02, 0x20, 0x40, 0x00, 0x00, 0x00, 0x00, 0x00, 0x02, 0x20, 0x40,
  0x00, 0x00, 0x00, 0x00, 0x00, 0x02, 0x20, 0x40, 0x00, 0x00, 0x00, 0x00,
  0x00, 0x02, 0x20, 0x00, 0x00, 0x00, 0x00, 0x00, 0x00, 0x22, 0x20, 0x00,
  0x00, 0x00, 0x00, 0x00, 0x00, 0x22, 0x40, 0x60, 0x00, 0x00, 0x00, 0x00,
  0x00, 0x22, 0x40, 0x60, 0x00, 0x00, 0x00, 0x00, 0x02, 0x20, 0x40, 0x60,
  0x00, 0x00, 0x00, 0x00, 0x02, 0x20, 0x60, 0x60, 0x00, 0x00, 0x00, 0x00,
  0x02, 0x22, 0x62, 0x60, 0x00, 0x00, 0x00, 0x00, 0x22, 0x02, 0x60, 0x60,
  0x00, 0x00, 0x00, 0x00, 0x42, 0x26, 0x40, 0x60, 0x00, 0x00, 0x00, 0x00,
  0x42, 0x26, 0x40, 0x60, 0x00, 0x00, 0x00, 0x04, 0x62, 0x26, 0x00, 0x60,
  0x00, 0x00, 0x00, 0x04, 0x62, 0x26, 0x00, 0x60, 0x00, 0x00, 0x00, 0x04,
  0x62, 0x22, 0x04, 0x60, 0x00, 0x00, 0x00, 0x04, 0x62, 0x02, 0x04, 0x60,
  0x00, 0x00, 0x00, 0x00, 0x60, 0x02, 0x24, 0x60, 0x00, 0x00, 0x00, 0x00,
  0x60, 0x02, 0x24, 0x60, 0x00, 0x00, 0x00, 0x00, 0x60, 0x02, 0x24, 0x60,
  0x00, 0x00, 0x00, 0x00, 0x40, 0x42, 0x24, 0x60, 0x00, 0x00, 0x00, 0x00,
  0x44, 0x42, 0x64, 0x60, 0x00, 0x00, 0x00, 0x00, 0x44, 0x42, 0x64, 0x60,
  0x00, 0x00, 0x00, 0x00, 0x44, 0x02, 0x64, 0x60, 0x00, 0x00, 0x00, 0x00,
  0x44, 0x02, 0x44, 0x60, 0x00, 0x00, 0x00, 0x04, 0x40, 0x02, 0x44, 0x40,
  0x00, 0x00, 0x00, 0x04, 0x40, 0x02, 0x44, 0x40, 0x00, 0x00, 0x00, 0x04,
  0x40, 0x02, 0x44, 0x40, 0x00, 0x00, 0x00, 0x44, 0x40, 0x02, 0x44, 0x40,
  0x00, 0x00, 0x00, 0x44, 0x40, 0x02, 0x44, 0x40, 0x00, 0x00, 0x20, 0x44,
  0x40, 0x02, 0x44, 0x40, 0x00, 0x00, 0x04, 0x44, 0x40, 0x00, 0x44, 0x60,
  0x00, 0x00, 0x04, 0x44, 0x40, 0x00, 0x44, 0x60, 0x00, 0x00, 0x04, 0x44,
  0x40, 0x00, 0x04, 0x60, 0x00, 0x00, 0x04, 0x44, 0x40, 0x00, 0x04, 0x60,
  0x00, 0x00, 0x04, 0x64, 0x40, 0x00, 0x00, 0x20, 0x00, 0x00, 0x04, 0x64,
  0x40, 0x00, 0x00, 0x20, 0x00, 0x00, 0x06, 0x64, 0x40, 0x00, 0x00, 0x20,
  0x00, 0x00, 0x46, 0x64, 0x40, 0x00, 0x00, 0x20, 0x00, 0x00, 0x46, 0x64,
  0x40, 0x00, 0x00, 0x20, 0x00, 0x00, 0x46, 0x64, 0x40, 0x00, 0x00, 0x20,
  0x00, 0x00, 0x46, 0x64, 0x40, 0x00, 0x00, 0x20, 0x00, 0x00, 0x46, 0x64,
  0x40, 0x00, 0x00, 0x20, 0x00, 0x00, 0x46, 0x64, 0x40, 0x00, 0x00, 0x20,
  0x00, 0x00, 0x46, 0x44, 0x40, 0x00, 0x00, 0x20, 0x00, 0x00, 0x04, 0x44,
  0x40, 0x00, 0x00, 0x20, 0x00, 0x00, 0x04, 0x44, 0x40, 0x00, 0x00, 0x20,
  0x00, 0x00, 0x24, 0x44, 0x44, 0x00, 0x24, 0x60, 0x00, 0x00, 0x26, 0x44,
  0x44, 0x00, 0x66, 0x60, 0x00, 0x00, 0x22, 0x44, 0x64, 0x00, 0x66, 0x60,
  0x00, 0x00, 0x62, 0x04, 0x64, 0x40, 0x66, 0x60, 0x00, 0x06, 0x62, 0x06,
  0x66, 0x66, 0x26, 0x60, 0x00, 0x46, 0x66, 0x06, 0x66, 0x66, 0x22, 0x60,
  0x00, 0x46, 0x66, 0x06, 0x66, 0x66, 0x22, 0x60, 0x00, 0x46, 0x66, 0x02,
  0x66, 0x62, 0x62, 0x60, 0x00, 0x46, 0x66, 0x22, 0x66, 0x62, 0x26, 0x20,
  0x00, 0x46, 0x66, 0x22, 0x26, 0x22, 0x26, 0x60, 0x00, 0x46, 0x66, 0x22,
  0x22, 0x22, 0x26, 0x60, 0x00, 0x46, 0x66, 0x22, 0x22, 0x22, 0x26, 0x60,
  0x00, 0x66, 0x66, 0x22, 0x22, 0x22, 0x26, 0x20, 0x00, 0x66, 0x62, 0x22,
  0x22, 0x22, 0x26, 0x20, 0x00, 0x22, 0x22, 0x22, 0x22, 0x22, 0x22, 0x20,
  0x00, 0x22, 0x22, 0x22, 0x22, 0x22, 0x22, 0x20, 0x00, 0x22, 0x22, 0x22,
  0x32, 0x22, 0x22, 0x20, 0x00, 0x22, 0x22, 0x22, 0x32, 0x22, 0x32, 0x20,
  0x00, 0x22, 0x22, 0x22, 0x33, 0x22, 0x33, 0x20, 0x00, 0x22, 0x23, 0x33,
  0x33, 0x22, 0x33, 0x20, 0x00, 0x22, 0x23, 0x33, 0x33, 0x23, 0x33, 0x20,
  0x00, 0x22, 0x23, 0x33, 0x33, 0x33, 0x33, 0x20, 0x00, 0x22, 0x23, 0x33,
  0x33, 0x33, 0x33, 0x20, 0x00, 0x22, 0x23, 0x33, 0x33, 0x33, 0x33, 0x20,
  0x00, 0x22, 0x23, 0x33, 0x33, 0x33, 0x33, 0x20, 0x00, 0x22, 0x23, 0x33,
  0x33, 0x33, 0x33, 0x20, 0x00, 0x22, 0x33, 0x33, 0x33, 0x33, 0x33, 0x20,
  0x02, 0x22, 0x33, 0x33, 0x33, 0x33, 0x33, 0x20, 0x02, 0x23, 0x33, 0x33,
  0x33, 0x33, 0x33, 0x20, 0x02, 0x23, 0x33, 0x13, 0x33, 0x33, 0x33, 0x20,
  0x02, 0x22, 0x33, 0x13, 0x33, 0x33, 0x33, 0x20, 0x00, 0x22, 0x22, 0x22,
  0x66, 0x63, 0x33, 0x20, 0x00, 0x00, 0x62, 0x26, 0x62, 0x23, 0x33, 0x30,
  0x00, 0x00, 0x22, 0x22, 0x22, 0x23, 0x33, 0x10, 0x00, 0x00, 0x22, 0x33,
  0x22, 0x23, 0x31, 0x10, 0x00, 0x00, 0x23, 0x33, 0x31, 0x11, 0x11, 0x10,
  0x00, 0x00, 0x11, 0x11, 0x10, 0x00, 0x00, 0x00, 0x00, 0x00, 0x00, 0x00,
  0x00, 0x00, 0x00, 0x00, 0x00, 0x00, 0x00, 0x00, 0x00, 0x00, 0x00, 0x00,
  0x00, 0x00, 0x00, 0x00, 0x00, 0x00, 0x00, 0x00, 0x00, 0x00, 0x00, 0x00,
  0x00, 0x00, 0x00, 0x00, 0x00, 0x00, 0x00, 0x00, 0x00, 0x00, 0x00, 0x00,
  0x00, 0x00, 0x00, 0x00, 0x00, 0x00, 0x00, 0x00, 0x00, 0x00, 0x00, 0x00,
  0x00, 0x00, 0x00, 0x00, 0x00, 0x00, 0x00, 0x00, 0x00, 0x00, 0x00, 0x00,
  0x00, 0x00, 0x00, 0x00, 0x00, 0x00, 0x00, 0x00, 0x00, 0x00, 0x00, 0x00,
  0x00, 0x00, 0x00, 0x00, 0x00, 0x00, 0x00, 0x00, 0x00, 0x00, 0x00, 0x00,
  0x00, 0x00, 0x00, 0x00, 0x20, 0x00, 0x00, 0x00, 0x00, 0x00, 0x00, 0x00,
  0x20, 0x00, 0x00, 0x00, 0x00, 0x00, 0x00, 0x00, 0x00, 0x00, 0x00, 0x00,
  0x00, 0x00, 0x00, 0x02, 0x00, 0x00, 0x00, 0x00, 0x00, 0x00, 0x00, 0x03,
  0x00, 0x00, 0x00, 0x00, 0x00, 0x00, 0x00, 0x03, 0x00, 0x00, 0x00, 0x00,
  0x00, 0x00, 0x00, 0x03, 0x00, 0x00, 0x00, 0x00, 0x00, 0x00, 0x00, 0x03,
  0x00, 0x00, 0x00, 0x00, 0x00, 0x00, 0x00, 0x03, 0x00, 0x00, 0x00, 0x00,
  0x00, 0x00, 0x00, 0x01, 0x00, 0x00, 0x00, 0x00, 0x00, 0x00, 0x00, 0x03,
  0x10, 0x01, 0x11, 0x10, 0x00, 0x00, 0x00, 0x03, 0x11, 0x11, 0x11, 0x10,
  0x00, 0x00, 0x00, 0x07, 0x71, 0x33, 0x33, 0x30, 0x00, 0x00, 0x00, 0x13,
  0x61, 0x37, 0x73, 0x20, 0x00, 0x00, 0x00, 0x13, 0xe1, 0x77, 0x76, 0x40,
  0x00, 0x00, 0x01, 0x13, 0xd3, 0x77, 0x64, 0x00, 0x00, 0x00, 0x01, 0x37,
  0xd3, 0xfd, 0xc0, 0x00, 0x00, 0x00, 0x00, 0x27, 0xf3, 0xfd, 0x90, 0x00,
  0x00, 0x00, 0x02, 0x26, 0xf3, 0xf9, 0x90, 0x00, 0x00, 0x01, 0x10, 0x26,
  0xe7, 0xf9, 0x11, 0x10, 0x11, 0x11, 0x11, 0x44, 0xe7, 0xbb, 0x11, 0x10,
  0x11, 0x11, 0x11, 0x55, 0xdf, 0xbb, 0x31, 0x10, 0x11, 0x11, 0x11, 0x55,
  0xd7, 0xb3, 0x31, 0x10, 0x11, 0x11, 0x11, 0x1d, 0xd7, 0xb3, 0x33, 0x10,
  0x03, 0x33, 0x33, 0x29, 0x9f, 0x73, 0x33, 0x30, 0x03, 0x33, 0x33, 0x28,
  0xbf, 0x73, 0x33, 0x30, 0x02, 0x33, 0x33, 0x2a, 0xbb, 0xf3, 0x33, 0x30,
  0x02, 0x22, 0x32, 0x2a, 0xbb, 0x73, 0x33, 0x30, 0x02, 0x22, 0x22, 0x2a,
  0xab, 0x73, 0x33, 0x20, 0x02, 0x22, 0x22, 0x2a, 0xab, 0x77, 0x32, 0x20,
  0x02, 0x22, 0x22, 0x2a, 0xab, 0x77, 0x32, 0x20, 0x02, 0x22, 0x22, 0x2a,
  0xab, 0x77, 0x32, 0x20, 0x02, 0x22, 0x22, 0x2a, 0xab, 0x77, 0x32, 0x20,
  0x02, 0x22, 0x22, 0x2a, 0xab, 0x77, 0x32, 0x20, 0x02, 0x22, 0x22, 0x2a,
  0xab, 0x77, 0x32, 0x20, 0x02, 0x22, 0x22, 0x2a, 0xab, 0x77, 0x32, 0x20,
  0x02, 0x22, 0x22, 0x2a, 0xab, 0x77, 0x32, 0x20, 0x02, 0x22, 0x22, 0x2a,
  0xab, 0x73, 0x32, 0x20, 0x02, 0x22, 0x22, 0x2a, 0xab, 0x73, 0x32, 0x20,
  0x00, 0x22, 0x22, 0x2a, 0xab, 0x73, 0x32, 0x20, 0x00, 0x22, 0x22, 0x2a,
  0xaf, 0x73, 0x22, 0x20, 0x00, 0x22, 0x22, 0x2a, 0xaf, 0x73, 0x22, 0x20,
  0x00, 0x22, 0x22, 0x2a, 0xaf, 0x73, 0x22, 0x20, 0x00, 0x22, 0x22, 0x2a,
  0xaf, 0x73, 0x22, 0x20, 0x02, 0x22, 0x22, 0x2a, 0xaf, 0x73, 0x22, 0x20,
  0x02, 0x22, 0x22, 0x2a, 0xaf, 0x73, 0x22, 0x20, 0x02, 0x22, 0x22, 0x2a,
  0xaf, 0x73, 0x22, 0x20, 0x02, 0x22, 0x22, 0x2a, 0xaf, 0x73, 0x22, 0x20,
  0x02, 0x22, 0x22, 0x2a, 0xa7, 0x73, 0x22, 0x20, 0x02, 0x22, 0x22, 0x2a,
  0xa7, 0x73, 0x22, 0x20, 0x02, 0x22, 0x22, 0x2a, 0xa7, 0x73, 0x22, 0x20,
  0x02, 0x22, 0x22, 0x2a, 0xa7, 0x73, 0x22, 0x20, 0x02, 0x22, 0x22, 0x28,
  0xa7, 0x73, 0x22, 0x20, 0x02, 0x22, 0x22, 0x28, 0xa7, 0x73, 0x22, 0x20,
  0x02, 0x22, 0x22, 0x2a, 0xa7, 0x73, 0x22, 0x20, 0x02, 0x22, 0x22, 0x2a,
  0xa7, 0x73, 0x22, 0x20, 0x02, 0x22, 0x22, 0x2a, 0xa7, 0x72, 0x22, 0x20,
  0x02, 0x22, 0x22, 0x0a, 0xa7, 0x72, 0x22, 0x20, 0x02, 0x22, 0x22, 0x0a,
  0xa7, 0x72, 0x22, 0x20, 0x02, 0x22, 0x22, 0x0a, 0xa7, 0x72, 0x22, 0x20,
  0x02, 0x22, 0x22, 0x0a, 0xa7, 0x72, 0x22, 0x20, 0x02, 0x22, 0x22, 0x0a,
  0xa7, 0x72, 0x22, 0x20, 0x02, 0x22, 0x22, 0x0a, 0xa7, 0x72, 0x22, 0x20,
  0x02, 0x22, 0x22, 0x0a, 0xa7, 0x72, 0x22, 0x20, 0x02, 0x22, 0x22, 0x0a,
  0xe7, 0x72, 0x22, 0x20, 0x02, 0x22, 0x22, 0x0a, 0xf7, 0x72, 0x22, 0x20,
  0x02, 0x22, 0x62, 0x0a, 0xf7, 0x62, 0x22, 0x20, 0x02, 0x26, 0x62, 0x02,
  0xfe, 0x62, 0x22, 0x60, 0x00, 0x66, 0x60, 0x07, 0xfe, 0x62, 0x26, 0x60,
  0x00, 0x66, 0x40, 0x07, 0x76, 0x22, 0x66, 0x60, 0x04, 0x64, 0x40, 0x06,
  0x64, 0x40, 0x44, 0x60, 0x04, 0x64, 0x40, 0x26, 0x64, 0x40, 0x44, 0x40,
  0x04, 0x64, 0x40, 0x22, 0x66, 0x22, 0x26, 0x60, 0x04, 0x66, 0x44, 0x62,
  0x22, 0x23, 0x07, 0x60, 0x04, 0x66, 0x40, 0x47, 0x20, 0x00, 0x46, 0x60,
  0x04, 0x66, 0x62, 0x47, 0x60, 0x22, 0x46, 0x60, 0x00, 0x66, 0x62, 0x0f,
  0x62, 0x26, 0x66, 0x60, 0x00, 0x66, 0x62, 0x0f, 0x72, 0x26, 0x66, 0x60,
  0x00, 0x66, 0x62, 0x0f, 0x72, 0x66, 0x66, 0x60, 0x00, 0x62, 0x62, 0x0e,
  0x72, 0x66, 0x66, 0x60, 0x00, 0x22, 0x62, 0x0e, 0xf6, 0x66, 0x66, 0x60,
  0x00, 0x22, 0x62, 0x06, 0xf6, 0x66, 0x66, 0x60, 0x00, 0x62, 0x62, 0x06,
  0xf6, 0x66, 0x66, 0x60, 0x00, 0x62, 0x62, 0x06, 0xf6, 0x66, 0x66, 0x60,
  0x00, 0x66, 0x62, 0x06, 0xf6, 0x66, 0x66, 0x60, 0x00, 0x66, 0x62, 0x06,
  0xf6, 0x66, 0x66, 0x60, 0x00, 0x66, 0x62, 0x06, 0xf6, 0x66, 0x66, 0x60,
  0x00, 0x66, 0x62, 0x06, 0xf6, 0x66, 0x66, 0x60, 0x00, 0x66, 0x62, 0x06,
  0xf6, 0x46, 0x66, 0x60, 0x00, 0x66, 0x62, 0x06, 0xf6, 0x66, 0x66, 0x60,
  0x00, 0x66, 0x62, 0x06, 0xf6, 0x66, 0x66, 0x60, 0x00, 0x66, 0x62, 0x06,
  0xf6, 0x66, 0x66, 0x60, 0x00, 0x66, 0x62, 0x06, 0xf6, 0x66, 0x66, 0x60,
  0x00, 0x66, 0x62, 0x06, 0xf6, 0x66, 0x66, 0x60, 0x00, 0x66, 0x62, 0x06,
  0xf6, 0x66, 0x66, 0x60, 0x00, 0x66, 0x62, 0x06, 0xf6, 0x66, 0x66, 0x60,
  0x00, 0x66, 0x62, 0x06, 0xf6, 0x66, 0x66, 0x60, 0x00, 0x66, 0x62, 0x06,
  0xf6, 0x66, 0x66, 0x60, 0x00, 0x66, 0x62, 0x06, 0xf6, 0x66, 0x66, 0x60,
  0x00, 0x66, 0x62, 0x06, 0xf6, 0x66, 0x66, 0x60, 0x00, 0x66, 0x62, 0x06,
  0xf6, 0x66, 0x66, 0x60, 0x00, 0x66, 0x62, 0x06, 0xf6, 0x66, 0x66, 0x60,
  0x00, 0x66, 0x62, 0x06, 0xf6, 0x66, 0x66, 0x60, 0x00, 0x66, 0x62, 0x06,
  0xf6, 0x66, 0x66, 0x60, 0x00, 0x66, 0x62, 0x06, 0xf6, 0x66, 0x66, 0x60,
  0x00, 0x66, 0x62, 0x06, 0xf6, 0x66, 0x66, 0x60, 0x00, 0x66, 0x62, 0x06,
  0xf7, 0x66, 0x66, 0x60, 0x00, 0x66, 0x62, 0x06, 0xf7, 0x66, 0x66, 0x60,
  0x00, 0x66, 0x62, 0x06, 0xf7, 0x66, 0x66, 0x60, 0x00, 0x62, 0x62, 0x06,
  0xf7, 0x66, 0x66, 0x60, 0x00, 0x62, 0x62, 0x06, 0xf7, 0x66, 0x66, 0x60,
  0x00, 0x66, 0x62, 0x06, 0xf7, 0x66, 0x66, 0x60, 0x00, 0x66, 0x62, 0x06,
  0xf6, 0x66, 0x66, 0x60, 0x00, 0x66, 0x62, 0x06, 0xf6, 0x66, 0x66, 0x60,
  0x00, 0x66, 0x62, 0x06, 0xf6, 0x66, 0x66, 0x60, 0x00, 0x66, 0x62, 0x06,
  0xf6, 0x66, 0x66, 0x60, 0x00, 0x66, 0x62, 0x06, 0xf7, 0x66, 0x66, 0x60,
  0x00, 0x66, 0x62, 0x06, 0xf7, 0x66, 0x66, 0x60, 0x00, 0x66, 0x62, 0x06,
  0xf7, 0x66, 0x66, 0x60, 0x00, 0x66, 0x62, 0x06, 0xf7, 0x66, 0x66, 0x60,
  0x00, 0x66, 0x62, 0x06, 0xf7, 0x66, 0x66, 0x60, 0x00, 0x66, 0x62, 0x06,
  0xf7, 0x66, 0x66, 0x60, 0x00, 0x66, 0x62, 0x06, 0xf7, 0x66, 0x66, 0x60,
  0x00, 0x66, 0x62, 0x06, 0xf7, 0x66, 0x66, 0x60, 0x00, 0x66, 0x62, 0x06,
  0xf7, 0x66, 0x66, 0x60, 0x00, 0x66, 0x62, 0x06, 0xf7, 0x66, 0x66, 0x60,
  0x00, 0x66, 0x62, 0x06, 0xf6, 0x66, 0x66, 0x60, 0x00, 0x66, 0x62, 0x06,
  0xf6, 0x66, 0x66, 0x60, 0x00, 0x66, 0x62, 0x06, 0xf6, 0x66, 0x66, 0x60,
  0x00, 0x66, 0x62, 0x06, 0xf6, 0x66, 0x66, 0x60, 0x02, 0x66, 0x62, 0x06,
  0xf6, 0x66, 0x66, 0x60, 0x02, 0x66, 0x62, 0x06, 0xf6, 0x66, 0x66, 0x60,
  0x06, 0x66, 0x62, 0x06, 0xf6, 0x66, 0x66, 0x60, 0x06, 0x66, 0x62, 0x06,
  0xf6, 0x66, 0x66, 0x60, 0x06, 0x66, 0x62, 0x06, 0xf6, 0x66, 0x66, 0x60,
  0x06, 0x66, 0x62, 0x06, 0xf6, 0x66, 0x66, 0x60, 0x06, 0x66, 0x62, 0x06,
  0xf6, 0x66, 0x66, 0x60, 0x06, 0x66, 0x62, 0x04, 0xf6, 0x66, 0x66, 0x60,
  0x06, 0x66, 0x62, 0x04, 0xf6, 0x66, 0x66, 0x60, 0x06, 0x66, 0x62, 0x04,
  0xf6, 0x66, 0x66, 0x60, 0x06, 0x66, 0x62, 0x04, 0xf6, 0x66, 0x66, 0x60,
  0x06, 0x66, 0x62, 0x04, 0xf6, 0x66, 0x66, 0x60, 0x06, 0x66, 0x62, 0x04,
  0xf6, 0x66, 0x66, 0x60, 0x06, 0x66, 0x62, 0x04, 0xf6, 0x66, 0x66, 0x60,
  0x06, 0x66, 0x62, 0x04, 0xf6, 0x66, 0x66, 0x60, 0x06, 0x66, 0x62, 0x04,
  0xf6, 0x66, 0x66, 0x60, 0x06, 0x66, 0x62, 0x00, 0xf6, 0x66, 0x66, 0x60,
  0x06, 0x66, 0x62, 0x00, 0xf6, 0x66, 0x66, 0x60, 0x06, 0x66, 0x62, 0x00,
  0xf6, 0x66, 0x66, 0x60, 0x06, 0x66, 0x62, 0x00, 0xfe, 0x66, 0x66, 0x60,
  0x06, 0x66, 0x62, 0x00, 0xf6, 0x66, 0x66, 0x60, 0x06, 0x66, 0x62, 0x02,
  0xf6, 0x66, 0xf6, 0x60, 0x06, 0x66, 0x62, 0x9f, 0x66, 0x66, 0xff, 0x60,
  0x06, 0x66, 0x62, 0xbe, 0x66, 0x66, 0x6f, 0x60, 0x06, 0x66, 0x63, 0xbe,
  0x66, 0x66, 0x6f, 0x60, 0xfd, 0x99, 0x9d, 0x41, 0x99, 0x99, 0x90, 0x90,
  0xfd, 0x99, 0x9d, 0x41, 0x99, 0x99, 0x90, 0x90, 0xfd, 0x99, 0x9d, 0x41,
  0x99, 0x99, 0x90, 0x90, 0xfd, 0x99, 0x9d, 0x41, 0x99, 0x99, 0x90, 0x90,
  0xfd, 0x99, 0x9d, 0x41, 0x99, 0x99, 0x90, 0x90, 0xfd, 0x99, 0x9d, 0x49,
  0x99, 0x99, 0x90, 0x90, 0xfd, 0x99, 0x9d, 0x49, 0x99, 0x99, 0x90, 0x90,
  0xfd, 0x99, 0x9d, 0x49, 0x99, 0x99, 0x90, 0x90, 0xfd, 0x99, 0x9d, 0x49,
  0x99, 0x99, 0x90, 0x90, 0xdd, 0x99, 0x9d, 0x49, 0x99, 0x99, 0x90, 0x90,
  0xdd, 0x99, 0xdc, 0x09, 0x99, 0x99, 0x90, 0x90, 0xd9, 0x99, 0xdc, 0x09,
  0x99, 0x99, 0x90, 0x80, 0xd9, 0x99, 0xdc, 0x09, 0x99, 0x99, 0x90, 0x00,
  0xd9, 0x99, 0xdc, 0x09, 0x99, 0x99, 0x90, 0x00, 0xd9, 0x99, 0xdc, 0x09,
  0x99, 0x99, 0x90, 0x00, 0xd9, 0x99, 0xdc, 0x09, 0x99, 0x99, 0x90, 0x00,
  0x99, 0x99, 0xd4, 0x09, 0x99, 0x99, 0x90, 0x00, 0x99, 0x99, 0xd4, 0x09,
  0x99, 0x99, 0x90, 0x00, 0x99, 0x99, 0xd4, 0x09, 0x99, 0x99, 0x90, 0x00,
  0x99, 0x9d, 0xd4, 0x01, 0x99, 0x99, 0x90, 0x00, 0x99, 0x9d, 0xc0, 0x01,
  0x99, 0x99, 0x90, 0x00, 0x99, 0x9d, 0xc0, 0x09, 0xbb, 0x99, 0x90, 0x00,
  0x99, 0x9d, 0xc0, 0x09, 0xff, 0x99, 0x98, 0x00, 0x99, 0x9d, 0xc0, 0x09,
  0xfd, 0x99, 0x99, 0x00, 0x99, 0x9c, 0x40, 0x09, 0xf9, 0x99, 0x99, 0x00,
  0x99, 0x9c, 0x00, 0x09, 0xf9, 0x99, 0x99, 0x00, 0x99, 0xdc, 0x00, 0x09,
  0xf9, 0x99, 0x99, 0x00, 0x99, 0xdc, 0x00, 0x09, 0xf9, 0x99, 0x91, 0x00,
  0x99, 0xdc, 0x00, 0x09, 0xf9, 0x99, 0x90, 0x00, 0x89, 0xc8, 0x00, 0x09,
  0xf9, 0x99, 0x90, 0x00, 0x88, 0xe0, 0x00, 0x09, 0xf9, 0x99, 0x90, 0x00,
  0x8d, 0xe0, 0x00, 0x01, 0xf9, 0x99, 0x90, 0x00, 0x8d, 0xe0, 0x00, 0x09,
  0xf9, 0x99, 0x90, 0x00, 0x8f, 0x00, 0x00, 0x09, 0xf9, 0x91, 0x10, 0x00,
  0xce, 0x00, 0x00, 0x09, 0xf9, 0x10, 0x00, 0x00, 0xd8, 0x00, 0x00, 0x09,
  0xf9, 0x00, 0x00, 0x00, 0xd8, 0x00, 0x00, 0x01, 0xf9, 0x00, 0x00, 0x00,
  0x90, 0x00, 0x00, 0x01, 0xf8, 0x00, 0x00, 0x00, 0x80, 0x00, 0x00, 0x01,
  0xf8, 0x00, 0x00, 0x00, 0x00, 0x00, 0x00, 0x01, 0xf0, 0x00, 0x00, 0x00,
  0x00, 0x00, 0x00, 0x01, 0xf0, 0x00, 0x00, 0x00, 0x00, 0x00, 0x00, 0x01,
  0xf0, 0x00, 0x00, 0x00, 0x00, 0x00, 0x00, 0x03, 0xf0, 0x00, 0x00, 0x00,
  0x00, 0x00, 0x00, 0x07, 0xf0, 0x00, 0x00, 0x00, 0x00, 0x00, 0x00, 0x07,
  0xf0, 0x00, 0x00, 0x00, 0x00, 0x00, 0x00, 0x07, 0xf0, 0x00, 0x00, 0x00,
  0x00, 0x00, 0x00, 0x0f, 0xd0, 0x00, 0x00, 0x00, 0x00, 0x00, 0x00, 0x0f,
  0x90, 0x00, 0x00, 0x00, 0x00, 0x00, 0x00, 0x0f, 0x80, 0x00, 0x00, 0x00,
  0x00, 0x00, 0x00, 0x0f, 0x00, 0x00, 0x00, 0x00, 0x00, 0x00, 0x00, 0x0f,
  0x10, 0x00, 0x00, 0x00, 0x00, 0x00, 0x00, 0x0f, 0x10, 0x00, 0x00, 0x00,
  0x00, 0x00, 0x00, 0x0f, 0x10, 0x00, 0x00, 0x00, 0x00, 0x00, 0x00, 0x0f,
  0x10, 0x00, 0x00, 0x00, 0x00, 0x00, 0x00, 0x0f, 0x10, 0x00, 0x00, 0x00,
  0x00, 0x00, 0x00, 0x1b, 0x10, 0x00, 0x00, 0x00, 0x00, 0x00, 0x00, 0x1b,
  0x10, 0x00, 0x00, 0x00, 0x00, 0x00, 0x00, 0x13, 0x11, 0x11, 0x10, 0x10,
  0x00, 0x00, 0x00, 0x33, 0x11, 0x11, 0x11, 0x10, 0x00, 0x00, 0x00, 0x33,
  0x11, 0x11, 0x11, 0x10, 0x00, 0x00, 0x00, 0x33, 0x11, 0x11, 0x11, 0x10,
  0x00, 0x00, 0x00, 0x23, 0x11, 0x01, 0x11, 0x10, 0x00, 0x00, 0x00, 0x22,
  0x10, 0x00, 0x11, 0x10, 0x00, 0x00, 0x00, 0x22, 0x00, 0x00, 0x13, 0x30,
  0x00, 0x00, 0x00, 0x22, 0x00, 0x00, 0x33, 0x20, 0x00, 0x01, 0x00, 0x62,
  0x00, 0x00, 0x32, 0x30, 0x01, 0x11, 0x00, 0x22, 0x00, 0x02, 0x22, 0x30,
  0x00, 0x11, 0x00, 0x62, 0x00, 0x02, 0x22, 0x20, 0x00, 0x11, 0x00, 0x22,
  0x00, 0x02, 0x22, 0x20, 0x00, 0x11, 0x00, 0x22, 0x00, 0x02, 0x22, 0x20,
  0x00, 0x11, 0x00, 0x62, 0x00, 0x22, 0x22, 0x20, 0x00, 0x11, 0x00, 0x22,
  0x00, 0x22, 0x22, 0x20, 0x00, 0x11, 0x00, 0x22, 0x00, 0x22, 0x22, 0x20,
  0x00, 0x00, 0x00, 0x20, 0x00, 0x22, 0x22, 0x20, 0x20, 0x00, 0x00, 0x20,
  0x00, 0x22, 0x22, 0x20, 0x20, 0x00, 0x00, 0x60, 0x00, 0x22, 0x22, 0x20,
  0x20, 0x00, 0x00, 0x60, 0x00, 0x22, 0x22, 0x20, 0x20, 0x00, 0x00, 0x60,
  0x00, 0x22, 0x22, 0x20, 0x20, 0x00, 0x00, 0x20, 0x00, 0x22, 0x22, 0x20,
  0x20, 0x00, 0x00, 0x20, 0x00, 0x22, 0x22, 0x20, 0x22, 0x00, 0x00, 0x20,
  0x00, 0x22, 0x22, 0x20, 0x20, 0x00, 0x00, 0x20, 0x00, 0x22, 0x22, 0x20,
  0x20, 0x00, 0x00, 0x20, 0x00, 0x22, 0x22, 0x20, 0x00, 0x00, 0x00, 0x60,
  0x00, 0x22, 0x22, 0x20, 0x00, 0x00, 0x00, 0x20, 0x00, 0x22, 0x22, 0x20,
  0x00, 0x00, 0x00, 0x20, 0x00, 0x22, 0x22, 0x20, 0x00, 0x00, 0x00, 0x20,
  0x00, 0x22, 0x22, 0x20, 0x00, 0x00, 0x00, 0x20, 0x00, 0x22, 0x22, 0x20,
  0x20, 0x00, 0x00, 0x20, 0x02, 0x22, 0x22, 0x00, 0x00, 0x00, 0x00, 0x00,
  0x00, 0x26, 0x20, 0x00, 0x00, 0x00, 0x00, 0x00, 0x04, 0x46, 0x20, 0x00,
  0x02, 0x80, 0x00, 0x00, 0x04, 0x46, 0x00, 0x00, 0x02, 0x08, 0x40, 0x00,
  0x04, 0x46, 0x40, 0x00, 0x22, 0x00, 0x40, 0x04, 0x44, 0x44, 0x40, 0x00,
  0x22, 0x00, 0x40, 0x04, 0x44, 0x44, 0x40, 0x00, 0x22, 0x04, 0x00, 0x40,
  0x44, 0x44, 0x40, 0x00, 0x22, 0x04, 0x00, 0x04, 0x44, 0x44, 0x00, 0x00,
  0x30, 0x04, 0x00, 0x04, 0x44, 0x44, 0x00, 0x00, 0x30, 0x04, 0x00, 0x04,
  0x44, 0x44, 0x00, 0x00, 0x31, 0x04, 0x00, 0x04, 0x44, 0x44, 0x00, 0x00,
  0x21, 0x04, 0x00, 0x04, 0x44, 0x44, 0x00, 0x00, 0x01, 0x14, 0x00, 0x04,
  0x44, 0x44, 0x00, 0x00, 0x01, 0x04, 0x00, 0x04, 0x44, 0x44, 0x00, 0x00,
  0x01, 0x04, 0x00, 0x04, 0x44, 0x44, 0x00, 0x00, 0x01, 0x00, 0x00, 0x04,
  0x44, 0x44, 0x00, 0x00, 0x00, 0x00, 0x00, 0x00, 0x44, 0x44, 0x40, 0x00,
  0x00, 0x00, 0x00, 0x00, 0x44, 0x64, 0x40, 0x00, 0x00, 0x00, 0x00, 0x00,
  0x44, 0x64, 0x40, 0x00, 0x00, 0x00, 0x00, 0x00, 0x44, 0x26, 0x40, 0x00,
  0x00, 0x00, 0x00, 0x00, 0x44, 0x26, 0x00, 0x00, 0x00, 0x00, 0x00, 0x04,
  0x44, 0x66, 0x00, 0x00, 0x00, 0x00, 0x00, 0x04, 0x44, 0x66, 0x00, 0x00,
  0x00, 0x00, 0x00, 0x40, 0x44, 0x66, 0x00, 0x00, 0x00, 0x00, 0x00, 0x40,
  0x44, 0x04, 0x00, 0x00, 0x00, 0x00, 0x00, 0x40, 0x44, 0x04, 0x00, 0x00,
  0x00, 0x00, 0x00, 0x40, 0x44, 0x04, 0x00, 0x00, 0x00, 0x00, 0x00, 0x40,
  0x44, 0x04, 0x00, 0x00, 0x00, 0x00, 0x00, 0x44, 0x44, 0x66, 0x40, 0x00,
  0x00, 0x00, 0x46, 0x44, 0x44, 0x44, 0x00, 0x00, 0x20, 0x04, 0x46, 0x44,
  0x44, 0x44, 0x00, 0x00, 0x22, 0x06, 0x04, 0x04, 0x44, 0x44, 0x00, 0x00,
  0x20, 0x00, 0x20, 0x04, 0x44, 0x44, 0x00, 0x00, 0x20, 0x00, 0x20, 0x00,
  0x44, 0x44, 0x00, 0x00, 0x20, 0x00, 0x20, 0x00, 0x06, 0x66, 0x00, 0x00,
  0x20, 0x00, 0x20, 0x04, 0x66, 0x66, 0x00, 0x00, 0x00, 0x00, 0x20, 0x44,
  0x44, 0x44, 0x00, 0x00, 0x00, 0x00, 0x20, 0x44, 0x44, 0x44, 0x00, 0x00,
  0x00, 0x02, 0x20, 0x44, 0x44, 0x44, 0x00, 0x00, 0x00, 0x02, 0x20, 0x44,
  0x44, 0x44, 0x40, 0x00, 0x00, 0x02, 0x20, 0x44, 0x44, 0x44, 0x40, 0x00,
  0x00, 0x02, 0x22, 0x44, 0x44, 0x44, 0x40, 0x00, 0x00, 0x02, 0x22, 0x44,
  0x44, 0x44, 0x44, 0x00, 0x10, 0x02, 0x22, 0x04, 0x44, 0x46, 0x44, 0x00,
  0x11, 0x00, 0x22, 0x24, 0x44, 0x46, 0x66, 0x00, 0x10, 0x00, 0x22, 0x24,
  0x44, 0x46, 0x66, 0x40, 0x10, 0x00, 0x22, 0x26, 0x44, 0x44, 0x66, 0x60,
  0x00, 0x00, 0x02, 0x26, 0x44, 0x44, 0x66, 0x60, 0x00, 0x00, 0x02, 0x26,
  0x64, 0x44, 0x66, 0x60, 0x00, 0x02, 0x02, 0x22, 0x64, 0x44, 0x66, 0x60,
  0x00, 0x02, 0x02, 0x22, 0x64, 0x44, 0x66, 0x60, 0x00, 0x02, 0x02, 0x22,
  0x66, 0x44, 0x66, 0x60, 0x00, 0x22, 0x02, 0x22, 0x66, 0x44, 0x66, 0x60,
  0x00, 0x22, 0x02, 0x22, 0x66, 0x44, 0x66, 0x60, 0x00, 0x20, 0x00, 0x62,
  0x66, 0x44, 0x66, 0x60, 0x00, 0x20, 0x00, 0x62, 0x66, 0x44, 0x66, 0x60,
  0x00, 0x00, 0x00, 0x62, 0x66, 0x46, 0x66, 0x60, 0x00, 0x00, 0x00, 0x62,
  0x66, 0x46, 0x66, 0x60, 0x00, 0x00, 0x00, 0x66, 0x66, 0x46, 0x66, 0x60,
  0x00, 0x00, 0x00, 0x66, 0x66, 0x46, 0x66, 0x60, 0x00, 0x04, 0x00, 0x46,
  0x66, 0x46, 0x66, 0x60, 0x00, 0x04, 0x00, 0x46, 0x66, 0x46, 0x66, 0x60,
  0x00, 0x04, 0x00, 0x46, 0x66, 0x46, 0x66, 0x60, 0x00, 0x04, 0x00, 0x46,
  0x66, 0x46, 0x66, 0x60, 0x00, 0x44, 0x00, 0x46, 0x66, 0x46, 0x66, 0x60,
  0x00, 0x44, 0x04, 0x46, 0x66, 0x44, 0x64, 0x40, 0x13, 0x55, 0x55, 0x44,
  0x66, 0x44, 0x64, 0x40, 0x33, 0x77, 0x73, 0x77, 0x76, 0x44, 0x64, 0x40,
  0x77, 0x77, 0x77, 0x77, 0x73, 0x22, 0x32, 0x20, 0x77, 0x66, 0x77, 0x77,
  0x77, 0x73, 0x33, 0x30, 0x66, 0x66, 0x67, 0x77, 0x77, 0x62, 0x00, 0x00,
  0x66, 0x66, 0x66, 0x7f, 0xe6, 0x66, 0x02, 0x20, 0x46, 0x66, 0x64, 0x7e,
  0xee, 0xe4, 0x00, 0x00, 0x44, 0x66, 0x64, 0x4e, 0xee, 0xe4, 0x00, 0x00,
  0x04, 0x46, 0x66, 0x4e, 0xee, 0xe4, 0x00, 0x00, 0x04, 0x46, 0x66, 0x46,
  0xee, 0xe4, 0x00, 0x00, 0x00, 0x44, 0x66, 0x66, 0xee, 0xec, 0x00, 0x00,
  0x00, 0x44, 0x66, 0x66, 0x6e, 0xec, 0x00, 0x00, 0x00, 0x44, 0x66, 0x66,
  0x6e, 0xec, 0x00, 0x00, 0x00, 0x44, 0x66, 0x66, 0x66, 0xe6, 0x00, 0x00,
  0x00, 0x04, 0x66, 0x66, 0x66, 0xe6, 0x00, 0x00, 0x00, 0x04, 0x66, 0x66,
  0x66, 0xee, 0x00, 0x00, 0x00, 0x04, 0x66, 0x66, 0x66, 0xee, 0x40, 0x00,
  0x00, 0x44, 0x66, 0x66, 0x6e, 0xee, 0x40, 0x00, 0x00, 0x46, 0x66, 0x66,
  0xee, 0xee, 0xc0, 0x00, 0x00, 0x46, 0x66, 0x66, 0xee, 0xee, 0xc0, 0x00,
  0x00, 0x46, 0x66, 0xee, 0xee, 0xee, 0xc0, 0x00, 0x00, 0x44, 0x6e, 0xee,
  0xee, 0xee, 0xc0, 0x80, 0x04, 0x44, 0xcc, 0xcc, 0xee, 0xec, 0xcc, 0x00,
  0x04, 0x4c, 0xcc, 0xcc, 0xce, 0xcc, 0xcc, 0x80, 0x8c, 0xcc, 0xcc, 0xcc,
  0xcc, 0xcc, 0xc8, 0x80, 0x88, 0x88, 0xcc, 0x8c, 0xcc, 0xcc, 0x88, 0x80,
  0x00, 0x08, 0x88, 0xc8, 0x88, 0x88, 0x8c, 0xc0, 0x00, 0x08, 0xcc, 0xcc,
  0xcc, 0xcc, 0xcc, 0xc0, 0x00, 0x0c, 0xcc, 0xcc, 0xcc, 0xcc, 0xcc, 0xc0,
  0x00, 0x4c, 0xcc, 0xcc, 0xcc, 0xcc, 0xcc, 0xc0, 0x00, 0xcc, 0xcc, 0xcc,
  0xcc, 0xcc, 0xcc, 0xc0, 0x00, 0xcc, 0xcc, 0xcc, 0xcc, 0xcc, 0xcc, 0xc0,
  0x00, 0xcc, 0xcc, 0xcc, 0xcc, 0xcc, 0xcc, 0xc0, 0x00, 0xcc, 0xcc, 0xcc,
  0xcc, 0xcc, 0xcc, 0xc0, 0x08, 0xcc, 0xcc, 0xcc, 0xcc, 0xcc, 0xcc, 0xc0,
  0x08, 0xcc, 0xcc, 0xcc, 0xcc, 0xcc, 0xcc, 0xc0, 0x08, 0xcc, 0xcc, 0xcc,
  0xcc, 0xcc, 0xcc, 0xc0, 0x08, 0xcc, 0xcc, 0xcc, 0xcc, 0xcc, 0xcc, 0xc0,
  0x08, 0x8c, 0xcc, 0xcc, 0xcc, 0x8c, 0xcc, 0xc0, 0x08, 0x8c, 0x88, 0xc8,
  0xcc, 0x8c, 0xcc, 0xc0, 0x00, 0x8c, 0xc8, 0xc8, 0x8c, 0xcc, 0xcc, 0xc0,
  0x00, 0x8c, 0xcc, 0xc8, 0xcc, 0xcc, 0xcc, 0xc0, 0x08, 0xcc, 0xcc, 0xcc,
  0xcc, 0xcc, 0xcc, 0xc0, 0x08, 0xcc, 0xcc, 0xcc, 0xcc, 0xcc, 0xcc, 0xc0,
  0x08, 0xcc, 0xcc, 0xcc, 0xcc, 0xcc, 0xcc, 0xc0, 0x0c, 0xcc, 0xcc, 0xcc,
  0xcc, 0xcc, 0xcc, 0xc0, 0x0c, 0xcc, 0xcc, 0xcc, 0xcc, 0xcc, 0xcc, 0xc0,
  0x04, 0xcc, 0xcc, 0xcc, 0xcc, 0xcc, 0xcc, 0xc0, 0x00, 0xcc, 0xcc, 0xcc,
  0xcc, 0xcc, 0xcc, 0xc0, 0x00, 0xcc, 0xcc, 0xcc, 0xcc, 0xcc, 0xcc, 0xc0,
  0x00, 0x4c, 0xcc, 0xc4, 0xcc, 0x44, 0xcc, 0x40, 0x00, 0x4c, 0xcc, 0xc4,
  0xc4, 0x44, 0x44, 0x40, 0x00, 0x44, 0xcc, 0xc4, 0xc4, 0x44, 0x44, 0x40,
  0x00, 0x44, 0xcc, 0x44, 0x44, 0x44, 0x44, 0x40, 0x04, 0x44, 0xcc, 0x44,
  0x44, 0x44, 0x44, 0x40, 0x04, 0x44, 0xcc, 0x44, 0x44, 0x44, 0x44, 0x40,
  0x04, 0x44, 0xcc, 0x44, 0x44, 0x44, 0x44, 0x40, 0x04, 0x44, 0xc4, 0x44,
  0x44, 0x44, 0x44, 0x40, 0x04, 0x44, 0x44, 0x44, 0x44, 0x44, 0x44, 0x40,
  0x04, 0x44, 0x44, 0x44, 0x44, 0x44, 0x44, 0x40, 0x04, 0x44, 0x44, 0x44,
  0x44, 0x44, 0x44, 0x40, 0x04, 0x44, 0x44, 0x44, 0x44, 0x44, 0x44, 0x40,
  0x04, 0x44, 0x44, 0x44, 0x44, 0x44, 0x44, 0x40, 0x04, 0x44, 0x44, 0x44,
  0x44, 0x44, 0x44, 0xc0, 0x04, 0x44, 0x44, 0x44, 0x44, 0x44, 0x44, 0xc0,
  0x04, 0x44, 0xc4, 0x44, 0x44, 0x44, 0xcc, 0xc0, 0x04, 0x44, 0xcc, 0x4c,
  0x44, 0xcc, 0xcc, 0xc0, 0x04, 0x44, 0xcc, 0xcc, 0x4c, 0xcc, 0xcc, 0xc0,
  0x04, 0xcc, 0xcc, 0xcc, 0xcc, 0xcc, 0xcc, 0xc0, 0x04, 0x4c, 0xcc, 0xcc,
  0xcc, 0xcc, 0xcc, 0xc0, 0x00, 0x4c, 0xcc, 0xcc, 0xcc, 0xcc, 0xcc, 0xc0,
  0x00, 0x4c, 0xcc, 0xcc, 0xcc, 0xcc, 0xcc, 0xc0, 0x00, 0x4c, 0xcc, 0xcc,
  0xcc, 0xcc, 0xcc, 0xc0, 0x00, 0xcc, 0xcc, 0xcc, 0xcc, 0xcc, 0xcc, 0xc0,
  0x00, 0xcc, 0xcc, 0xcc, 0xcc, 0xcc, 0xcc, 0xc0, 0x00, 0xcc, 0xcc, 0xcc,
  0xcc, 0xee, 0xec, 0xc0, 0x00, 0xcc, 0xcc, 0xcc, 0xcc, 0xee, 0xee, 0xc0,
  0x08, 0xcc, 0xcc, 0xcc, 0xcc, 0xee, 0xee, 0xc0, 0x08, 0xcc, 0xcc, 0xcc,
  0xcc, 0xee, 0xee, 0xe0, 0x08, 0xcc, 0xcc, 0xcc, 0xcc, 0xee, 0xee, 0xe0,
  0x08, 0x8c, 0xcc, 0xcc, 0xcc, 0xee, 0xee, 0xe0, 0x00, 0x8c, 0xcc, 0xc8,
  0xcc, 0xee, 0xee, 0xe0, 0x00, 0x8c, 0xcc, 0xcc, 0xcc, 0xee, 0xee, 0xe0,
  0x00, 0x8c, 0xcc, 0xcc, 0xcc, 0xee, 0xee, 0xe0, 0x00, 0xcc, 0xcc, 0xcc,
  0xcc, 0xce, 0xee, 0xe0, 0x08, 0xcc, 0xcc, 0xcc, 0xcc, 0xce, 0xee, 0xe0,
  0x08, 0xcc, 0xcc, 0xcc, 0xcc, 0xcc, 0xee, 0xe0, 0x0c, 0xcc, 0xcc, 0xcc,
  0xcc, 0xcc, 0xce, 0xe0, 0x00, 0xcc, 0xcc, 0xcc, 0xcc, 0xcc, 0xcc, 0xe0,
  0x00, 0xcc, 0xcc, 0xcc, 0xcc, 0xcc, 0xcc, 0xe0, 0x00, 0xcc, 0xcc, 0xcc,
  0xcc, 0xcc, 0xce, 0xe0, 0x00, 0x4c, 0xcc, 0xcc, 0xcc, 0x4c, 0xee, 0xe0,
  0x00, 0x4c, 0xcc, 0xc4, 0xcc, 0x46, 0x66, 0x60, 0x00, 0x4c, 0xcc, 0xc4,
  0xc4, 0x46, 0x66, 0x60, 0x00, 0x44, 0x4c, 0xc4, 0x44, 0x46, 0x66, 0x60,
  0x00, 0x44, 0x4c, 0x44, 0x44, 0x46, 0x66, 0x60, 0x04, 0x44, 0x4c, 0x44,
  0x44, 0x46, 0x66, 0x60, 0x04, 0x44, 0x4c, 0x44, 0x44, 0x46, 0x66, 0x60,
  0x04, 0x44, 0x44, 0x44, 0x44, 0x44, 0x66, 0x60, 0x04, 0x44, 0x44, 0x44,
  0x44, 0x44, 0x46, 0x60, 0x04, 0x44, 0x44, 0x44, 0x44, 0x44, 0x44, 0x60,
  0x04, 0x44, 0x44, 0x44, 0x44, 0x44, 0x46, 0x60, 0x00, 0x44, 0x44, 0x44,
  0x44, 0x46, 0x66, 0x70, 0x00, 0x44, 0x44, 0x44, 0x44, 0x46, 0x66, 0x70,
  0x00, 0x44, 0x44, 0x44, 0x44, 0x46, 0x66, 0x70, 0x04, 0x44, 0x44, 0x44,
  0x44, 0x46, 0x66, 0x70, 0x04, 0x4c, 0x4c, 0x44, 0x44, 0x46, 0x66, 0xf0,
  0x04, 0xcc, 0xcc, 0xc4, 0x44, 0x46, 0xee, 0xf0, 0x04, 0xcc, 0xcc, 0xcc,
  0xcc, 0x4e, 0xee, 0xf0, 0x04, 0xcc, 0xcc, 0xcc, 0xcc, 0xcc, 0xee, 0xf0,
  0x00, 0xcc, 0xcc, 0xcc, 0xcc, 0xcc, 0xce, 0xe0, 0x00, 0xcc, 0xcc, 0xcc,
  0xcc, 0xcc, 0xce, 0xe0, 0x00, 0xcc, 0xcc, 0xcc, 0xcc, 0xce, 0xee, 0xf0,
  0x00, 0x4c, 0xcc, 0xcc, 0xcc, 0xce, 0xee, 0xf0, 0x00, 0xcc, 0xcc, 0xcc,
  0xcc, 0xce, 0xee, 0xf0, 0x00, 0xcc, 0xcc, 0xcc, 0xc8, 0xce, 0xee, 0xe0,
  0x00, 0xcc, 0xcc, 0xcc, 0xc8, 0xce, 0xee, 0xe0, 0x00, 0xcc, 0xcc, 0xcc,
  0xc8, 0xce, 0xee, 0xe0, 0x00, 0x8c, 0xcc, 0xc8, 0x88, 0xce, 0xee, 0xe0,
  0x00, 0x88, 0xcc, 0x88, 0x88, 0xcc, 0xee, 0xe0, 0x08, 0x88, 0xcc, 0x88,
  0x88, 0xcc, 0xce, 0xe0, 0x08, 0x88, 0xcc, 0x88, 0x88, 0xcc, 0xcc, 0xe0,
  0x00, 0x88, 0x8c, 0x88, 0x88, 0x8c, 0xee, 0xe0, 0x00, 0x88, 0x8c, 0x88,
  0x88, 0xce, 0xee, 0xe0, 0x00, 0x88, 0xcc, 0x88, 0x88, 0xce, 0xee, 0xe0,
  0x00, 0x88, 0xcc, 0xc8, 0x88, 0xce, 0xee, 0xe0, 0x00, 0x8c, 0xcc, 0xcc,
  0x88, 0xce, 0xee, 0xe0, 0x00, 0xcc, 0xcc, 0xcc, 0x8c, 0xce, 0xee, 0xe0,
  0x00, 0xcc, 0xcc, 0xcc, 0x8c, 0xce, 0xee, 0xe0, 0x00, 0xcc, 0xcc, 0xcc,
  0x8c, 0xce, 0xee, 0xe0, 0x00, 0xcc, 0xcc, 0xcc, 0xcc, 0xcc, 0xce, 0xe0,
  0x00, 0xcc, 0xcc, 0xcc, 0xcc, 0xcc, 0xcc, 0xe0, 0x00, 0x4c, 0xcc, 0xcc,
  0xcc, 0xcc, 0xce, 0xe0, 0x00, 0x4c, 0xcc, 0xcc, 0xcc, 0xcc, 0x6e, 0x60,
  0x00, 0x4c, 0xcc, 0xcc, 0xcc, 0x4e, 0x66, 0x60, 0x00, 0x4c, 0xcc, 0xcc,
  0xcc, 0xce, 0x66, 0x60, 0x00, 0x4c, 0xcc, 0xc4, 0x4c, 0xce, 0x66, 0x60,
  0x00, 0x4c, 0xcc, 0x44, 0x44, 0xc6, 0x66, 0x70, 0x00, 0x4c, 0xcc, 0x44,
  0x44, 0x46, 0x67, 0x70, 0x00, 0x4c, 0xc4, 0x44, 0x44, 0x46, 0x67, 0x70,
  0x04, 0x44, 0x44, 0x44, 0x44, 0x46, 0x67, 0x70, 0x04, 0x44, 0x44, 0x44,
  0x44, 0x44, 0x67, 0x70, 0x00, 0x44, 0x44, 0x44, 0x44, 0x44, 0x67, 0x70,
  0x00, 0x44, 0x44, 0x44, 0x44, 0x46, 0x67, 0x70, 0x00, 0x44, 0x44, 0x44,
  0x44, 0x66, 0x67, 0x70, 0x00, 0x44, 0x44, 0x44, 0x44, 0x66, 0x67, 0x60,
  0x00, 0x44, 0xcc, 0x44, 0x44, 0x66, 0x67, 0x60, 0x00, 0x4c, 0xcc, 0x44,
  0x44, 0x66, 0x67, 0xe0, 0x00, 0x4c, 0xcc, 0xc4, 0x44, 0x66, 0xef, 0xe0,
  0x00, 0xcc, 0xcc, 0xcc, 0x44, 0x6e, 0xef, 0xf0, 0x00, 0xcc, 0xcc, 0xcc,
  0xcc, 0xce, 0xef, 0xf0, 0x00, 0xcc, 0xcc, 0xcc, 0xcc, 0xcc, 0xee, 0xf0,
  0x00, 0xcc, 0xcc, 0xcc, 0xcc, 0xcc, 0xce, 0xf0, 0x00, 0x4c, 0xcc, 0xcc,
  0xcc, 0xcc, 0xee, 0xf0, 0x00, 0x0c, 0xcc, 0xcc, 0xc8, 0xee, 0xee, 0xe0,
  0x00, 0x0c, 0xcc, 0xcc, 0xc8, 0xee, 0xee, 0xe0, 0x00, 0xcc, 0xcc, 0xcc,
  0xc8, 0xce, 0xee, 0xe0, 0x00, 0x8c, 0xcc, 0xcc, 0x88, 0xce, 0xee, 0xe0,
  0x00, 0x88, 0xcc, 0xc8, 0x88, 0xce, 0xee, 0xe0, 0x00, 0x88, 0xcc, 0x88,
  0x88, 0xce, 0xee, 0xe0, 0x00, 0x88, 0xcc, 0x88, 0x88, 0xce, 0xee, 0xe0,
  0x08, 0x88, 0xc8, 0x88, 0x88, 0x8c, 0xee, 0xe0, 0x08, 0x88, 0x88, 0x88,
  0x88, 0x88, 0xcc, 0xe0, 0x08, 0x88, 0x88, 0x88, 0x88, 0x88, 0xcc, 0xe0,
  0x00, 0x88, 0x88, 0x88, 0x88, 0x88, 0xee, 0xe0, 0x00, 0x88, 0x88, 0x88,
  0x88, 0x8c, 0xee, 0xe0, 0x00, 0x88, 0x88, 0x88, 0x88, 0x88, 0xee, 0xe0,
  0x08, 0x88, 0x88, 0x88, 0x88, 0x88, 0xee, 0xe0, 0x08, 0x88, 0x88, 0x88,
  0x88, 0x88, 0xee, 0xe0, 0x08, 0x88, 0x88, 0x88, 0x88, 0x88, 0xce, 0xe0,
  0x08, 0x88, 0x88, 0x88, 0x88, 0x88, 0x88, 0xc0, 0x08, 0x88, 0x88, 0x88,
  0x88, 0x88, 0x88, 0x80, 0x00, 0x88, 0x88, 0x88, 0x88, 0x88, 0x88, 0x80,
  0x00, 0x88, 0x88, 0x88, 0x88, 0x88, 0x88, 0x80, 0x00, 0x08, 0x88, 0x88,
  0x88, 0x88, 0x88, 0x80, 0x00, 0x00, 0x88, 0x88, 0x88, 0x88, 0x88, 0x80,
  0x00, 0x00, 0x88, 0x88, 0x88, 0x88, 0x88, 0x80, 0x00, 0x00, 0x88, 0x88,
  0x88, 0x88, 0x80, 0x80, 0x00, 0x00, 0x88, 0x88, 0x88, 0x88, 0x80, 0x80,
  0x00, 0x00, 0x88, 0x88, 0x88, 0x88, 0x80, 0x00, 0x00, 0x00, 0x88, 0x88,
  0x88, 0x88, 0x80, 0x00, 0x00, 0x00, 0x88, 0x88, 0x88, 0x88, 0x80, 0x00,
  0x00, 0x00, 0x88, 0x88, 0x88, 0x00, 0x80, 0x00, 0x00, 0x00, 0x88, 0x88,
  0x88, 0x00, 0x00, 0x00, 0x00, 0x00, 0x08, 0x88, 0x88, 0x00, 0x00, 0x00,
  0x00, 0x00, 0x00, 0x88, 0x88, 0x80, 0x00, 0x00, 0x00, 0x00, 0x00, 0x00,
  0x00, 0x00, 0x00, 0x00, 0x00, 0x00, 0x00, 0x00, 0x00, 0x00, 0x00, 0x00,
  0x00, 0x00, 0x00, 0x00, 0x00, 0x00, 0x00, 0x00, 0x00, 0x00, 0x00, 0x00,
  0x00, 0x00, 0x00, 0x00, 0x00, 0x00, 0x00, 0x00, 0x00, 0x00, 0x00, 0x00,
  0x00, 0x00, 0x00, 0x00, 0x00, 0x00, 0x00, 0x00, 0x00, 0x00, 0x00, 0x04,
  0x00, 0x00, 0x00, 0x00, 0x00, 0x00, 0x00, 0x04, 0x00, 0x00, 0x00, 0x00,
  0x00, 0x00, 0x00, 0x06, 0x00, 0x00, 0x00, 0x00, 0x00, 0x00, 0x00, 0x06,
  0x40, 0x00, 0x00, 0x00, 0x00, 0x00, 0x00, 0x06, 0x40, 0x00, 0x00, 0x00,
  0x00, 0x00, 0x00, 0x26, 0x40, 0x00, 0x00, 0x00, 0x00, 0x00, 0x00, 0x20,
  0x40, 0x00, 0x00, 0x00, 0x00, 0x00, 0x00, 0x00, 0x40, 0x00, 0x00, 0x00,
  0x00, 0x00, 0x00, 0x00, 0x04, 0x00, 0x00, 0x00, 0x00, 0x00, 0x00, 0x00,
  0x00, 0x00, 0x00, 0x00, 0x00, 0x00, 0x00, 0x00, 0x00, 0x00, 0x00, 0x00,
  0x00, 0x00, 0x00, 0x00, 0x00, 0x00, 0x00, 0x00, 0x00, 0x00, 0x00, 0x00,
  0x00, 0x00, 0x00, 0x00, 0x00, 0x00, 0x00, 0x00, 0x00, 0x00, 0x00, 0x00,
  0x00, 0x00, 0x00, 0x00, 0x22, 0x00, 0x00, 0x00, 0x00, 0x00, 0x00, 0x00,
  0x22, 0x00, 0x00, 0x00, 0x00, 0x00, 0x04, 0x40, 0x22, 0x00, 0x00, 0x00,
  0x00, 0x00, 0x04, 0x42, 0x22, 0x00, 0x00, 0x00, 0x00, 0x00, 0x04, 0x46,
  0x22, 0x00, 0x00, 0x00, 0x00, 0x00, 0x04, 0x46, 0x22, 0x00, 0x00, 0x00,
  0x00, 0x00, 0x04, 0x46, 0x22, 0x00, 0x00, 0x00, 0x00, 0x00, 0x04, 0x46,
  0x22, 0x00, 0x00, 0x00, 0x00, 0x00, 0x00, 0x66, 0x20, 0x00, 0x00, 0x00,
  0x00, 0x00, 0x00, 0x66, 0x60, 0x00, 0x00, 0x00, 0x00, 0x00, 0x00, 0x66,
  0x60, 0x00, 0x00, 0x00, 0x00, 0x00, 0x00, 0x66, 0x60, 0x00, 0x00, 0x00,
  0x00, 0x00, 0x00, 0x66, 0x60, 0x00, 0x00, 0x00, 0x00, 0x00, 0x00, 0x66,
  0x60, 0x00, 0x00, 0x00, 0x00, 0x00, 0x00, 0x66, 0x60, 0x00, 0x00, 0x00,
  0x00, 0x00, 0x00, 0x66, 0x64, 0x00, 0x00, 0x00, 0x00, 0x00, 0x00, 0x26,
  0x44, 0x00, 0x00, 0x00, 0x00, 0x00, 0x00, 0x26, 0x44, 0x00, 0x00, 0x00,
  0x00, 0x00, 0x00, 0x26, 0x44, 0x00, 0x00, 0x00, 0x00, 0x00, 0x00, 0x66,
  0x44, 0x00, 0x00, 0x00, 0x00, 0x00, 0x00, 0x66, 0x44, 0x00, 0x00, 0x00,
  0x00, 0x00, 0x00, 0x66, 0x64, 0x40, 0x00, 0x00, 0x00, 0x00, 0x00, 0x66,
  0x64, 0x40, 0x00, 0x00, 0x00, 0x00, 0x00, 0x26, 0x64, 0x40, 0x00, 0x00,
  0x00, 0x00, 0x00, 0x22, 0x64, 0x00, 0x00, 0x00, 0x00, 0x00, 0x00, 0x26,
  0x64, 0x00, 0x00, 0x00, 0x00, 0x00, 0x00, 0x06, 0x64, 0x00, 0x00, 0x00,
  0x00, 0x00, 0x00, 0x06, 0x66, 0x00, 0x00, 0x00, 0x00, 0x00, 0x00, 0x04,
  0x62, 0x20, 0x00, 0x00, 0x00, 0x00, 0x00, 0x04, 0x62, 0x20, 0x00, 0x00,
  0x00, 0x00, 0x00, 0x04, 0x66, 0x20, 0x00, 0x00, 0x00, 0x00, 0x00, 0x04,
  0x66, 0x20, 0x00, 0x00, 0x00, 0x00, 0x00, 0x06, 0x66, 0x20, 0x00, 0x00,
  0x00, 0x00, 0x00, 0x06, 0x66, 0x20, 0x00, 0x00, 0x00, 0x00, 0x00, 0x06,
  0x66, 0x20, 0x00, 0x00, 0x00, 0x00, 0x00, 0x02, 0x66, 0x20, 0x00, 0x00,
  0x00, 0x00, 0x00, 0x02, 0x66, 0x20, 0x00, 0x00, 0x00, 0x00, 0x00, 0x02,
  0x66, 0x20, 0x00, 0x00, 0x00, 0x00, 0x00, 0x02, 0x66, 0x20, 0x00, 0x00,
  0x00, 0x00, 0x00, 0x02, 0x66, 0x20, 0x00, 0x00, 0x00, 0x00, 0x00, 0x02,
  0x66, 0x60, 0x00, 0x00, 0x00, 0x00, 0x00, 0x02, 0x66, 0x60, 0x00, 0x00,
  0x00, 0x00, 0x00, 0x02, 0x66, 0x60, 0x00, 0x00, 0x00, 0x00, 0x00, 0x02,
  0x66, 0x60, 0x00, 0x00, 0x00, 0x00, 0x00, 0x02, 0xe6, 0x60, 0x00, 0x00,
  0x00, 0x00, 0x00, 0x02, 0xe6, 0x60, 0x00, 0x00, 0x00, 0x00, 0x00, 0x02,
  0xe6, 0x60, 0x00, 0x00, 0x00, 0x00, 0x00, 0x02, 0xe6, 0x60, 0x00, 0x00,
  0x00, 0x00, 0x00, 0x02, 0xee, 0x60, 0x00, 0x00, 0x00, 0x00, 0x00, 0x22,
  0xee, 0x62, 0x00, 0x00, 0x00, 0x00, 0x00, 0x22, 0xee, 0x62, 0x00, 0x00,
  0x00, 0x00, 0x00, 0x23, 0xee, 0x62, 0x00, 0x00, 0x00, 0x00, 0x02, 0x23,
  0xfe, 0xe2, 0x00, 0x00, 0x00, 0x00, 0x02, 0x23, 0xfe, 0xe2, 0x00, 0x00,
  0x02, 0x00, 0x02, 0x33, 0xfe, 0xe2, 0x00, 0x00, 0x02, 0x00, 0x22, 0x33,
  0xff, 0xe2, 0x20, 0x00, 0x20, 0x02, 0x22, 0x33, 0xff, 0xe6, 0x20, 0x00,
  0x00, 0x02, 0x22, 0x33, 0xff, 0xf6, 0x20, 0x00, 0x00, 0x22, 0x23, 0x37,
  0xff, 0xf6, 0x20, 0x00, 0x00, 0x22, 0x23, 0x37, 0xff, 0xf6, 0x62, 0x00,
  0x02, 0x26, 0x63, 0x3f, 0xff, 0xfe, 0x62, 0x00, 0x02, 0x66, 0x43, 0x7f,
  0xff, 0xfe, 0x66, 0x00, 0x26, 0x66, 0x43, 0x7f, 0xff, 0xfe, 0xe4, 0x00,
  0x26, 0x66, 0x43, 0x7f, 0xff, 0xfe, 0xe4, 0x00, 0x66, 0x64, 0x53, 0xff,
  0xff, 0xfe, 0xec, 0x00, 0x66, 0x66, 0x43, 0x7f, 0xff, 0xfe, 0xec, 0x00,
  0x66, 0x66, 0x43, 0x7f, 0xff, 0xfe, 0xec, 0x00, 0x26, 0x66, 0x43, 0x7f,
  0xff, 0xfe, 0xec, 0x00, 0x26, 0x66, 0x41, 0x3f, 0xff, 0xfe, 0xec, 0x80,
  0x26, 0x66, 0x41, 0x37, 0xff, 0xfe, 0xec, 0x80, 0x06, 0x66, 0x41, 0x37,
  0xff, 0xff, 0xec, 0xc0, 0x06, 0x66, 0x41, 0x37, 0xff, 0xff, 0xec, 0xc0,
  0x02, 0x66, 0x64, 0x33, 0xff, 0xff, 0xfe, 0xc0, 0x00, 0x66, 0x66, 0x33,
  0xff, 0xff, 0xfe, 0xc0, 0x00, 0x26, 0x66, 0x73, 0x7f, 0xff, 0xfe, 0xe0,
  0x00, 0x22, 0x66, 0x73, 0x7f, 0xff, 0xff, 0xe0, 0x00, 0x02, 0x26, 0x67,
  0x3f, 0xff, 0xff, 0xf0, 0x00, 0x02, 0x26, 0x67, 0x37, 0xff, 0xff, 0xf0,
  0x00, 0x02, 0x22, 0x66, 0x73, 0xff, 0xff, 0xf0, 0x20, 0x00, 0x22, 0x66,
  0x73, 0xff, 0xff, 0xf0, 0x22, 0x00, 0x22, 0x66, 0x47, 0x3f, 0xff, 0xf0,
  0x32, 0x00, 0x02, 0x66, 0x65, 0x77, 0xff, 0xf0, 0x22, 0x00, 0x02, 0x66,
  0x65, 0x77, 0xff, 0xf0, 0x23, 0x20, 0x02, 0x66, 0x64, 0x77, 0xff, 0xf0,
  0x02, 0x32, 0x00, 0x26, 0x66, 0x47, 0x7f, 0xf0, 0x42, 0x32, 0x00, 0x26,
  0x66, 0x67, 0x77, 0xf0, 0x40, 0x22, 0x20, 0x06, 0x66, 0x66, 0x77, 0xf0,
  0x44, 0x23, 0x20, 0x02, 0x66, 0x66, 0x77, 0xf0, 0x44, 0x02, 0x32, 0x00,
  0x26, 0x66, 0x67, 0x70, 0x0c, 0x42, 0x22, 0x20, 0x02, 0x66, 0x67, 0x70,
  0x0e, 0x40, 0x23, 0x20, 0x02, 0x66, 0x66, 0x70, 0x00, 0x40, 0x23, 0x22,
  0x02, 0x26, 0x66, 0x70, 0x00, 0xe4, 0x02, 0x32, 0x00, 0x22, 0x66, 0x60,
  0x00, 0xe4, 0x02, 0x22, 0x20, 0x22, 0x66, 0x60, 0x00, 0x2e, 0x42, 0x23,
  0x20, 0x02, 0x66, 0x60, 0x00, 0x2e, 0x40, 0x23, 0x20, 0x02, 0x66, 0x60,
  0x00, 0x0e, 0x40, 0x22, 0x22, 0x02, 0x26, 0x60, 0x00, 0x0e, 0x40, 0x22,
  0x22, 0x02, 0x26, 0x60, 0x00, 0x0e, 0x40, 0x22, 0x22, 0x02, 0x26, 0x60,
  0x00, 0x0e, 0x60, 0x22, 0x22, 0x02, 0x26, 0x60, 0x00, 0x02, 0xe0, 0x02,
  0x32, 0x02, 0x26, 0x60, 0x00, 0x02, 0xe4, 0x02, 0x32, 0x02, 0x26, 0x60,
  0x00, 0x02, 0xe4, 0x02, 0x32, 0x00, 0x26, 0x60, 0x00, 0x02, 0xe4, 0x02,
  0x32, 0x20, 0x26, 0x60, 0x00, 0x02, 0xe4, 0x02, 0x32, 0x20, 0x22, 0x60,
  0x00, 0x02, 0xe4, 0x02, 0x32, 0x20, 0x22, 0x60, 0x00, 0x02, 0xe4, 0x02,
  0x32, 0x20, 0x22, 0x60, 0x00, 0x02, 0xe4, 0x02, 0x32, 0x20, 0x22, 0x60,
  0x00, 0x02, 0xe4, 0x02, 0x32, 0x20, 0x22, 0x60, 0x00, 0x02, 0xe4, 0x02,
  0x32, 0x20, 0x22, 0x60, 0x00, 0x02, 0xe4, 0x02, 0x32, 0x20, 0x22, 0x60,
  0x00, 0x02, 0xe4, 0x02, 0x32, 0x20, 0x22, 0x60, 0x00, 0x02, 0xc4, 0x02,
  0x32, 0x20, 0x22, 0x60, 0x00, 0x02, 0xc4, 0x02, 0x32, 0x20, 0x22, 0x60,
  0x00, 0x00, 0xc4, 0x22, 0x32, 0x22, 0x22, 0x60, 0x00, 0x00, 0xc4, 0x22,
  0x22, 0x02, 0x22, 0x60, 0x00, 0x00, 0xc4, 0x22, 0x22, 0x02, 0x22, 0x60,
  0x00, 0x00, 0xc4, 0x23, 0x22, 0x02, 0x22, 0x60, 0x00, 0x00, 0xc4, 0x23,
  0x22, 0x02, 0x22, 0x60, 0x00, 0x00, 0xc4, 0x23, 0x22, 0x02, 0x22, 0x60,
  0x00, 0x04, 0xc4, 0x23, 0x22, 0x02, 0x26, 0x60, 0x00, 0x04, 0xc4, 0x23,
  0x22, 0x02, 0x26, 0x60, 0x00, 0x04, 0xc4, 0x23, 0x22, 0x02, 0x26, 0x60,
  0x00, 0x04, 0xc4, 0x23, 0x22, 0x02, 0x26, 0x60, 0x00, 0x04, 0xc4, 0x22,
  0x22, 0x02, 0x26, 0x60, 0x00, 0x04, 0xc6, 0x22, 0x22, 0x02, 0x26, 0x60,
  0x00, 0x04, 0xc6, 0x22, 0x22, 0x02, 0x26, 0x60, 0x00, 0x04, 0xc6, 0x22,
  0x22, 0x02, 0x66, 0x60, 0x00, 0x04, 0xc6, 0x23, 0x22, 0x02, 0x66, 0x60,
  0x00, 0x04, 0xc6, 0x23, 0x22, 0x22, 0x66, 0x60, 0x00, 0x04, 0xc6, 0x23,
  0x22, 0x22, 0x66, 0x60, 0x00, 0x06, 0xc6, 0x23, 0x22, 0x22, 0x66, 0x60,
  0x00, 0x06, 0xe2, 0x23, 0x22, 0x22, 0x26, 0x60, 0x00, 0x26, 0xe2, 0x23,
  0x22, 0x22, 0x26, 0x60, 0x00, 0x22, 0x62, 0x23, 0x32, 0x22, 0x26, 0x60,
  0x00, 0x22, 0x62, 0x23, 0x32, 0x22, 0x26, 0x60, 0x00, 0x22, 0x62, 0x33,
  0x33, 0x22, 0x22, 0x60, 0x00, 0x22, 0x62, 0x33, 0x33, 0x20, 0x23, 0x30,
  0x00, 0x22, 0x62, 0x33, 0x33, 0x00, 0x33, 0x30, 0x00, 0x22, 0x62, 0x31,
  0x31, 0x11, 0x13, 0x30, 0x00, 0x32, 0x63, 0x11, 0x11, 0x11, 0x11, 0x30,
  0x00, 0x17, 0x73, 0x11, 0x11, 0x11, 0x11, 0x10, 0x01, 0x17, 0x71, 0x11,
  0x11, 0x11, 0x11, 0x10, 0x01, 0x17, 0x71, 0x11, 0x11, 0x11, 0x11, 0x10,
  0x01, 0x15, 0x71, 0x11, 0x11, 0x11, 0x11, 0x10, 0x01, 0x55, 0x55, 0x51,
  0x11, 0x10, 0x05, 0x10, 0x01, 0x55, 0x55, 0x54, 0x55, 0x54, 0x44, 0x50,
  0x01, 0x55, 0x55, 0x54, 0x44, 0x44, 0x44, 0x40, 0x04, 0x45, 0x54, 0x44,
  0x44, 0x44, 0x44, 0x40, 0x04, 0x65, 0x44, 0x44, 0x44, 0x44, 0x44, 0x40,
  0x04, 0x65, 0x44, 0x44, 0x44, 0x44, 0x44, 0x40, 0x46, 0x75, 0x44, 0x44,
  0x44, 0x44, 0x44, 0x40, 0x66, 0x44, 0x44, 0x44, 0x44, 0x44, 0x44, 0x40,
  0x67, 0x44, 0x44, 0x44, 0x44, 0x44, 0x44, 0x40, 0x74, 0x44, 0x44, 0x44,
  0x44, 0x44, 0x44, 0x40, 0x66, 0x44, 0x44, 0x44, 0x44, 0x44, 0x44, 0x40,
  0x66, 0x66, 0x44, 0x44, 0x44, 0x44, 0x44, 0x60, 0x66, 0x66, 0x66, 0x66,
  0x66, 0x66, 0x66, 0x60, 0x66, 0x66, 0x66, 0x66, 0x66, 0x66, 0x66, 0x60,
  0x66, 0x66, 0x66, 0x66, 0x66, 0x66, 0x66, 0x60, 0x66, 0x66, 0x66, 0x66,
  0x66, 0x66, 0x66, 0x60, 0x66, 0x66, 0x66, 0x66, 0x66, 0x66, 0x66, 0x20,
  0x77, 0x77, 0x66, 0x66, 0x66, 0x66, 0x22, 0x20, 0x33, 0x33, 0x33, 0x33,
  0x33, 0x33, 0x33, 0x30, 0x33, 0x33, 0x33, 0x33, 0x33, 0x33, 0x33, 0x30,
  0x33, 0x33, 0x33, 0x33, 0x33, 0x33, 0x33, 0x30, 0x33, 0x33, 0x33, 0x33,
  0x33, 0x33, 0x33, 0x30, 0x33, 0x33, 0x33, 0x33, 0x33, 0x33, 0x33, 0x30,
  0x33, 0x33, 0x33, 0x33, 0x33, 0x33, 0x33, 0x30, 0x33, 0x33, 0x33, 0x33,
  0x33, 0x33, 0x33, 0x30, 0x33, 0x33, 0x33, 0x33, 0x33, 0x33, 0x33, 0x30,
  0x33, 0x33, 0x33, 0x33, 0x33, 0x33, 0x33, 0x30, 0x33, 0x33, 0x33, 0x33,
  0x33, 0x33, 0x33, 0x30, 0x33, 0x33, 0x33, 0x33, 0x33, 0x33, 0x33, 0x30,
  0x33, 0x33, 0x33, 0x33, 0x33, 0x33, 0x33, 0x30, 0x33, 0x33, 0x33, 0x33,
  0x33, 0x33, 0x33, 0x30, 0x33, 0x33, 0x33, 0x33, 0x33, 0x33, 0x33, 0x30,
  0x33, 0x33, 0x33, 0x33, 0x33, 0x33, 0x33, 0x30, 0x33, 0x33, 0x33, 0x33,
  0x33, 0x33, 0x33, 0x30, 0x33, 0x33, 0x33, 0x33, 0x33, 0x33, 0x33, 0x30,
  0x33, 0x33, 0x33, 0x33, 0x33, 0x33, 0x33, 0x30, 0x33, 0x33, 0x33, 0x33,
  0x33, 0x33, 0x33, 0x30, 0x33, 0x33, 0x33, 0x33, 0x33, 0x33, 0x33, 0x30,
  0x33, 0x33, 0x33, 0x33, 0x33, 0x33, 0x33, 0x30, 0x33, 0x33, 0x33, 0x33,
  0x33, 0x33, 0x33, 0x30, 0x33, 0x33, 0x33, 0x33, 0x33, 0x33, 0x33, 0x30,
  0x33, 0x33, 0x33, 0x33, 0x33, 0x33, 0x33, 0x30, 0x33, 0x33, 0x33, 0x33,
  0x33, 0x33, 0x33, 0x30, 0x33, 0x33, 0x33, 0x33, 0x33, 0x33, 0x33, 0x30,
  0x33, 0x33, 0x33, 0x33, 0x33, 0x33, 0x33, 0x30, 0x33, 0x33, 0x33, 0x33,
  0x33, 0x33, 0x33, 0x30, 0x33, 0x33, 0x33, 0x33, 0x33, 0x33, 0x33, 0x30,
  0x33, 0x33, 0x33, 0x33, 0x33, 0x33, 0x33, 0x30, 0x33, 0x33, 0x33, 0x33,
  0x33, 0x33, 0x33, 0x30, 0x33, 0x33, 0x33, 0x33, 0x33, 0x33, 0x33, 0x30,
  0x33, 0x33, 0x33, 0x33, 0x33, 0x33, 0x33, 0x30, 0x33, 0x33, 0x33, 0x33,
  0x33, 0x33, 0x33, 0x30, 0x33, 0x33, 0x33, 0x33, 0x33, 0x33, 0x33, 0x30,
  0x33, 0x33, 0x33, 0x33, 0x33, 0x33, 0x33, 0x30, 0x33, 0x33, 0x33, 0x33,
  0x33, 0x33, 0x33, 0x30, 0x33, 0x33, 0x33, 0x33, 0x33, 0x33, 0x33, 0x30,
  0x33, 0x33, 0x33, 0x33, 0x33, 0x33, 0x33, 0x30, 0x33, 0x33, 0x33, 0x33,
  0x33, 0x33, 0x33, 0x30, 0x33, 0x33, 0x33, 0x33, 0x33, 0x33, 0x33, 0x30,
  0x33, 0x33, 0x33, 0x33, 0x33, 0x33, 0x33, 0x30, 0x33, 0x33, 0x33, 0x33,
  0x33, 0x33, 0x33, 0x30, 0x33, 0x33, 0x33, 0x33, 0x33, 0x33, 0x33, 0x30,
  0x33, 0x33, 0x33, 0x33, 0x33, 0x33, 0x33, 0x30, 0x33, 0x33, 0x33, 0x33,
  0x33, 0x33, 0x33, 0x30, 0x33, 0x33, 0x33, 0x33, 0x33, 0x33, 0x33, 0x30,
  0x33, 0x33, 0x33, 0x33, 0x33, 0x33, 0x33, 0x30, 0x33, 0x33, 0x33, 0x33,
  0x33, 0x33, 0x33, 0x30, 0x33, 0x33, 0x33, 0x33, 0x33, 0x33, 0x33, 0x30,
  0x33, 0x33, 0x33, 0x33, 0x33, 0x33, 0x33, 0x30, 0x33, 0x33, 0x33, 0x33,
  0x33, 0x33, 0x33, 0x30, 0x33, 0x33, 0x33, 0x33, 0x33, 0x33, 0x33, 0x30,
  0x33, 0x33, 0x33, 0x33, 0x33, 0x33, 0x33, 0x30, 0x33, 0x33, 0x33, 0x33,
  0x33, 0x33, 0x33, 0x30, 0x33, 0x33, 0x33, 0x33, 0x33, 0x33, 0x33, 0x30,
  0x33, 0x33, 0x33, 0x33, 0x33, 0x33, 0x33, 0x30, 0x33, 0x33, 0x33, 0x33,
  0x33, 0x33, 0x33, 0x30, 0x33, 0x33, 0x33, 0x33, 0x33, 0x33, 0x33, 0x30,
  0x33, 0x33, 0x33, 0x33, 0x33, 0x33, 0x33, 0x30, 0x33, 0x33, 0x33, 0x33,
  0x33, 0x33, 0x33, 0x30, 0x33, 0x33, 0x33, 0x33, 0x33, 0x33, 0x33, 0x30,
  0x33, 0x33, 0x33, 0x33, 0x31, 0x33, 0x33, 0x30, 0x33, 0x33, 0x33, 0x33,
  0x33, 0x13, 0x33, 0x30, 0x33, 0x33, 0x33, 0x33, 0x33, 0x11, 0x33, 0x30,
  0x33, 0x33, 0x33, 0x33, 0x33, 0x31, 0x33, 0x30, 0x33, 0x33, 0x33, 0x33,
  0x33, 0x31, 0x33, 0x30, 0x33, 0x33, 0x33, 0x33, 0x33, 0x31, 0x33, 0x30,
  0x33, 0x33, 0x33, 0x33, 0x33, 0x31, 0x13, 0x30, 0x33, 0x33, 0x33, 0x33,
  0x33, 0x11, 0x33, 0x30, 0x33, 0x33, 0x33, 0x33, 0x33, 0x13, 0x33, 0x30,
  0x33, 0x33, 0x33, 0x33, 0x31, 0x13, 0x33, 0x30, 0x33, 0x33, 0x33, 0x33,
  0x31, 0x13, 0x33, 0x30, 0x33, 0x33, 0x33, 0x33, 0x11, 0x31, 0x33, 0x30,
  0x33, 0x33, 0x33, 0x33, 0x11, 0x31, 0x33, 0x30, 0x33, 0x33, 0x33, 0x33,
  0x11, 0x33, 0x33, 0x30, 0x33, 0x33, 0x33, 0x31, 0x11, 0x33, 0x33, 0x30,
  0x33, 0x33, 0x33, 0x33, 0x33, 0x33, 0x33, 0x30, 0x33, 0x33, 0x33, 0x33,
  0x33, 0x33, 0x33, 0x30, 0x33, 0x33, 0x33, 0x33, 0x33, 0x33, 0x33, 0x30,
  0x33, 0x33, 0x33, 0x33, 0x33, 0x33, 0x33, 0x30, 0x33, 0x33, 0x33, 0x33,
  0x33, 0x33, 0x33, 0x30, 0x33, 0x33, 0x33, 0x33, 0x33, 0x33, 0x33, 0x30,
  0x33, 0x33, 0x33, 0x33, 0x33, 0x33, 0x33, 0x30, 0x33, 0x33, 0x33, 0x33,
  0x33, 0x33, 0x33, 0x30, 0x33, 0x33, 0x33, 0x33, 0x33, 0x33, 0x33, 0x30,
  0x33, 0x33, 0x33, 0x33, 0x33, 0x33, 0x33, 0x30, 0x33, 0x33, 0x33, 0x33,
  0x33, 0x33, 0x33, 0x30, 0x33, 0x33, 0x33, 0x33, 0x33, 0x33, 0x33, 0x30,
  0x33, 0x33, 0x33, 0x33, 0x33, 0x33, 0x33, 0x30, 0x33, 0x33, 0x33, 0x33,
  0x33, 0x33, 0x33, 0x30, 0x33, 0x33, 0x33, 0x33, 0x33, 0x33, 0x33, 0x30,
  0x33, 0x33, 0x33, 0x33, 0x33, 0x33, 0x33, 0x30, 0x33, 0x33, 0x33, 0x33,
  0x33, 0x33, 0x33, 0x30, 0x33, 0x33, 0x33, 0x33, 0x33, 0x33, 0x33, 0x30,
  0x33, 0x33, 0x33, 0x33, 0x33, 0x33, 0x33, 0x30, 0x33, 0x33, 0x33, 0x33,
  0x33, 0x33, 0x33, 0x30, 0x33, 0x33, 0x33, 0x33, 0x33, 0x33, 0x33, 0x30,
  0x33, 0x33, 0x33, 0x33, 0x33, 0x33, 0x33, 0x30, 0x33, 0x33, 0x33, 0x33,
  0x33, 0x33, 0x33, 0x30, 0x33, 0x33, 0x33, 0x33, 0x33, 0x33, 0x33, 0x30,
  0x33, 0x33, 0x33, 0x33, 0x33, 0x33, 0x33, 0x30, 0x33, 0x33, 0x33, 0x37,
  0x33, 0x33, 0x33, 0x30, 0x33, 0x33, 0x33, 0x37, 0x33, 0x33, 0x33, 0x30,
  0x33, 0x73, 0x33, 0x77, 0x33, 0x33, 0x33, 0x30, 0x37, 0x77, 0x73, 0x73,
  0x33, 0x33, 0x33, 0x30, 0x37, 0x77, 0x33, 0x33, 0x33, 0x33, 0x33, 0x30,
  0x37, 0x73, 0x33, 0x33, 0x33, 0x33, 0x33, 0x30, 0x37, 0x33, 0x33, 0x33,
  0x33, 0x33, 0x33, 0x30, 0x77, 0x77, 0x73, 0x33, 0x33, 0x33, 0x33, 0x30,
  0x77, 0x77, 0x73, 0x33, 0x33, 0x33, 0x33, 0x30, 0x77, 0x77, 0x73, 0x33,
  0x13, 0x33, 0x33, 0x30, 0x77, 0x77, 0x73, 0x33, 0x13, 0x33, 0x33, 0x30,
  0x77, 0x77, 0x33, 0x33, 0x13, 0x33, 0x33, 0x30, 0x77, 0x77, 0x33, 0x33,
  0x13, 0x33, 0x33, 0x30, 0x77, 0x77, 0x33, 0x31, 0x33, 0x33, 0x33, 0x30,
  0x77, 0x73, 0x33, 0x31, 0x33, 0x33, 0x33, 0x30, 0x77, 0x73, 0x33, 0x13,
  0x33, 0x33, 0x33, 0x30, 0x77, 0x73, 0x33, 0x33, 0x33, 0x33, 0x33, 0x30,
  0x77, 0x73, 0x33, 0x33, 0x33, 0x33, 0x33, 0x70, 0x77, 0x73, 0x33, 0xf3,
  0x33, 0x77, 0x37, 0x70, 0x77, 0x73, 0x3f, 0xf3, 0x77, 0x77, 0x77, 0x70,
  0x77, 0x33, 0x3f, 0xf3, 0x77, 0x77, 0x77, 0x30, 0x33, 0x33, 0x37, 0xf3,
  0x77, 0x77, 0x77, 0x30, 0x33, 0x33, 0x37, 0xf3, 0x77, 0x77, 0x77, 0x30,
  0x33, 0x33, 0x37, 0xf1, 0x33, 0x37, 0x77, 0x30, 0x33, 0x33, 0x37, 0xf1,
  0x33, 0x33, 0x33, 0x30, 0x33, 0x31, 0x13, 0xf1, 0x33, 0x33, 0x33, 0x30,
  0x33, 0x11, 0x13, 0xf1, 0x33, 0x33, 0x33, 0x30, 0x11, 0x11, 0x13, 0x60,
  0x31, 0x11, 0x11, 0x10, 0x11, 0x10, 0x00, 0x60, 0x11, 0x11, 0x11, 0x10,
  0x11, 0x00, 0x01, 0x70, 0x11, 0x11, 0x01, 0x10, 0x00, 0x00, 0x00, 0x30,
  0x01, 0x00, 0x11, 0x00, 0x00, 0x00, 0x00, 0x30, 0x00, 0x00, 0x00, 0x00,
  0x00, 0x00, 0x00, 0x30, 0x00, 0x00, 0x00, 0x00, 0x00, 0x00, 0x00, 0x10,
  0x00, 0x00, 0x00, 0x00, 0x00, 0x00, 0x00, 0x10, 0x00, 0x00, 0x00, 0x00,
  0x00, 0x00, 0x00, 0x10, 0x00, 0x00, 0x00, 0x00, 0x00, 0x00, 0x00, 0x10,
  0x00, 0x00, 0x00, 0x00, 0x00, 0x00, 0x00, 0x00, 0x00, 0x00, 0x00, 0x00,
  0x00, 0x00, 0x00, 0x00, 0x00, 0x00, 0x00, 0x00, 0x00, 0x00, 0x00, 0x01,
  0x00, 0x00, 0x00, 0x00, 0x00, 0x00, 0x00, 0x01, 0x00, 0x00, 0x00, 0x00,
  0x00, 0x00, 0x00, 0x01, 0x00, 0x00, 0x00, 0x00, 0x00, 0x00, 0x00, 0x00,
  0x10, 0x00, 0x00, 0x00, 0x00, 0x00, 0x00, 0x00, 0x11, 0x00, 0x00, 0x00,
  0x00, 0x00, 0x00, 0x00, 0x11, 0x00, 0x00, 0x00, 0x00, 0x00, 0x00, 0x00,
  0x11, 0x10, 0x00, 0x00, 0x00, 0x00, 0x00, 0x00, 0x11, 0x11, 0x00, 0x00,
  0x00, 0x00, 0x00, 0x00, 0x01, 0x11, 0x10, 0x00, 0x00, 0x00, 0x00, 0x02,
  0x21, 0x11, 0x11, 0x00, 0x00, 0x00, 0x00, 0x02, 0x23, 0x11, 0x11, 0x10,
  0x00, 0x00, 0x00, 0x02, 0x22, 0x31, 0x11, 0x10, 0x00, 0x00, 0x00, 0x22,
  0x22, 0x21, 0x11, 0x10, 0x00, 0x00, 0x00, 0x22, 0x22, 0x22, 0x11, 0x10,
  0x00, 0x00, 0x00, 0x22, 0x22, 0x22, 0x00, 0x10, 0x00, 0x00, 0x02, 0x22,
  0x22, 0x22, 0x22, 0x00, 0x00, 0x00, 0x02, 0x22, 0x22, 0x22, 0x22, 0x20,
  0x00, 0x00, 0x02, 0x22, 0x22, 0x22, 0x22, 0x20, 0x00, 0x00, 0x02, 0x22,
  0x22, 0x22, 0x22, 0x20, 0x00, 0x00, 0x02, 0x22, 0x22, 0x22, 0x22, 0x20,
  0x00, 0x00, 0x00, 0x22, 0x00, 0x00, 0x00, 0x00, 0x00, 0x00, 0x00, 0x22,
  0x00, 0x00, 0x00, 0x00, 0x00, 0x00, 0x00, 0x22, 0x00, 0x00, 0x00, 0x00,
  0x00, 0x00, 0x00, 0x22, 0x00, 0x00, 0x00, 0x00, 0x00, 0x00, 0x00, 0x22,
  0x00, 0x00, 0x00, 0x00, 0x00, 0x00, 0x00, 0x22, 0x00, 0x00, 0x00, 0x00,
  0x00, 0x00, 0x00, 0x22, 0x00, 0x00, 0x00, 0x00, 0x00, 0x00, 0x00, 0x22,
  0x00, 0x00, 0x00, 0x00, 0x00, 0x00, 0x00, 0x22, 0x20, 0x00, 0x00, 0x00,
  0x00, 0x00, 0x00, 0x22, 0x20, 0x00, 0x00, 0x00, 0x00, 0x04, 0x00, 0x22,
  0x20, 0x00, 0x00, 0x00, 0x00, 0x04, 0x00, 0x22, 0x20, 0x00, 0x00, 0x00,
  0x00, 0x04, 0x00, 0x02, 0x00, 0x00, 0x00, 0x00, 0x00, 0x04, 0x00, 0x02,
  0x00, 0x00, 0x00, 0x00, 0x00, 0x04, 0x00, 0x02, 0x00, 0x00, 0x00, 0x00,
  0x00, 0x04, 0x00, 0x02, 0x20, 0x00, 0x00, 0x00, 0x00, 0x04, 0x00, 0x02,
  0x22, 0x00, 0x00, 0x00, 0x00, 0x04, 0x40, 0x02, 0x22, 0x24, 0x40, 0x00,
  0x00, 0x04, 0x40, 0x02, 0x22, 0x24, 0x40, 0x00, 0x00, 0x04, 0x40, 0x02,
  0x22, 0x64, 0x40, 0x00, 0x00, 0x04, 0x40, 0x02, 0x22, 0x64, 0x40, 0x00,
  0x00, 0x04, 0x40, 0x02, 0x22, 0x66, 0x40, 0x00, 0x00, 0x04, 0x40, 0x02,
  0x22, 0x66, 0x40, 0x00, 0x00, 0x04, 0x40, 0x02, 0x22, 0x66, 0x40, 0x00,
  0x00, 0x04, 0x40, 0x02, 0x22, 0x66, 0x40, 0x00, 0x00, 0x04, 0x40, 0x02,
  0x22, 0x66, 0x40, 0x00, 0x00, 0x04, 0x40, 0x02, 0x26, 0x66, 0x00, 0x00,
  0x00, 0x04, 0x40, 0x02, 0x26, 0x64, 0x00, 0x00, 0x00, 0x04, 0x40, 0x02,
  0x26, 0x64, 0x00, 0x00, 0x00, 0x04, 0x40, 0x02, 0x26, 0x64, 0x00, 0x00,
  0x00, 0x04, 0x40, 0x02, 0x26, 0x64, 0x00, 0x00, 0x00, 0x04, 0x40, 0x02,
  0x26, 0x60, 0x00, 0x00, 0x00, 0x04, 0x40, 0x02, 0x26, 0x62, 0x00, 0x00,
  0x00, 0x04, 0x40, 0x02, 0x26, 0x62, 0x00, 0x00, 0x00, 0x04, 0x40, 0x02,
  0x26, 0x62, 0x00, 0x00, 0x00, 0x04, 0x40, 0x02, 0x66, 0x62, 0x00, 0x00,
  0x00, 0x04, 0x00, 0x02, 0x66, 0x62, 0x00, 0x00, 0x00, 0x04, 0x00, 0x02,
  0x66, 0x22, 0x00, 0x00, 0x00, 0x04, 0x00, 0x02, 0x66, 0x22, 0x00, 0x00,
  0x00, 0x04, 0x00, 0x02, 0x66, 0x22, 0x00, 0x00, 0x00, 0x04, 0x00, 0x02,
  0x66, 0x22, 0x00, 0x00, 0x00, 0x04, 0x00, 0x02, 0x66, 0x22, 0x00, 0x00,
  0x00, 0x04, 0x00, 0x02, 0x66, 0x22, 0x00, 0x00, 0x00, 0x04, 0x00, 0x02,
  0x66, 0x22, 0x00, 0x00, 0x00, 0x04, 0x00, 0x02, 0x66, 0x22, 0x00, 0x00,
  0x00, 0x04, 0x00, 0x02, 0x66, 0x22, 0x00, 0x00, 0x00, 0x04, 0x00, 0x02,
  0x66, 0x22, 0x00, 0x00, 0x00, 0x04, 0x00, 0x02, 0x66, 0x22, 0x00, 0x00,
  0x00, 0x04, 0x00, 0x02, 0x66, 0x22, 0x00, 0x00, 0x00, 0x04, 0x00, 0x02,
  0x66, 0x22, 0x00, 0x00, 0x00, 0x04, 0x00, 0x02, 0x66, 0x22, 0x00, 0x00,
  0x00, 0x04, 0x00, 0x02, 0x66, 0x22, 0x00, 0x00, 0x00, 0x04, 0x00, 0x06,
  0x66, 0x22, 0x00, 0x00, 0x00, 0x04, 0x00, 0x06, 0x66, 0x22, 0x00, 0x00,
  0x00, 0x04, 0x00, 0x06, 0x66, 0x22, 0x00, 0x00, 0x00, 0x04, 0x00, 0x06,
  0x66, 0x22, 0x00, 0x00, 0x00, 0x04, 0x00, 0x06, 0x66, 0x22, 0x00, 0x00,
  0x00, 0x04, 0x00, 0x06, 0x66, 0x22, 0x00, 0x00, 0x00, 0x04, 0x00, 0x06,
  0x66, 0x22, 0x00, 0x00, 0x00, 0x04, 0x00, 0x06, 0x66, 0x22, 0x00, 0x00,
  0x00, 0x04, 0x00, 0x06, 0x66, 0x22, 0x20, 0x00, 0x00, 0x04, 0x00, 0x06,
  0x66, 0x22, 0x20, 0x00, 0x00, 0x04, 0x00, 0x06, 0x66, 0x22, 0x20, 0x00,
  0x00, 0x04, 0x00, 0x06, 0x66, 0x22, 0x20, 0x00, 0x00, 0x04, 0x00, 0x06,
  0x66, 0x22, 0x20, 0x00, 0x00, 0x04, 0x00, 0x06, 0x66, 0x22, 0x20, 0x00,
  0x00, 0x04, 0x00, 0x06, 0x66, 0x22, 0x20, 0x00, 0x00, 0x04, 0x00, 0x06,
  0x66, 0x22, 0x20, 0x20, 0x00, 0x04, 0x00, 0x06, 0x66, 0x22, 0x22, 0x20,
  0x00, 0x04, 0x00, 0x06, 0x66, 0x22, 0x22, 0x20, 0x00, 0x04, 0x00, 0x06,
  0x66, 0x22, 0x22, 0x20, 0x00, 0x04, 0x00, 0x26, 0x66, 0x22, 0x26, 0x60,
  0x00, 0x04, 0x00, 0x26, 0x66, 0x22, 0x26, 0x60, 0x00, 0x04, 0x00, 0x66,
  0x66, 0x22, 0x26, 0x60, 0x00, 0x04, 0x00, 0x66, 0x66, 0x22, 0x26, 0x60,
  0x00, 0x44, 0x00, 0x66, 0x66, 0x22, 0x26, 0x60, 0x00, 0x40, 0x02, 0x66,
  0x66, 0x22, 0x26, 0x60, 0x00, 0x40, 0x02, 0x66, 0x66, 0x22, 0x26, 0x60,
  0x00, 0x60, 0x06, 0x66, 0x66, 0x22, 0x26, 0x60, 0x00, 0x60, 0x04, 0x66,
  0x66, 0x22, 0x26, 0x60, 0x00, 0x20, 0x04, 0x66, 0x66, 0x22, 0x26, 0x60,
  0x00, 0x20, 0x04, 0x66, 0x66, 0x22, 0x26, 0x60, 0x00, 0x22, 0x44, 0x66,
  0x66, 0x22, 0x26, 0x60, 0x00, 0x22, 0x44, 0x46, 0x66, 0x22, 0x26, 0x60,
  0x00, 0x22, 0x04, 0x46, 0x66, 0x62, 0x26, 0x60, 0x00, 0x22, 0x44, 0x46,
  0x66, 0x62, 0x26, 0x60, 0x00, 0x22, 0x44, 0x46, 0x66, 0x62, 0x26, 0x60,
  0x00, 0x22, 0x44, 0x46, 0x66, 0x62, 0x26, 0x60, 0x00, 0x22, 0x44, 0x46,
  0x66, 0x62, 0x26, 0x60, 0x00, 0x22, 0x44, 0x46, 0x66, 0x62, 0x26, 0x60,
  0x00, 0x22, 0x44, 0x46, 0x66, 0x62, 0x26, 0x60, 0x00, 0x22, 0x04, 0x46,
  0x66, 0x60, 0x26, 0x60, 0x00, 0x22, 0x04, 0x46, 0x66, 0x60, 0x26, 0x60,
  0x00, 0x22, 0x04, 0x46, 0x66, 0x20, 0x26, 0x60, 0x00, 0x22, 0x44, 0x46,
  0x66, 0x20, 0x26, 0x60, 0x00, 0x22, 0x04, 0x46, 0x66, 0x20, 0x26, 0x60,
  0x00, 0x22, 0x04, 0x46, 0x66, 0x20, 0x26, 0x60, 0x00, 0x22, 0x04, 0x46,
  0x66, 0x20, 0x26, 0x60, 0x00, 0x22, 0x04, 0x46, 0x66, 0x20, 0x26, 0x60,
  0x00, 0x22, 0x44, 0x46, 0x66, 0x20, 0x26, 0x60, 0x00, 0x22, 0x04, 0x46,
  0x66, 0x60, 0x26, 0x60, 0x00, 0x22, 0x24, 0x46, 0x66, 0x60, 0x26, 0x60,
  0x00, 0x22, 0x24, 0x46, 0x66, 0x60, 0x26, 0x60, 0x00, 0x22, 0x24, 0x46,
  0x66, 0x60, 0x06, 0x60, 0x00, 0x22, 0x04, 0x46, 0x66, 0x64, 0x06, 0x60,
  0x00, 0x22, 0x04, 0x46, 0x66, 0x64, 0x06, 0x60, 0x00, 0x22, 0x04, 0x46,
  0x66, 0x64, 0x06, 0x60, 0x00, 0x22, 0x44, 0x46, 0x66, 0x60, 0x06, 0x60,
  0x00, 0x22, 0x44, 0x46, 0x66, 0x60, 0x06, 0x60, 0x00, 0x22, 0x44, 0x46,
  0x66, 0x20, 0x06, 0x60, 0x00, 0x22, 0x44, 0x46, 0x66, 0x20, 0x06, 0x60,
  0x00, 0x22, 0x44, 0x46, 0x66, 0x20, 0x06, 0x60, 0x00, 0x22, 0x44, 0x46,
  0x66, 0x20, 0x06, 0x60, 0x00, 0x22, 0x44, 0x46, 0x66, 0x20, 0x06, 0x60,
  0x00, 0x22, 0x44, 0x46, 0x66, 0x60, 0x06, 0x60, 0x00, 0x22, 0x44, 0x46,
  0x66, 0x60, 0x06, 0x60, 0x00, 0x22, 0x44, 0x46, 0x66, 0x60, 0x06, 0x60,
  0x00, 0x22, 0x44, 0x46, 0x66, 0x60, 0x06, 0x60, 0x00, 0x22, 0x44, 0x46,
  0x66, 0x60, 0x06, 0x60, 0x00, 0x22, 0x44, 0x46, 0x66, 0x60, 0x06, 0x60,
  0x00, 0x60, 0x44, 0x66, 0x66, 0x60, 0x06, 0x60, 0x00, 0x60, 0x44, 0x66,
  0x66, 0x60, 0x06, 0x60, 0x00, 0x60, 0x46, 0x66, 0x66, 0x60, 0x06, 0x60,
  0x00, 0x64, 0x46, 0x66, 0x66, 0x60, 0x06, 0x60, 0x00, 0x64, 0x66, 0x66,
  0x66, 0x60, 0x06, 0x60, 0x00, 0x64, 0x66, 0x66, 0x66, 0x20, 0x06, 0x60,
  0x00, 0x66, 0x66, 0x66, 0x66, 0x20, 0x06, 0x60, 0x00, 0x66, 0x66, 0x66,
  0x66, 0x00, 0x06, 0x60, 0x00, 0x66, 0x66, 0x66, 0x66, 0x20, 0x06, 0x60,
  0x00, 0x66, 0x66, 0x66, 0x66, 0x20, 0x06, 0x60, 0x00, 0x66, 0x66, 0x66,
  0x66, 0x20, 0x06, 0x60, 0x00, 0x66, 0x66, 0x66, 0x66, 0x60, 0x06, 0x60,
  0x00, 0x66, 0x66, 0x66, 0x66, 0x60, 0x06, 0x60, 0x00, 0x66, 0x66, 0x66,
  0x66, 0x62, 0x06, 0x60, 0x04, 0x66, 0x66, 0x66, 0x66, 0x62, 0x04, 0x60,
  0x02, 0x66, 0x66, 0x66, 0x66, 0x66, 0x00, 0x60, 0x26, 0x66, 0x66, 0x66,
  0x66, 0x66, 0x60, 0x60, 0x66, 0x66, 0x66, 0x66, 0x66, 0x66, 0x66, 0x40,
  0x66, 0x66, 0x66, 0x66, 0x66, 0x66, 0x66, 0x40, 0x66, 0x66, 0x66, 0x66,
  0x66, 0x66, 0x66, 0x60, 0x66, 0x66, 0x66, 0x66, 0x66, 0x66, 0x66, 0x60,
  0x66, 0x66, 0x66, 0x66, 0x66, 0x66, 0x66, 0x60, 0x66, 0x6e, 0x76, 0x66,
  0x66, 0x66, 0x66, 0x60, 0x46, 0xef, 0xfe, 0x66, 0x66, 0x66, 0x66, 0x60,
  0xee, 0xff, 0xff, 0xee, 0x66, 0x66, 0x66, 0x60, 0xff, 0xff, 0xff, 0xee,
  0x66, 0x66, 0x66, 0x60, 0xff, 0xff, 0xff, 0xff, 0xe6, 0x66, 0x66, 0x60,
  0xff, 0xff, 0xff, 0xff, 0xe6, 0x66, 0x66, 0x60, 0xff, 0xff, 0xff, 0xff,
  0xfe, 0xe6, 0x66, 0x60, 0xff, 0xff, 0xff, 0xff, 0xff, 0xf6, 0x66, 0x60,
  0xff, 0xff, 0xff, 0xff, 0xff, 0xef, 0x66, 0x60, 0xff, 0xff, 0xff, 0xff,
  0xff, 0xfe, 0xf6, 0x60, 0xff, 0xff, 0xff, 0xff, 0xff, 0xff, 0x66, 0xf0,
  0xff, 0xff, 0xff, 0xff, 0xff, 0xff, 0x66, 0x60, 0xff, 0xff, 0xff, 0xff,
  0xff, 0xff, 0xf6, 0x60, 0xff, 0xff, 0xff, 0xff, 0xff, 0xff, 0xf6, 0x60,
  0xff, 0xff, 0xff, 0xff, 0xff, 0xff, 0xf7, 0x60, 0xff, 0xff, 0xff, 0xff,
  0xff, 0xff, 0xff, 0x70, 0xff, 0xff, 0xff, 0xff, 0xff, 0xff, 0xff, 0x70,
  0xff, 0xff, 0xff, 0xff, 0xff, 0xff, 0xff, 0xf0, 0xff, 0xff, 0xff, 0xff,
  0xff, 0xff, 0xff, 0xf0, 0xff, 0xff, 0xff, 0xff, 0xff, 0xff, 0xff, 0xf0,
  0xff, 0xff, 0xff, 0xff, 0xff, 0xff, 0xff, 0xf0, 0xff, 0xff, 0xff, 0xff,
  0xff, 0xff, 0xff, 0xf0, 0xff, 0xff, 0xff, 0xff, 0xff, 0xff, 0xff, 0xf0,
  0xff, 0xff, 0xff, 0xff, 0xff, 0xff, 0xff, 0xf0, 0xff, 0xff, 0xff, 0xff,
  0xff, 0xff, 0xff, 0xf0, 0xff, 0xff, 0xff, 0xff, 0xff, 0xff, 0xff, 0xf0,
  0xff, 0xff, 0xff, 0xff, 0xff, 0xff, 0xff, 0xf0, 0xff, 0xff, 0xff, 0xff,
  0xff, 0xff, 0xff, 0xf0, 0xff, 0xff, 0xff, 0xff, 0xff, 0xff, 0xff, 0xf0,
  0xff, 0xff, 0xff, 0xff, 0xff, 0xff, 0xff, 0xf0, 0xff, 0xff, 0xff, 0xff,
  0xff, 0xff, 0xff, 0xf0, 0xff, 0xff, 0xff, 0xff, 0xff, 0xff, 0xff, 0xf0,
  0xff, 0xff, 0xff, 0xff, 0xff, 0xff, 0xff, 0xf0, 0xff, 0xff, 0xff, 0xff,
  0xff, 0xff, 0xff, 0xf0, 0xff, 0xff, 0xff, 0xff, 0xff, 0xff, 0xff, 0xf0,
  0xff, 0xff, 0xff, 0xff, 0xff, 0xff, 0xff, 0xf0, 0xff, 0xff, 0xff, 0xff,
  0xff, 0xff, 0xff, 0xf0, 0xff, 0xff, 0xff, 0xff, 0xff, 0xff, 0xff, 0xf0,
  0xff, 0xff, 0xff, 0xff, 0xff, 0xff, 0xff, 0xf0, 0xff, 0xff, 0xff, 0xff,
  0xff, 0xff, 0xff, 0xf0, 0xff, 0xff, 0xff, 0xff, 0xff, 0xff, 0xff, 0xf0,
  0xff, 0xff, 0xff, 0xff, 0xff, 0xff, 0xff, 0xf0, 0xff, 0xff, 0xff, 0xff,
  0xff, 0xff, 0xff, 0xf0, 0xff, 0xff, 0xff, 0xff, 0xff, 0xff, 0xff, 0xf0,
  0xff, 0xff, 0xff, 0xff, 0xff, 0xff, 0xff, 0xf0, 0xff, 0xff, 0xff, 0xff,
  0xff, 0xff, 0xff, 0xf0, 0xff, 0xff, 0xff, 0xff, 0xff, 0xff, 0xff, 0xf0,
  0xff, 0xff, 0xff, 0xff, 0xff, 0xff, 0xff, 0xf0, 0xff, 0xff, 0xff, 0xff,
  0xff, 0xff, 0xff, 0xf0, 0xff, 0xff, 0xff, 0xff, 0xff, 0xff, 0xff, 0x70,
  0xff, 0xff, 0xff, 0xff, 0xff, 0xff, 0xff, 0x30, 0xff, 0xff, 0xff, 0xff,
  0xff, 0xff, 0xf7, 0x30, 0x7f, 0xff, 0xff, 0xff, 0xff, 0xff, 0xf7, 0x30,
  0x77, 0xf7, 0xff, 0xff, 0xff, 0xff, 0xff, 0x30, 0x77, 0x77, 0x7f, 0xbb,
  0xff, 0xff, 0xf7, 0x30, 0x33, 0x33, 0xff, 0xff, 0xff, 0xff, 0xff, 0x30,
  0x33, 0x33, 0xff, 0xff, 0xff, 0xff, 0xff, 0x30, 0x33, 0x33, 0xff, 0xff,
  0xff, 0xff, 0xff, 0x30, 0x33, 0xf7, 0xff, 0xff, 0xff, 0xff, 0xff, 0x30,
  0x33, 0xff, 0xff, 0xff, 0xff, 0xff, 0xff, 0x30, 0x37, 0xff, 0xff, 0xff,
  0xff, 0xff, 0xff, 0x30, 0x37, 0xf7, 0xff, 0xff, 0xff, 0xff, 0xff, 0x30,
  0x77, 0x77, 0x7f, 0xff, 0xff, 0xff, 0xff, 0x30, 0x77, 0x77, 0xff, 0xff,
  0xff, 0xff, 0xff, 0x30, 0x77, 0x77, 0xff, 0xff, 0xf7, 0xff, 0xff, 0x30,
  0x77, 0xff, 0xff, 0xff, 0xf7, 0xff, 0xff, 0x30, 0x77, 0xff, 0xff, 0xff,
  0xff, 0xff, 0xff, 0x70, 0x77, 0xf7, 0x7f, 0xff, 0xff, 0xff, 0xff, 0x70,
  0x33, 0x37, 0x7f, 0xff, 0xff, 0xff, 0xff, 0x70, 0x37, 0x77, 0xff, 0xff,
  0xff, 0xff, 0xff, 0x70, 0x77, 0xff, 0xff, 0xff, 0xff, 0xff, 0xff, 0x70,
  0x77, 0x7f, 0xff, 0xff, 0xff, 0xff, 0xff, 0x70, 0x77, 0x77, 0xff, 0xff,
  0xff, 0xff, 0xff, 0x70, 0x77, 0x77, 0x7f, 0xff, 0xff, 0xff, 0xff, 0x70,
  0x33, 0x77, 0xff, 0xff, 0xff, 0xff, 0xff, 0x70, 0x77, 0x7f, 0xff, 0xff,
  0xff, 0xff, 0xff, 0x30, 0x77, 0x7f, 0x7f, 0xff, 0xff, 0xff, 0xff, 0x30,
  0x77, 0x7f, 0xff, 0xff, 0xff, 0xff, 0xff, 0x30, 0x77, 0xff, 0xff, 0xff,
  0xff, 0xff, 0xff, 0x30, 0x77, 0xff, 0xff, 0xff, 0xff, 0xff, 0xff, 0x30,
  0x37, 0xff, 0xff, 0xff, 0xff, 0xff, 0xff, 0x30, 0x33, 0xff, 0xff, 0xff,
  0xff, 0xff, 0xff, 0x70, 0x37, 0xff, 0xff, 0xff, 0xff, 0xff, 0xff, 0x10,
  0x77, 0xff, 0x7f, 0xff, 0xff, 0xfb, 0xbb, 0x30, 0x77, 0x77, 0x7f, 0xff,
  0xbb, 0xbb, 0xbb, 0x30, 0x77, 0x77, 0x7f, 0xfb, 0xbb, 0xbb, 0xbb, 0x30,
  0x73, 0x33, 0x3b, 0xbb, 0xb9, 0x99, 0x9b, 0x20, 0x33, 0x3b, 0xbb, 0x99,
  0x99, 0x99, 0x99, 0x00, 0x33, 0x3b, 0xb9, 0x99, 0x99, 0x99, 0x99, 0x00,
  0x33, 0x19, 0x99, 0x99, 0x99, 0x99, 0x99, 0x00, 0x00, 0x19, 0x08, 0x99,
  0x99, 0x99, 0x99, 0x00, 0x00, 0x00, 0x09, 0x99, 0x99, 0x99, 0x99, 0x00,
  0x00, 0x00, 0x09, 0x99, 0x99, 0x99, 0x99, 0x00, 0x00, 0x00, 0x09, 0x99,
  0x99, 0x99, 0x99, 0x00, 0x00, 0x00, 0x19, 0x99, 0x99, 0x99, 0x99, 0x00,
  0x00, 0x00, 0x19, 0x99, 0x99, 0x99, 0x99, 0x00, 0x00, 0x00, 0x19, 0x99,
  0x99, 0x99, 0x99, 0x00, 0x00, 0x00, 0x19, 0x99, 0x99, 0x99, 0x99, 0x00,
  0x00, 0x00, 0x19, 0x98, 0x99, 0x99, 0x99, 0x00, 0x00, 0x00, 0x19, 0x99,
  0x99, 0x99, 0x99, 0x00, 0x00, 0x00, 0x19, 0x99, 0x99, 0x99, 0x99, 0x00,
  0x00, 0x00, 0x19, 0x99, 0x99, 0x99, 0x99, 0x00, 0x00, 0x00, 0x19, 0x99,
  0x91, 0x19, 0xdd, 0x00, 0x00, 0x00, 0x19, 0x99, 0x91, 0x1d, 0xdd, 0x00,
  0x00, 0x00, 0x09, 0x99, 0x11, 0x1d, 0xdd, 0x00, 0x00, 0x00, 0x09, 0x99,
  0x11, 0x5d, 0xdd, 0x00, 0x00, 0x00, 0x09, 0x99, 0x01, 0x55, 0xdd, 0x00,
  0x00, 0x00, 0x19, 0x99, 0x01, 0x55, 0xdd, 0x40, 0x00, 0x00, 0x19, 0x99,
  0x01, 0x15, 0xdd, 0xd0, 0x00, 0x00, 0x19, 0x98, 0x00, 0x15, 0xdd, 0xd0,
  0x00, 0x06, 0x59, 0x88, 0x00, 0x11, 0xd9, 0x90, 0x00, 0x06, 0x79, 0x88,
  0x20, 0x01, 0x19, 0x90, 0x00, 0x06, 0x7d, 0x98, 0x66, 0x01, 0x19, 0x90,
  0x00, 0x06, 0x7f, 0x98, 0x66, 0x60, 0x19, 0x90, 0x00, 0x06, 0x6f, 0x99,
  0xf6, 0x66, 0x11, 0x90, 0x00, 0x06, 0x67, 0xf9, 0xff, 0x66, 0x01, 0x90,
  0x00, 0x06, 0x66, 0xfd, 0xff, 0xe6, 0x01, 0x90, 0x00, 0x06, 0x66, 0xfd,
  0xff, 0xe6, 0x01, 0x90, 0x00, 0x06, 0x66, 0x6f, 0xff, 0xff, 0x01, 0x90,
  0x00, 0x06, 0x66, 0x66, 0xff, 0xfe, 0xb1, 0x10, 0x00, 0x06, 0x66, 0x66,
  0x6f, 0xfe, 0x61, 0x10, 0x00, 0x06, 0x66, 0x66, 0x66, 0xfe, 0x61, 0x10,
  0x00, 0x06, 0x66, 0x60, 0x66, 0x66, 0x61, 0x10, 0x00, 0x06, 0x66, 0x00,
  0x66, 0x66, 0x61, 0x10, 0x00, 0x06, 0x66, 0x00, 0x66, 0x66, 0x21, 0x10,
  0x00, 0x06, 0x66, 0x00, 0x66, 0x66, 0x01, 0x10, 0x00, 0x06, 0x66, 0x00,
  0x66, 0x66, 0x01, 0x10, 0x00, 0x06, 0x66, 0x60, 0x66, 0x66, 0x01, 0x10,
  0x00, 0x06, 0x66, 0x60, 0x66, 0x66, 0x01, 0x10, 0x00, 0x06, 0x66, 0x60,
  0x66, 0x66, 0x01, 0x50, 0x00, 0x06, 0x66, 0x62, 0x66, 0x66, 0x01, 0x50,
  0x00, 0x06, 0x66, 0x66, 0x66, 0x66, 0x01, 0x50, 0x00, 0x46, 0x66, 0x66,
  0x66, 0x66, 0x01, 0x50, 0x00, 0x46, 0x66, 0x66, 0x66, 0x66, 0x01, 0x50,
  0x00, 0x46, 0x66, 0x66, 0x66, 0x66, 0x21, 0x70, 0x00, 0x46, 0x66, 0x66,
  0x66, 0x66, 0x23, 0x70, 0x00, 0x46, 0x66, 0x66, 0x66, 0x66, 0x23, 0x70,
  0x00, 0x46, 0x66, 0x66, 0x66, 0x66, 0x67, 0x70, 0x00, 0x46, 0x66, 0x66,
  0x66, 0x66, 0x67, 0x70, 0x00, 0x46, 0x66, 0x66, 0x66, 0x66, 0x67, 0x70,
  0x00, 0x06, 0x66, 0x66, 0x66, 0x66, 0x67, 0x70, 0x00, 0x06, 0x66, 0x66,
  0x66, 0x66, 0x67, 0x70, 0x00, 0x06, 0x66, 0x66, 0x66, 0x66, 0x67, 0x70,
  0x00, 0x06, 0x66, 0x66, 0x66, 0x66, 0x67, 0x70, 0x00, 0x06, 0x66, 0x66,
  0x66, 0x66, 0x67, 0x70, 0x00, 0x06, 0x66, 0x66, 0x66, 0x66, 0x67, 0x70,
  0x00, 0x06, 0x66, 0x66, 0x66, 0x66, 0x67, 0x70, 0x00, 0x06, 0x66, 0x66,
  0x66, 0x66, 0x67, 0x70, 0x00, 0x06, 0x66, 0x66, 0x66, 0x66, 0x67, 0x70,
  0x00, 0x06, 0x66, 0x66, 0x66, 0x66, 0x67, 0x70, 0x00, 0x06, 0x66, 0x66,
  0x66, 0x66, 0x67, 0x70, 0x00, 0x06, 0x66, 0x66, 0x66, 0x66, 0x67, 0x70,
  0x00, 0x06, 0x66, 0x66, 0x66, 0x66, 0x67, 0x70, 0x00, 0x06, 0x66, 0x66,
  0x66, 0x66, 0x67, 0x70, 0x00, 0x06, 0x66, 0x66, 0x66, 0x66, 0x66, 0x70,
  0x00, 0x06, 0x66, 0x66, 0x66, 0x66, 0x66, 0x70, 0x00, 0x06, 0x66, 0x66,
  0x66, 0x66, 0x66, 0x70, 0x00, 0x46, 0x66, 0x66, 0x66, 0x66, 0x66, 0x70,
  0x00, 0x44, 0x66, 0x66, 0x66, 0x66, 0x66, 0x60, 0x04, 0x44, 0x66, 0x66,
  0x66, 0x66, 0x66, 0x60, 0x44, 0x44, 0x66, 0x66, 0x66, 0x66, 0x66, 0x60,
  0x44, 0x44, 0x66, 0x66, 0x66, 0x66, 0x66, 0x20, 0x44, 0x44, 0x66, 0x66,
  0x66, 0x66, 0x66, 0x20, 0x44, 0x44, 0x46, 0x66, 0x66, 0x66, 0x66, 0x20,
  0x44, 0x44, 0x46, 0x76, 0x66, 0xee, 0xe6, 0x20, 0x44, 0x44, 0x46, 0x7f,
  0xee, 0xee, 0xe6, 0x60, 0x44, 0x46, 0x66, 0xdd, 0xfe, 0xee, 0x66, 0x60,
  0x64, 0x66, 0x6e, 0xcd, 0xff, 0xee, 0x66, 0x60, 0x64, 0x66, 0x6e, 0xcd,
  0xff, 0xfe, 0x66, 0x60, 0x66, 0x66, 0xee, 0xcd, 0xdf, 0xf6, 0x66, 0x60,
  0x66, 0x6e, 0xee, 0xec, 0xdf, 0xf7, 0x66, 0x60, 0x66, 0x6e, 0xee, 0xec,
  0xcd, 0x77, 0x66, 0x60, 0x66, 0x6e, 0xee, 0xee, 0xcc, 0x77, 0x76, 0x60,
  0x66, 0x6e, 0xee, 0xee, 0xcc, 0x77, 0x76, 0x60, 0x66, 0xee, 0xee, 0xee,
  0xee, 0xc6, 0x77, 0x60, 0x66, 0xee, 0xee, 0xee, 0xee, 0xcc, 0x67, 0x70,
  0x6e, 0xee, 0xee, 0xee, 0xee, 0xec, 0x66, 0x70, 0x6e, 0xef, 0xfe, 0xee,
  0xee, 0xec, 0xc6, 0x60, 0xff, 0xff, 0x7f, 0xfb, 0xee, 0xee, 0xcc, 0xe0,
  0xff, 0xf7, 0x7f, 0xfb, 0xee, 0xee, 0xcc, 0xe0, 0x77, 0x77, 0x7f, 0xbb,
  0xfe, 0xee, 0xec, 0x40, 0x67, 0x77, 0xff, 0xbf, 0xfe, 0xee, 0xec, 0x40,
  0x66, 0x77, 0xff, 0xff, 0xff, 0xee, 0xe4, 0x40, 0x66, 0x77, 0xff, 0xff,
  0xff, 0xfe, 0xe4, 0x40, 0x66, 0x77, 0xff, 0xff, 0xff, 0xfe, 0x66, 0x40,
  0x66, 0x6f, 0xff, 0xff, 0xff, 0xfe, 0x66, 0x00, 0x66, 0x6f, 0xff, 0xff,
  0xff, 0x76, 0x66, 0x00, 0x66, 0x6e, 0xff, 0xff, 0xff, 0x76, 0x66, 0x00,
  0x66, 0x6e, 0xef, 0xff, 0xff, 0x66, 0x66, 0x00, 0x66, 0xee, 0xee, 0xff,
  0xfe, 0x66, 0x66, 0x00, 0x6e, 0xee, 0xee, 0xee, 0xee, 0xee, 0x64, 0x00,
  0xee, 0xee, 0xee, 0xee, 0xee, 0xee, 0x64, 0x00, 0xee, 0xee, 0xee, 0xee,
  0xee, 0xee, 0xc4, 0x00, 0xee, 0xee, 0xee, 0xee, 0xee, 0xee, 0xc4, 0x00,
  0xee, 0xee, 0xee, 0xee, 0xee, 0xcc, 0x40, 0x00, 0xee, 0xee, 0xee, 0xee,
  0xec, 0xcc, 0x00, 0x00, 0xee, 0xee, 0xee, 0xec, 0xcc, 0xc0, 0x00, 0x00,
  0xcc, 0xec, 0xcc, 0xcc, 0xcc, 0xc0, 0x00, 0x00, 0xcc, 0xcc, 0xcc, 0xcc,
  0xc0, 0x00, 0x00, 0x00, 0xcc, 0xcc, 0xcc, 0xc8, 0x80, 0x00, 0x00, 0x00,
  0xcc, 0xcc, 0xcc, 0x88, 0x00, 0x00, 0x00, 0x00, 0xcc, 0xcc, 0xc8, 0x88,
  0x00, 0x00, 0x00, 0x00, 0xcc, 0x88, 0x98, 0x80, 0x00, 0x00, 0x01, 0x10,
  0x88, 0x88, 0x98, 0x00, 0x00, 0x00, 0x11, 0x10, 0x88, 0x88, 0x99, 0x01,
  0x00, 0x11, 0x11, 0x10, 0x88, 0x88, 0x99, 0x01, 0x00, 0x11, 0x11, 0x10,
  0x88, 0x88, 0x99, 0x11, 0x11, 0x11, 0x11, 0x10, 0x88, 0x88, 0x99, 0x11,
  0x11, 0x11, 0x11, 0x10, 0x88, 0x88, 0x99, 0x11, 0x11, 0x11, 0x11, 0x10,
  0x88, 0x88, 0x99, 0x11, 0x11, 0x11, 0x11, 0x10, 0x88, 0x88, 0x99, 0x11,
  0x11, 0x11, 0x11, 0x10, 0x88, 0x88, 0x99, 0x11, 0x11, 0x11, 0x11, 0x10,
  0x88, 0x88, 0x99, 0x11, 0x11, 0x11, 0x11, 0x10, 0x88, 0x88, 0x89, 0x11,
  0x11, 0x11, 0x11, 0x10, 0x88, 0x88, 0x88, 0x11, 0x11, 0x11, 0x11, 0x10,
  0x88, 0x88, 0x88, 0x11, 0x11, 0x11, 0x11, 0x10, 0x88, 0x88, 0x88, 0x01,
  0x11, 0x11, 0x11, 0x10, 0x88, 0x88, 0x88, 0x01, 0x11, 0x11, 0x11, 0x10,
  0x88, 0x88, 0x88, 0x01, 0x11, 0x10, 0x11, 0x10, 0x88, 0x88, 0x88, 0x00,
  0x01, 0x10, 0x11, 0x10, 0x88, 0x88, 0x88, 0x00, 0x01, 0x10, 0x11, 0x10,
  0x88, 0x88, 0x88, 0x00, 0x00, 0x00, 0x11, 0x10, 0x88, 0x88, 0x88, 0x00,
  0x00, 0x00, 0x11, 0x30, 0x88, 0x88, 0x88, 0x00, 0x00, 0x00, 0x11, 0x30,
  0x88, 0x88, 0x88, 0x00, 0x00, 0x00, 0x11, 0x30, 0x88, 0x88, 0x88, 0x00,
  0x00, 0x00, 0x01, 0x30, 0x88, 0x88, 0x88, 0x00, 0x00, 0x00, 0x03, 0x30,
  0x88, 0x88, 0x88, 0x00, 0x00, 0x00, 0x03, 0x30, 0x88, 0x88, 0x88, 0x00,
  0x00, 0x00, 0x03, 0x30, 0x88, 0x88, 0x88, 0x00, 0x00, 0x00, 0x23, 0x30,
  0x88, 0x88, 0x88, 0x00, 0x00, 0x00, 0x22, 0x30, 0x88, 0x88, 0x88, 0x02,
  0x00, 0x00, 0x22, 0x30, 0x88, 0x88, 0x88, 0x02, 0x00, 0x00, 0x22, 0x30,
  0x88, 0x88, 0x88, 0x02, 0x00, 0x02, 0x22, 0x30, 0x88, 0x88, 0x88, 0x02,
  0x00, 0x22, 0x22, 0x20, 0x88, 0x88, 0x88, 0x02, 0x00, 0x22, 0x22, 0x20,
  0x88, 0x88, 0x88, 0x02, 0x00, 0x22, 0x22, 0x20, 0x88, 0x88, 0x88, 0x02,
  0x00, 0x22, 0x22, 0x20, 0x88, 0x88, 0x88, 0x02, 0x22, 0x22, 0x22, 0x20,
  0x88, 0x88, 0x88, 0x02, 0x02, 0x22, 0x22, 0x20, 0x88, 0x88, 0x88, 0x02,
  0x02, 0x22, 0x22, 0x20, 0x88, 0x88, 0x88, 0x02, 0x00, 0x22, 0x22, 0x20,
  0x88, 0x88, 0x88, 0x02, 0x02, 0x22, 0x22, 0x20, 0x88, 0x88, 0x88, 0x02,
  0x02, 0x22, 0x22, 0x20, 0x88, 0x88, 0x88, 0x02, 0x22, 0x22, 0x22, 0x20,
  0x88, 0x88, 0x88, 0x02, 0x22, 0x22, 0x22, 0x20, 0x88, 0x88, 0x88, 0x02,
  0x22, 0x22, 0x22, 0x20, 0x88, 0x88, 0x88, 0x02, 0x22, 0x22, 0x22, 0x20,
  0x88, 0x88, 0x88, 0x22, 0x22, 0x22, 0x22, 0x20, 0x88, 0x88, 0x88, 0x22,
  0x22, 0x22, 0x22, 0x20, 0x88, 0x88, 0x88, 0x22, 0x22, 0x22, 0x22, 0x20,
  0x88, 0x88, 0x88, 0x22, 0x22, 0x22, 0x22, 0x20, 0x88, 0x88, 0x88, 0x22,
  0x22, 0x22, 0x22, 0x20, 0x88, 0x88, 0x88, 0x22, 0x22, 0x22, 0x22, 0x20,
  0x88, 0x88, 0x88, 0x22, 0x22, 0x22, 0x22, 0x20, 0x88, 0x88, 0x88, 0x22,
  0x22, 0x22, 0x22, 0x20, 0x88, 0x88, 0x88, 0x22, 0x22, 0x22, 0x22, 0x20,
  0x88, 0x88, 0x88, 0x22, 0x22, 0x22, 0x22, 0x20, 0x88, 0x88, 0x88, 0x22,
  0x22, 0x22, 0x22, 0x20, 0x88, 0x88, 0x88, 0x22, 0x22, 0x22, 0x22, 0x20,
  0x88, 0x88, 0x88, 0x22, 0x20, 0x22, 0x22, 0x20, 0x88, 0x88, 0x88, 0x22,
  0x20, 0x22, 0x22, 0x20, 0x88, 0x88, 0x88, 0x22, 0x20, 0x22, 0x22, 0x20,
  0x88, 0x88, 0x88, 0x22, 0x20, 0x22, 0x22, 0x20, 0x88, 0x88, 0x88, 0x22,
  0x20, 0x22, 0x22, 0x20, 0x88, 0x88, 0x88, 0x22, 0x20, 0x22, 0x22, 0x20,
  0x88, 0x88, 0x88, 0x22, 0x22, 0x22, 0x22, 0x20, 0x88, 0x88, 0x88, 0x22,
  0x22, 0x22, 0x22, 0x20, 0x88, 0x88, 0x88, 0x22, 0x22, 0x22, 0x22, 0x20,
  0x88, 0x88, 0x88, 0x22, 0x22, 0x22, 0x22, 0x20, 0x88, 0x88, 0x88, 0x22,
  0x22, 0x22, 0x22, 0x20, 0x88, 0x88, 0x88, 0x22, 0x22, 0x22, 0x22, 0x20,
  0x88, 0x88, 0x88, 0x22, 0x22, 0x22, 0x22, 0x20, 0x88, 0x88, 0x88, 0x22,
  0x22, 0x22, 0x22, 0x20, 0x88, 0x88, 0x88, 0x22, 0x22, 0x22, 0x22, 0x20,
  0x88, 0x88, 0x88, 0x22, 0x22, 0x22, 0x22, 0x20, 0x88, 0x88, 0x88, 0x22,
  0x22, 0x22, 0x22, 0x20, 0x88, 0x88, 0x88, 0x22, 0x22, 0x22, 0x22, 0x20,
  0x88, 0x88, 0x88, 0x22, 0x22, 0x22, 0x22, 0x20, 0x88, 0x88, 0x88, 0x22,
  0x22, 0x22, 0x22, 0x20, 0x88, 0x88, 0x88, 0x22, 0x22, 0x22, 0x22, 0x20,
  0x88, 0x88, 0x88, 0x22, 0x22, 0x22, 0x22, 0x20, 0x88, 0x88, 0x88, 0x22,
  0x22, 0x22, 0x22, 0x20, 0x88, 0x88, 0x88, 0x22, 0x22, 0x22, 0x22, 0x20,
  0x88, 0x88, 0x88, 0x22, 0x22, 0x22, 0x22, 0x20, 0x88, 0x88, 0x88, 0x22,
  0x22, 0x22, 0x22, 0x20, 0x88, 0x88, 0x88, 0x22, 0x22, 0x22, 0x22, 0x20,
  0x88, 0x88, 0x88, 0x22, 0x22, 0x22, 0x22, 0x20, 0x88, 0x88, 0x88, 0x22,
  0x22, 0x22, 0x22, 0x20, 0x88, 0x88, 0x88, 0x22, 0x22, 0x22, 0x22, 0x20,
  0x88, 0x88, 0x88, 0x22, 0x22, 0x22, 0x22, 0x20, 0x88, 0x88, 0x88, 0x22,
  0x22, 0x22, 0x22, 0x20, 0x88, 0x88, 0x88, 0x22, 0x22, 0x22, 0x22, 0x20,
  0x88, 0x88, 0x88, 0x22, 0x22, 0x22, 0x22, 0x20, 0x88, 0x88, 0x88, 0x22,
  0x22, 0x22, 0x22, 0x20, 0x88, 0x88, 0x88, 0x22, 0x22, 0x22, 0x22, 0x20,
  0x88, 0x88, 0x88, 0x22, 0x22, 0x22, 0x22, 0x20, 0x88, 0x88, 0xa8, 0x22,
  0x22, 0x22, 0x22, 0x20, 0x88, 0x88, 0xa8, 0x22, 0x02, 0x22, 0x22, 0x20,
  0x88, 0x88, 0xa8, 0x22, 0x02, 0x22, 0x22, 0x20, 0x88, 0x88, 0xa8, 0x22,
  0x00, 0x22, 0x22, 0x20, 0x88, 0x88, 0xa8, 0x22, 0x00, 0x22, 0x22, 0x20,
  0x88, 0x88, 0xa8, 0x22, 0x00, 0x22, 0x22, 0x20, 0x88, 0x88, 0xa8, 0x22,
  0x00, 0x22, 0x22, 0x20, 0x88, 0x88, 0xa8, 0x22, 0x00, 0x22, 0x22, 0x20,
  0x88, 0x88, 0xa8, 0x22, 0x00, 0x22, 0x22, 0x20, 0x88, 0x88, 0xa8, 0x22,
  0x20, 0x02, 0x22, 0x20, 0x88, 0x88, 0xa8, 0x22, 0x20, 0x02, 0x22, 0x20,
  0x88, 0x88, 0xa8, 0x22, 0x20, 0x02, 0x22, 0x20, 0x88, 0x88, 0xa8, 0x22,
  0x20, 0x02, 0x22, 0x20, 0x88, 0x88, 0xa8, 0x02, 0x20, 0x02, 0x22, 0x20,
  0x88, 0x88, 0x88, 0x02, 0x20, 0x02, 0x22, 0x20, 0x88, 0x88, 0x88, 0x02,
  0x20, 0x02, 0x22, 0x20, 0x88, 0x88, 0x88, 0x02, 0x20, 0x02, 0x22, 0x20,
  0x88, 0x88, 0x88, 0x02, 0x20, 0x00, 0x22, 0x20, 0x88, 0x88, 0x88, 0x02,
  0x00, 0x00, 0x22, 0x30, 0x88, 0x88, 0x88, 0x00, 0x00, 0x00, 0x23, 0x30,
  0x88, 0x88, 0x88, 0x00, 0x00, 0x00, 0x33, 0x30, 0x88, 0x88, 0x88, 0x00,
  0x10, 0x01, 0x13, 0x30, 0x88, 0x88, 0x88, 0x01, 0x10, 0x11, 0x13, 0x30,
  0x88, 0x88, 0x98, 0x01, 0x10, 0x11, 0x11, 0x30, 0x88, 0x88, 0x98, 0x01,
  0x10, 0x11, 0x11, 0x30, 0x88, 0x88, 0x98, 0x01, 0x11, 0x11, 0x11, 0x10,
  0xcc, 0x88, 0x98, 0x01, 0x11, 0x11, 0x11, 0x10, 0xcc, 0x88, 0x98, 0x01,
  0x11, 0x11, 0x11, 0x10, 0xcc, 0xc8, 0x98, 0x11, 0x11, 0x11, 0x11, 0x10,
  0xcc, 0xc8, 0x99, 0x11, 0x11, 0x11, 0x11, 0x10, 0xcc, 0xcc, 0x99, 0x11,
  0x11, 0x11, 0x11, 0x10, 0xcc, 0xcc, 0x98, 0x11, 0x11, 0x11, 0x11, 0x10,
  0xcc, 0xcc, 0x88, 0x11, 0x11, 0x10, 0x11, 0x10, 0xcc, 0xcc, 0xc8, 0x00,
  0x00, 0x00, 0x00, 0x10, 0xcc, 0xcc, 0xc8, 0x00, 0x00, 0x00, 0x00, 0x00,
  0xcc, 0xcc, 0xcc, 0x00, 0x00, 0x00, 0x00, 0x00, 0xcc, 0xcc, 0xcc, 0x00,
  0x00, 0x00, 0x00, 0x00, 0xcc, 0xcc, 0xcc, 0x00, 0x00, 0x00, 0x00, 0x00,
  0xcc, 0xcc, 0xc4, 0x00, 0x00, 0x00, 0x00, 0x00, 0xcc, 0xcc, 0xc4, 0x00,
  0x00, 0x00, 0x00, 0x00, 0xee, 0xec, 0xc4, 0x00, 0x00, 0x00, 0x00, 0x00,
  0xee, 0xe6, 0x64, 0x00, 0x00, 0x00, 0x00, 0x00, 0x66, 0x66, 0x64, 0x00,
  0x00, 0x00, 0x00, 0x00, 0x66, 0x66, 0x66, 0x00, 0x00, 0x00, 0x00, 0x00,
  0x66, 0x66, 0x66, 0x00, 0x00, 0x00, 0x00, 0x00, 0x66, 0x66, 0x66, 0x00,
  0x00, 0x00, 0x00, 0x00, 0x66, 0x66, 0x66, 0x00, 0x00, 0x00, 0x00, 0x00,
  0x66, 0x66, 0x62, 0x00, 0x00, 0x00, 0x00, 0x00, 0x77, 0x76, 0x62, 0x00,
  0x00, 0x00, 0x00, 0x00, 0x77, 0x73, 0x32, 0x00, 0x00, 0x00, 0x00, 0x00,
  0x77, 0x33, 0x32, 0x00, 0x00, 0x00, 0x00, 0x00, 0x33, 0x33, 0x32, 0x00,
  0x00, 0x00, 0x00, 0x00, 0x33, 0x33, 0x33, 0x00, 0x00, 0x00, 0x00, 0x00,
  0x33, 0x33, 0x33, 0x00, 0x08, 0x88, 0x88, 0x80, 0x33, 0x33, 0x3b, 0x00,
  0x88, 0x88, 0x88, 0x80, 0x33, 0x33, 0x39, 0x00, 0x88, 0x88, 0x88, 0x80,
  0x33, 0x33, 0x39, 0x00, 0x80, 0x88, 0x88, 0x80, 0x33, 0x33, 0x11, 0x00,
  0x00, 0x00, 0x00, 0x00, 0x33, 0x11, 0x11, 0x00, 0x00, 0x00, 0x00, 0x00,
  0x11, 0x11, 0x11, 0x00, 0x00, 0x04, 0x40, 0x40, 0x11, 0x11, 0x11, 0x00,
  0x00, 0x44, 0x44, 0x40, 0x11, 0x11, 0x15, 0x00, 0x44, 0x44, 0x44, 0x40,
  0x11, 0x11, 0x15, 0x00, 0x40, 0x44, 0x44, 0x40, 0x11, 0x11, 0x14, 0x00,
  0x00, 0x04, 0x44, 0x40, 0x11, 0x11, 0x10, 0x00, 0x00, 0x00, 0x00, 0x40,
  0x11, 0x11, 0x10, 0x00, 0x00, 0x00, 0x00, 0x00, 0x11, 0x11, 0x10, 0x00,
  0x00, 0x00, 0x00, 0x00, 0x11, 0x11, 0x10, 0x00, 0x00, 0x00, 0x00, 0x00,
  0x11, 0x11, 0x10, 0x00, 0x00, 0x00, 0x00, 0x00, 0x11, 0x11, 0x10, 0x00,
  0x00, 0x00, 0x00, 0x00, 0x11, 0x11, 0x10, 0x00, 0x00, 0x00, 0x00, 0x00,
  0x11, 0x11, 0x10, 0x00, 0x00, 0x00, 0x00, 0x00, 0x11, 0x11, 0x10, 0x00,
  0x00, 0x00, 0x00, 0x00, 0x11, 0x11, 0x10, 0x00, 0x00, 0x00, 0x00, 0x00,
  0x11, 0x11, 0x10, 0x00, 0x00, 0x00, 0x00, 0x00, 0x11, 0x11, 0x10, 0x00,
  0x00, 0x00, 0x00, 0x00, 0x11, 0x11, 0x10, 0x00, 0x00, 0x00, 0x00, 0x00,
  0x11, 0x11, 0x10, 0x00, 0x00, 0x00, 0x00, 0x00, 0x11, 0x11, 0x10, 0x00,
  0x00, 0x00, 0x00, 0x00, 0x11, 0x11, 0x10, 0x00, 0x00, 0x00, 0x00, 0x00,
  0x11, 0x11, 0x10, 0x00, 0x00, 0x00, 0x00, 0x00, 0x11, 0x11, 0x10, 0x00,
  0x00, 0x00, 0x00, 0x00, 0x11, 0x11, 0x10, 0x00, 0x00, 0x00, 0x00, 0x00,
  0x11, 0x11, 0x10, 0x00, 0x00, 0x00, 0x00, 0x00, 0x11, 0x11, 0x10, 0x00,
  0x00, 0x00, 0x00, 0x00, 0x11, 0x11, 0x10, 0x00, 0x00, 0x00, 0x00, 0x00,
  0x11, 0x11, 0x10, 0x00, 0x00, 0x00, 0x00, 0x00, 0x11, 0x11, 0x10, 0x00,
  0x00, 0x00, 0x00, 0x00, 0x11, 0x11, 0x10, 0x00, 0x00, 0x00, 0x00, 0x00,
  0x11, 0x11, 0x10, 0x00, 0x00, 0x00, 0x00, 0x00, 0x11, 0x11, 0x10, 0x00,
  0x00, 0x00, 0x00, 0x00, 0x11, 0x11, 0x10, 0x00, 0x00, 0x00, 0x00, 0x00,
  0x11, 0x11, 0x00, 0x00, 0x00, 0x00, 0x00, 0x00, 0x11, 0x11, 0x00, 0x00,
  0x00, 0x00, 0x00, 0x00, 0x11, 0x11, 0x00, 0x00, 0x00, 0x00, 0x00, 0x00,
  0x11, 0x10, 0x00, 0x00, 0x00, 0x00, 0x00, 0x00, 0x11, 0x10, 0x00, 0x00,
  0x00, 0x00, 0x00, 0x00, 0x11, 0x00, 0x00, 0x00, 0x00, 0x00, 0x20, 0x20,
  0x10, 0x00, 0x00, 0x00, 0x00, 0x00, 0x20, 0x20, 0x00, 0x00, 0x00, 0x00,
  0x02, 0x22, 0x22, 0x20, 0x00, 0x00, 0x00, 0x00, 0x22, 0x22, 0x22, 0x20,
  0x00, 0x00, 0x00, 0x00, 0x22, 0x22, 0x22, 0x20, 0x00, 0x00, 0x00, 0x00,
  0x22, 0x22, 0x22, 0x20, 0x00, 0x00, 0x00, 0x00, 0x22, 0x22, 0x22, 0x20,
  0x00, 0x00, 0x00, 0x00, 0x22, 0x22, 0x22, 0x20, 0x00, 0x00, 0x22, 0x02,
  0x22, 0x22, 0x22, 0x20, 0x00, 0x00, 0x22, 0x02, 0x22, 0x22, 0x22, 0x20,
  0x00, 0x00, 0x22, 0x02, 0x22, 0x22, 0x22, 0x20, 0x00, 0x00, 0x22, 0x22,
  0x22, 0x22, 0x22, 0x20, 0x00, 0x00, 0x22, 0x22, 0x22, 0x22, 0x22, 0x20,
  0x00, 0x00, 0x22, 0x22, 0x22, 0x22, 0x22, 0x20, 0x00, 0x02, 0x22, 0x22,
  0x22, 0x22, 0x22, 0x20, 0x00, 0x02, 0x22, 0x22, 0x22, 0x22, 0x22, 0x20,
  0x00, 0x02, 0x22, 0x22, 0x22, 0x22, 0x22, 0x20, 0x00, 0x02, 0x22, 0x22,
  0x22, 0x22, 0x22, 0x20, 0x00, 0x02, 0x22, 0x22, 0x22, 0x22, 0x22, 0x20,
  0x00, 0x02, 0x22, 0x22, 0x22, 0x22, 0x22, 0x20, 0x00, 0x02, 0x22, 0x22,
  0x22, 0x22, 0x22, 0x20, 0x00, 0x02, 0x22, 0x22, 0x22, 0x22, 0x22, 0x20,
  0x00, 0x02, 0x22, 0x22, 0x22, 0x22, 0x22, 0x20, 0x00, 0x02, 0x22, 0x22,
  0x22, 0x22, 0x22, 0x20, 0x00, 0x02, 0x22, 0x22, 0x22, 0x22, 0x22, 0x20,
  0x00, 0x02, 0x22, 0x22, 0x22, 0x22, 0x22, 0x20, 0x00, 0x02, 0x22, 0x22,
  0x22, 0x22, 0x22, 0x20, 0x00, 0x02, 0x22, 0x22, 0x22, 0x22, 0x22, 0x20,
  0x00, 0x22, 0x22, 0x22, 0x22, 0x22, 0x22, 0x20, 0x00, 0x22, 0x22, 0x22,
  0x22, 0x22, 0x22, 0x20, 0x00, 0x22, 0x22, 0x22, 0x22, 0x22, 0x22, 0x20,
  0x00, 0x22, 0x22, 0x22, 0x22, 0x22, 0x22, 0x20, 0x00, 0x02, 0x22, 0x22,
  0x22, 0x22, 0x22, 0x20, 0x00, 0x02, 0x22, 0x22, 0x22, 0x22, 0x22, 0x20,
  0x00, 0x02, 0x22, 0x22, 0x22, 0x22, 0x22, 0x20, 0x00, 0x02, 0x22, 0x22,
  0x22, 0x22, 0x22, 0x20, 0x00, 0x02, 0x62, 0x22, 0x22, 0x22, 0x22, 0x20,
  0x00, 0x02, 0x62, 0x22, 0x22, 0x22, 0x22, 0x20, 0x00, 0x06, 0x62, 0x22,
  0x22, 0x22, 0x22, 0x20, 0x00, 0x06, 0x66, 0x22, 0x22, 0x22, 0x22, 0x20,
  0x00, 0x02, 0x66, 0x22, 0x22, 0x26, 0x66, 0x60, 0x00, 0x00, 0x66, 0x62,
  0x22, 0x66, 0x66, 0x60, 0x00, 0x00, 0x66, 0x62, 0x22, 0x66, 0x66, 0x70,
  0x00, 0x00, 0x22, 0x22, 0x22, 0x66, 0x66, 0x70, 0x00, 0x02, 0x22, 0x22,
  0x26, 0x66, 0x67, 0xf0, 0x00, 0x22, 0x22, 0x22, 0x66, 0x66, 0xff, 0xf0,
  0x00, 0x22, 0x22, 0x26, 0x66, 0xef, 0xff, 0xf0, 0x00, 0x22, 0x26, 0x66,
  0x6e, 0xef, 0xff, 0xf0, 0x00, 0x26, 0x66, 0x66, 0x6e, 0xe6, 0x67, 0xf0,
  0x00, 0x26, 0x66, 0x66, 0x66, 0xee, 0x66, 0x60, 0x00, 0x06, 0x66, 0x66,
  0x64, 0x6e, 0xee, 0x60, 0x00, 0x04, 0x44, 0x66, 0x64, 0x46, 0xee, 0xe0,
  0x00, 0x00, 0x44, 0x44, 0x4c, 0xc4, 0x66, 0x60, 0x00, 0x00, 0x44, 0xcc,
  0xcc, 0xcc, 0xce, 0xe0, 0x00, 0x00, 0x4c, 0xcc, 0xcc, 0xcc, 0xcc, 0xe0,
  0x00, 0x00, 0x0c, 0xcc, 0xcc, 0xcc, 0xcc, 0xc0, 0x00, 0x00, 0x00, 0x88,
  0x8c, 0xcc, 0x88, 0xc0, 0x00, 0x00, 0x00, 0x88, 0x88, 0x88, 0x88, 0xc0,
  0x00, 0x00, 0x00, 0x88, 0x88, 0x88, 0x88, 0x80, 0x00, 0x00, 0x00, 0x08,
  0x88, 0x88, 0x88, 0x80, 0x00, 0x00, 0x00, 0x00, 0x88, 0x88, 0x8b, 0xb0,
  0x00, 0x00, 0x00, 0x00, 0x00, 0x00, 0xab, 0xb0, 0x00, 0x00, 0x00, 0x00,
  0x00, 0x02, 0x22, 0x20, 0x00, 0x00, 0x00, 0x00, 0x00, 0x02, 0x22, 0x20,
  0x00, 0x00, 0x00, 0x00, 0x00, 0x22, 0x22, 0x60, 0x00, 0x00, 0x00, 0x00,
  0x00, 0x22, 0x26, 0x60, 0x00, 0x00, 0x00, 0x00, 0x00, 0x22, 0x66, 0x60,
  0x00, 0x00, 0x00, 0x00, 0x02, 0x26, 0x66, 0x60, 0x00, 0x00, 0x22, 0x22,
  0x22, 0x46, 0x66, 0x60, 0x00, 0x02, 0x22, 0x22, 0x22, 0x44, 0x66, 0x60,
  0x10, 0x00, 0x02, 0x22, 0x22, 0x44, 0x46, 0x60, 0x10, 0x00, 0x02, 0x22,
  0x20, 0x44, 0x44, 0x40, 0x11, 0x10, 0x00, 0x22, 0x00, 0x44, 0x44, 0x40,
  0x11, 0x10, 0x00, 0x06, 0x44, 0x44, 0x44, 0x40, 0x11, 0x11, 0x00, 0x04,
  0x44, 0x44, 0x44, 0xc0, 0x11, 0x11, 0x10, 0x04, 0x44, 0x44, 0x44, 0xc0,
  0x11, 0x11, 0x11, 0x04, 0x44, 0x44, 0x4c, 0xc0, 0x33, 0x11, 0x11, 0x10,
  0x44, 0x44, 0x08, 0xc0, 0x33, 0x33, 0x11, 0x11, 0x04, 0x40, 0x08, 0x80,
  0x33, 0x33, 0x33, 0x11, 0x11, 0xc8, 0x88, 0x80, 0x77, 0x73, 0x33, 0x33,
  0x33, 0x99, 0x88, 0x80, 0x77, 0x77, 0x77, 0x73, 0x33, 0x39, 0x98, 0x80,
  0x77, 0x77, 0x77, 0x77, 0x73, 0x3b, 0xb9, 0x80, 0x77, 0x77, 0x77, 0x77,
  0x77, 0x73, 0xbb, 0x10, 0xff, 0xff, 0xff, 0xff, 0xff, 0x77, 0x77, 0x70,
  0xff, 0xff, 0xff, 0xff, 0xff, 0xff, 0xf7, 0x70, 0xff, 0xff, 0xff, 0xff,
  0xff, 0xff, 0xff, 0xf0, 0xff, 0xff, 0xff, 0xff, 0xff, 0xff, 0xff, 0xf0,
  0xff, 0xff, 0xff, 0xff, 0xff, 0xff, 0xff, 0xf0, 0xff, 0xff, 0xff, 0xff,
  0xff, 0xff, 0xff, 0xf0, 0xff, 0xff, 0xff, 0xff, 0xff, 0xff, 0xff, 0xf0,
  0xff, 0xff, 0xff, 0xff, 0xff, 0xff, 0xff, 0xf0, 0xff, 0xff, 0xff, 0xff,
  0xff, 0xff, 0xff, 0xf0, 0xff, 0xff, 0xff, 0xff, 0xff, 0xff, 0xff, 0xf0,
  0xff, 0xff, 0xff, 0xff, 0xff, 0xff, 0xff, 0xf0, 0xff, 0xff, 0xff, 0xff,
  0xff, 0xff, 0xff, 0xf0, 0xff, 0xff, 0xff, 0xff, 0xff, 0xff, 0xff, 0xf0,
  0xff, 0xff, 0xff, 0xff, 0xff, 0xff, 0xff, 0xf0, 0xff, 0xff, 0xff, 0xff,
  0xff, 0xff, 0xff, 0xf0, 0xff, 0xff, 0xff, 0xff, 0xff, 0xff, 0xff, 0xf0,
  0xff, 0xff, 0xff, 0xff, 0xff, 0xff, 0xff, 0xf0, 0xff, 0xff, 0xff, 0xff,
  0xff, 0xff, 0xff, 0xf0, 0xff, 0xff, 0xff, 0xff, 0xff, 0xff, 0xff, 0xf0,
  0xff, 0xff, 0xff, 0xff, 0xff, 0xff, 0xff, 0xf0, 0xff, 0xff, 0xff, 0xff,
  0xff, 0xff, 0xff, 0xf0, 0xff, 0xff, 0xff, 0xff, 0xff, 0xff, 0xff, 0xf0,
  0xff, 0xff, 0xff, 0xff, 0xff, 0xff, 0xff, 0xf0, 0xff, 0xff, 0xff, 0xff,
  0xff, 0xff, 0xff, 0xf0, 0xff, 0xff, 0xff, 0xff, 0xff, 0xff, 0xff, 0xf0,
  0xff, 0xff, 0xff, 0xff, 0xff, 0xff, 0xff, 0xf0, 0xff, 0xff, 0xff, 0xff,
  0xff, 0xff, 0xff, 0xf0, 0xff, 0xff, 0xff, 0xff, 0xff, 0xff, 0xff, 0xf0,
  0xff, 0xff, 0xff, 0xff, 0xff, 0xff, 0xff, 0xf0, 0xff, 0xff, 0xff, 0xff,
  0xff, 0xff, 0xff, 0xf0, 0xff, 0xff, 0xff, 0xff, 0xff, 0xff, 0xff, 0xf0,
  0xff, 0xff, 0xff, 0xff, 0xff, 0xff, 0xff, 0xf0, 0xff, 0xff, 0xff, 0xff,
  0xff, 0xff, 0xff, 0xf0, 0xff, 0xff, 0xff, 0xff, 0xff, 0xff, 0xff, 0xf0,
  0xff, 0xff, 0xff, 0xff, 0xff, 0xff, 0xff, 0xf0, 0xff, 0xff, 0xff, 0xff,
  0xff, 0xff, 0xff, 0xe0, 0xff, 0xff, 0xff, 0xff, 0xff, 0xff, 0xfe, 0xf0,
  0xff, 0xff, 0xff, 0xff, 0xff, 0xff, 0xfe, 0xf0, 0xff, 0xff, 0xff, 0xff,
  0xff, 0xff, 0xfe, 0xf0, 0xff, 0xff, 0xff, 0xff, 0xff, 0xff, 0xff, 0xf0,
  0xff, 0xff, 0xff, 0xff, 0xff, 0xff, 0xff, 0xf0, 0xff, 0xff, 0xff, 0xff,
  0xff, 0xff, 0xff, 0xf0, 0xff, 0xff, 0xff, 0xff, 0xff, 0xff, 0xff, 0xf0,
  0xff, 0xff, 0xff, 0xff, 0xff, 0xff, 0xff, 0xf0, 0xff, 0xff, 0xff, 0xff,
  0xff, 0xff, 0xff, 0xf0, 0xff, 0xff, 0xff, 0xff, 0xff, 0xff, 0xff, 0xf0,
  0xff, 0xff, 0xff, 0xff, 0xff, 0xff, 0xff, 0xf0, 0xff, 0xff, 0xff, 0xff,
  0xff, 0xff, 0xff, 0xf0, 0xff, 0xff, 0xff, 0xff, 0xff, 0xff, 0xff, 0xf0,
  0xff, 0xff, 0xff, 0xff, 0xff, 0xff, 0xef, 0x70, 0xff, 0xff, 0xff, 0xff,
  0xff, 0xff, 0xef, 0x70, 0xff, 0xff, 0xff, 0xff, 0xff, 0xff, 0xef, 0x70,
  0xff, 0xff, 0xff, 0xff, 0xff, 0xff, 0xef, 0x70, 0xff, 0xff, 0xff, 0xff,
  0xff, 0xfe, 0xf7, 0x70, 0xff, 0xff, 0xff, 0xff, 0xff, 0xfe, 0xf7, 0x70,
  0xff, 0xff, 0xff, 0xff, 0xff, 0xfe, 0xf7, 0x70, 0xff, 0xff, 0xff, 0xff,
  0xff, 0xfe, 0xf7, 0x70, 0xff, 0xff, 0xff, 0xff, 0xff, 0xfe, 0x77, 0x70,
  0xff, 0xff, 0xff, 0xff, 0xff, 0xfe, 0x77, 0xf0, 0xff, 0xff, 0xff, 0xff,
  0xff, 0xfe, 0x77, 0xe0, 0xff, 0xff, 0xff, 0xff, 0xff, 0xe7, 0x7f, 0xf0,
  0xff, 0xff, 0xff, 0xff, 0xff, 0xe7, 0x7f, 0xf0, 0xff, 0xff, 0xff, 0xff,
  0xbf, 0xe7, 0x7f, 0xf0, 0xff, 0xff, 0xff, 0xff, 0xff, 0xe7, 0x3f, 0xf0,
  0xff, 0xff, 0xff, 0xff, 0xfe, 0x77, 0xff, 0xf0, 0xff, 0xff, 0xff, 0xff,
  0xef, 0x77, 0xff, 0xf0, 0xff, 0xff, 0xff, 0xff, 0xef, 0x77, 0xff, 0xf0,
  0xff, 0xff, 0xff, 0xff, 0xff, 0x7f, 0xff, 0xf0, 0xff, 0xff, 0xff, 0xff,
  0xf7, 0x7b, 0xff, 0xf0, 0xff, 0xff, 0xff, 0xff, 0xf7, 0x7f, 0xff, 0xf0,
  0xff, 0xff, 0xff, 0xff, 0xf7, 0x7f, 0xff, 0xf0, 0xff, 0xff, 0xff, 0xff,
  0xf7, 0xff, 0xff, 0xf0, 0xff, 0xff, 0xff, 0xff, 0x77, 0xdf, 0xff, 0xf0,
  0xff, 0xff, 0xff, 0xff, 0x77, 0xff, 0xff, 0xf0, 0xff, 0xff, 0xff, 0xff,
  0x77, 0xff, 0xff, 0xf0, 0xff, 0xff, 0xff, 0xdf, 0x77, 0xff, 0xff, 0x70,
  0xff, 0xff, 0xff, 0xdf, 0x77, 0xff, 0xff, 0x70, 0xff, 0xff, 0xff, 0xdf,
  0x73, 0xff, 0xff, 0x70, 0xff, 0xff, 0xff, 0xdf, 0x7b, 0xff, 0xff, 0x70,
  0xff, 0xff, 0xfd, 0xff, 0x7b, 0xff, 0xff, 0x70, 0xff, 0xff, 0xff, 0xf7,
  0x7b, 0xff, 0xff, 0x70, 0xff, 0xff, 0xff, 0xf7, 0x7b, 0xff, 0xf7, 0x70,
  0xff, 0xff, 0xff, 0xf7, 0x7b, 0xff, 0xf7, 0xf0, 0xff, 0xff, 0xff, 0xf7,
  0x7f, 0xff, 0xf7, 0xf0, 0xff, 0xff, 0xff, 0xf7, 0x7f, 0xff, 0xf7, 0xf0,
  0xff, 0xff, 0xff, 0xf7, 0x7f, 0xff, 0xf7, 0xf0, 0xff, 0xff, 0xff, 0xf7,
  0x7f, 0xff, 0xf7, 0xf0, 0xff, 0xff, 0xfe, 0xf7, 0xbf, 0xff, 0xf7, 0xf0,
  0xff, 0xff, 0xfe, 0xf7, 0xbf, 0xff, 0xf7, 0xf0, 0xff, 0xff, 0xff, 0xf7,
  0xbf, 0xff, 0xf7, 0xf0, 0xff, 0xff, 0xff, 0x77, 0xbf, 0xff, 0x7f, 0xf0,
  0xff, 0xff, 0xff, 0x77, 0xbf, 0xff, 0x7f, 0xf0, 0xff, 0xff, 0xff, 0x77,
  0xbf, 0xff, 0x7f, 0xf0, 0xff, 0xff, 0xff, 0x77, 0xff, 0xff, 0x7f, 0xf0,
  0xff, 0xff, 0xff, 0x77, 0xff, 0xff, 0x7f, 0xf0, 0xff, 0xff, 0xff, 0x77,
  0xff, 0xff, 0x7f, 0xf0, 0xff, 0xff, 0xff, 0x77, 0xff, 0xff, 0x7f, 0xf0,
  0xff, 0xff, 0xff, 0x77, 0xff, 0xff, 0x7f, 0xf0, 0xff, 0xff, 0xff, 0x77,
  0xff, 0xff, 0x7f, 0xf0, 0xff, 0xff, 0xff, 0x77, 0xff, 0xff, 0xff, 0xf0,
  0xff, 0xff, 0xff, 0x77, 0xff, 0xff, 0xff, 0xf0, 0xff, 0xff, 0xff, 0x77,
  0xff, 0xff, 0xff, 0xf0, 0xff, 0xff, 0xfe, 0x77, 0xff, 0xff, 0xff, 0xf0,
  0xff, 0xff, 0xfe, 0x7f, 0xff, 0xff, 0xff, 0xf0, 0xff, 0xff, 0xfe, 0x77,
  0xff, 0xf7, 0xff, 0xf0, 0xff, 0xff, 0xf7, 0x77, 0xff, 0xf7, 0xff, 0xf0,
  0xff, 0xff, 0xe7, 0x77, 0xff, 0xf7, 0xff, 0xf0, 0xff, 0xff, 0xe7, 0x77,
  0xff, 0xf7, 0xff, 0xf0, 0xff, 0xff, 0xf7, 0x77, 0xff, 0xf7, 0xff, 0xf0,
  0xff, 0xff, 0xf7, 0x77, 0xff, 0xf7, 0xff, 0xf0, 0xff, 0xff, 0xf7, 0x77,
  0xff, 0xf7, 0xff, 0xf0, 0xff, 0xff, 0xff, 0x75, 0xff, 0xf7, 0xff, 0xf0,
  0xff, 0xff, 0xff, 0x75, 0x7f, 0xff, 0xff, 0xf0, 0xff, 0xff, 0xff, 0x75,
  0x7f, 0xff, 0xff, 0xf0, 0xff, 0xff, 0xdf, 0xf5, 0x5f, 0xff, 0xff, 0xf0,
  0xff, 0xff, 0xdf, 0xf5, 0x5f, 0xff, 0xff, 0xf0, 0xff, 0xff, 0xdf, 0xff,
  0xdf, 0xff, 0xff, 0xf0, 0xff, 0xff, 0x9f, 0xff, 0xdf, 0xff, 0xff, 0xf0,
  0xff, 0xff, 0x9d, 0xff, 0xdd, 0xff, 0xff, 0xf0, 0xff, 0xff, 0x9d, 0xff,
  0xbd, 0xdf, 0xff, 0xf0, 0xff, 0xff, 0xb9, 0x9b, 0xfb, 0xdd, 0xff, 0xf0,
  0xff, 0xfb, 0xfb, 0x9b, 0xb7, 0x9d, 0xdf, 0xf0, 0xff, 0x73, 0x7b, 0xbb,
  0xb7, 0x39, 0xdf, 0x70, 0xff, 0x73, 0x73, 0xbb, 0x37, 0x33, 0x9f, 0xf0,
  0xff, 0xf3, 0x73, 0x33, 0x37, 0x73, 0x3b, 0xb0, 0xff, 0xb3, 0xb3, 0x33,
  0x3f, 0xf3, 0x3b, 0xb0, 0xff, 0xbb, 0xb3, 0x33, 0xbf, 0xb3, 0x3b, 0xb0,
  0xff, 0xbb, 0xb3, 0x33, 0xbb, 0xbb, 0x33, 0xb0, 0xfb, 0xbb, 0xb3, 0x33,
  0xbb, 0xbb, 0xb3, 0x30, 0xbb, 0xbb, 0x33, 0x33, 0xbb, 0xbb, 0xbb, 0x30,
  0xbb, 0xb3, 0x33, 0x3b, 0xbb, 0xbb, 0xbb, 0x30, 0xbb, 0x9b, 0x33, 0x3b,
  0xbb, 0xbb, 0xbb, 0x30, 0xbb, 0xb3, 0x33, 0x3b, 0xbb, 0xbb, 0xbb, 0xb0,
  0xfb, 0xb3, 0x33, 0x3b, 0xbb, 0xbb, 0xbb, 0xb0, 0xfb, 0x33, 0x33, 0x3b,
  0xbb, 0xbb, 0xbb, 0xb0, 0xfb, 0x33, 0x33, 0xbb, 0xbb, 0xbb, 0xbb, 0xb0,
  0xbb, 0xb1, 0xb3, 0xbb, 0xbb, 0xbb, 0xbb, 0xb0, 0xbb, 0xb9, 0x9b, 0xbb,
  0xbb, 0xbb, 0xbb, 0xb0, 0xbb, 0xb9, 0x9b, 0xbb, 0xbb, 0xbb, 0xbb, 0xb0,
  0xbb, 0xbb, 0x99, 0xbb, 0xbb, 0xbb, 0xbb, 0xb0, 0xfb, 0xbb, 0xb9, 0x99,
  0xbb, 0xbb, 0xbb, 0xb0, 0xfb, 0xbb, 0xbb, 0x99, 0xbb, 0xbb, 0xbb, 0xb0,
  0xfb, 0xbb, 0xbb, 0x99, 0xbb, 0xbb, 0xbb, 0xb0, 0xfb, 0xbb, 0xbb, 0x98,
  0x9b, 0xbb, 0xbb, 0xb0, 0xff, 0xbb, 0xfd, 0x88, 0x9f, 0xbf, 0xbb, 0x90,
  0xff, 0xbd, 0xdd, 0x89, 0x9f, 0xff, 0xb9, 0x90, 0xfd, 0xdd, 0xd9, 0x89,
  0x9f, 0xff, 0xd9, 0x90, 0xfd, 0xdd, 0x98, 0x99, 0xbf, 0xff, 0xdd, 0xd0,
  0xfd, 0xdd, 0x99, 0x9b, 0xff, 0xfd, 0xdd, 0xd0, 0xfd, 0xdd, 0xd9, 0x99,
  0xdf, 0xfd, 0xdd, 0xd0, 0xdd, 0xdd, 0x99, 0x99, 0xdf, 0xdd, 0xdd, 0xd0,
  0xdd, 0xdd, 0x99, 0x9d, 0xdd, 0xdd, 0xdd, 0xd0, 0xdd, 0xdd, 0xdd, 0xdd,
  0xdd, 0xdd, 0x55, 0x50, 0xfd, 0xdd, 0xdd, 0xdd, 0xd5, 0xd5, 0x55, 0x50,
  0xfd, 0xcd, 0x5d, 0xd5, 0x55, 0xd5, 0x55, 0x50, 0xfd, 0xcc, 0x55, 0xd5,
  0x55, 0xd5, 0x55, 0x50, 0xfe, 0xee, 0x64, 0x44, 0x66, 0xf6, 0x66, 0x40,
  0xfe, 0xee, 0x6c, 0x44, 0x66, 0xee, 0x66, 0x60, 0xfe, 0xee, 0xee, 0x46,
  0x6e, 0xee, 0xe6, 0x60, 0xfe, 0xee, 0xee, 0x62, 0x6e, 0xea, 0xaa, 0x20,
  0xff, 0xfb, 0xba, 0xaa, 0xbf, 0xbb, 0xaa, 0xa0, 0xff, 0xfb, 0xbb, 0x8a,
  0xef, 0xbb, 0xbb, 0xa0, 0xff, 0xfb, 0x9b, 0x98, 0xef, 0xfb, 0xbb, 0xb0,
  0xff, 0xf9, 0x99, 0x9e, 0xef, 0xff, 0xbb, 0xb0, 0xff, 0xfd, 0xdd, 0xdd,
  0xff, 0xfd, 0xdd, 0xd0, 0xff, 0xff, 0xdd, 0xdd, 0xff, 0xfd, 0xdd, 0xd0,
  0xff, 0xff, 0xdd, 0xdd, 0xff, 0xfd, 0xdd, 0xd0, 0xff, 0xff, 0xdd, 0xdd,
  0xdd, 0xfd, 0xdd, 0xd0, 0xff, 0xfd, 0xdc, 0xdd, 0xdf, 0xfd, 0xdd, 0xd0,
  0xff, 0xfd, 0xdc, 0xcc, 0xff, 0xfd, 0xdd, 0xd0, 0xff, 0xff, 0xde, 0xcc,
  0xff, 0xff, 0xdd, 0x50, 0xff, 0xff, 0xff, 0xec, 0xef, 0xff, 0xf5, 0x40,
  0xff, 0xf7, 0x77, 0x76, 0x66, 0x77, 0x76, 0x60, 0xff, 0xf7, 0x66, 0x76,
  0x66, 0x77, 0x76, 0x60, 0xff, 0xf7, 0x66, 0x66, 0x66, 0x67, 0x66, 0x60,
  0xff, 0xf7, 0x66, 0x66, 0x66, 0x67, 0x66, 0x60, 0xff, 0xf7, 0x66, 0x6e,
  0x66, 0x67, 0x66, 0x60, 0xff, 0xf7, 0x66, 0xfe, 0x66, 0x67, 0x66, 0x20,
  0xff, 0xf7, 0x6e, 0xfe, 0x2e, 0x66, 0x22, 0x20, 0xff, 0xfb, 0xab, 0xfe,
  0xaa, 0x36, 0x22, 0x20, 0xff, 0xbb, 0xbb, 0xfa, 0xaa, 0x32, 0x22, 0x20,
  0xff, 0xbb, 0xbb, 0xfa, 0xba, 0xb2, 0x23, 0x20, 0xff, 0xbb, 0xbb, 0xba,
  0xba, 0xb2, 0x23, 0x30, 0xff, 0xbb, 0xbb, 0xbb, 0xbb, 0xb3, 0x31, 0xb0,
  0xff, 0xbb, 0xbb, 0xfb, 0xbb, 0xb3, 0x31, 0x90, 0xff, 0xfb, 0xbb, 0xfb,
  0xbb, 0xb3, 0x30, 0x80, 0xff, 0xfb, 0xbb, 0xff, 0xbb, 0xb3, 0x30, 0x80,
  0xff, 0xfb, 0xbf, 0xff, 0xbb, 0xb3, 0x30, 0x80, 0xff, 0xfb, 0xff, 0xff,
  0xbb, 0xb3, 0x30, 0x80, 0xff, 0xff, 0xff, 0xff, 0xbb, 0xb3, 0x30, 0x80,
  0xff, 0xff, 0xff, 0xff, 0xbb, 0xb3, 0x31, 0x80, 0xff, 0xff, 0xff, 0xff,
  0xbb, 0xb3, 0x31, 0x00, 0xff, 0xff, 0xff, 0xff, 0xfb, 0xb3, 0x33, 0x00,
  0xff, 0xff, 0xbf, 0xff, 0xfb, 0xbb, 0x33, 0x00, 0xff, 0xff, 0xdf, 0xdf,
  0xff, 0x9b, 0x33, 0x10, 0xff, 0xff, 0xdd, 0xdf, 0xfd, 0x9b, 0x13, 0x30,
  0xff, 0xff, 0xdd, 0xdd, 0xfd, 0x99, 0xd3, 0x30, 0xff, 0xfd, 0xdd, 0xdd,
  0xd9, 0x99, 0xd1, 0x30, 0xff, 0xfd, 0xdd, 0xdd, 0xd9, 0x9d, 0xd1, 0x30,
  0xff, 0xfd, 0xdd, 0xdd, 0xd9, 0x9d, 0xd1, 0x30, 0xff, 0xfd, 0xdd, 0xdd,
  0xd9, 0x9d, 0xd5, 0x10, 0xff, 0xfd, 0xdd, 0xdd, 0xd9, 0x9d, 0xd5, 0x10,
  0xff, 0xfd, 0xdd, 0xdd, 0xd9, 0x9d, 0xd5, 0x10, 0xff, 0xfd, 0xdd, 0xdd,
  0xd9, 0x9d, 0xd5, 0x10, 0xff, 0xdd, 0xdd, 0xdd, 0xd9, 0x9d, 0xd5, 0x10,
  0xff, 0xdd, 0xdd, 0xdd, 0xd9, 0x9d, 0xd5, 0x10, 0xff, 0xdd, 0xdd, 0xdd,
  0xdd, 0x9d, 0xc4, 0x00, 0xff, 0xdd, 0xdd, 0xcd, 0x9c, 0x8c, 0xc6, 0x00,
  0xff, 0xee, 0xce, 0xee, 0xac, 0xcc, 0xe6, 0x20, 0xff, 0xee, 0xee, 0xee,
  0xae, 0xcc, 0xee, 0x20, 0xfe, 0xee, 0xee, 0xee, 0xee, 0xcc, 0xce, 0x20,
  0xff, 0xfe, 0xee, 0xee, 0xfd, 0xec, 0xcf, 0xb0, 0xff, 0xff, 0xff, 0xff,
  0xfd, 0xfe, 0xee, 0xf0, 0xff, 0xff, 0xff, 0xff, 0xfd, 0xee, 0xee, 0xf0,
  0xff, 0xff, 0xff, 0xff, 0xff, 0xee, 0xee, 0xf0, 0xff, 0xff, 0xff, 0xff,
  0xff, 0xef, 0xfe, 0xf0, 0xff, 0xff, 0xff, 0xff, 0xff, 0xef, 0xff, 0xf0,
  0xff, 0xff, 0xff, 0xff, 0xff, 0xff, 0x99, 0x90, 0xff, 0xff, 0xff, 0xff,
  0xff, 0x99, 0x99, 0x90, 0xff, 0xff, 0xff, 0xff, 0xf9, 0x99, 0x90, 0x00,
  0xff, 0xff, 0xff, 0xf9, 0x99, 0x90, 0x99, 0x90, 0xff, 0xff, 0xff, 0xf9,
  0x99, 0x99, 0x99, 0x90, 0xff, 0xff, 0xff, 0xf9, 0x99, 0x99, 0x99, 0x90,
  0xff, 0xff, 0xff, 0xf9, 0x99, 0x99, 0x99, 0x90, 0xff, 0xff, 0xff, 0xff,
  0x99, 0x99, 0x99, 0x90, 0xff, 0xff, 0xff, 0xff, 0xf9, 0x99, 0x99, 0x90,
  0xff, 0xff, 0xff, 0xff, 0xf9, 0x99, 0x99, 0x90, 0xff, 0xff, 0xff, 0xff,
  0x99, 0x99, 0x99, 0x90, 0xff, 0xff, 0xff, 0xff, 0x99, 0x99, 0x99, 0x90,
  0xff, 0xff, 0xff, 0xff, 0x99, 0x99, 0x99, 0x90, 0xff, 0xff, 0xff, 0xff,
  0x99, 0x99, 0x99, 0x90, 0xff, 0xff, 0xff, 0xff, 0x99, 0x99, 0x99, 0x90,
  0xff, 0xff, 0xff, 0xf9, 0x99, 0x99, 0x99, 0x90, 0xff, 0xff, 0xff, 0xd9,
  0x99, 0x99, 0x99, 0x90, 0xff, 0xff, 0xfd, 0xd9, 0x99, 0x99, 0x99, 0x90,
  0xff, 0xff, 0xdd, 0x99, 0x99, 0x99, 0x99, 0x90, 0xff, 0xfd, 0x99, 0x99,
  0x99, 0x99, 0x9d, 0xd0, 0xff, 0xd9, 0x99, 0x99, 0x99, 0x99, 0xdd, 0xd0,
  0xff, 0x99, 0x99, 0x99, 0x99, 0x99, 0xdd, 0xf0, 0xf9, 0x99, 0x99, 0x99,
  0xdf, 0xff, 0xff, 0xf0, 0x99, 0x99, 0x99, 0xfe, 0xff, 0xff, 0xff, 0xf0,
  0x99, 0x99, 0x99, 0xee, 0xef, 0xff, 0xff, 0xf0, 0x10, 0x88, 0x00, 0xee,
  0xef, 0xff, 0xff, 0xe0, 0x00, 0x00, 0x06, 0x6e, 0xee, 0xef, 0xee, 0xe0,
  0x00, 0x00, 0x06, 0x66, 0x66, 0x6e, 0xee, 0xe0, 0x00, 0x00, 0x00, 0x66,
  0x66, 0x66, 0x66, 0x60, 0x00, 0x00, 0x00, 0x06, 0x66, 0x66, 0x66, 0x60,
  0x00, 0x00, 0x00, 0x06, 0x66, 0x66, 0x66, 0x60, 0x00, 0x00, 0x00, 0x66,
  0x66, 0x66, 0x66, 0x60, 0x00, 0x00, 0x00, 0x66, 0x66, 0x66, 0x66, 0x60,
  0x00, 0x00, 0x00, 0x66, 0x66, 0x66, 0x66, 0x60, 0x00, 0x00, 0x00, 0x66,
  0x66, 0x66, 0x66, 0x60, 0x00, 0x00, 0x00, 0x66, 0x66, 0x66, 0x66, 0x60,
  0x00, 0x00, 0x02, 0x66, 0x66, 0x66, 0x66, 0x60, 0x00, 0x00, 0x26, 0x66,
  0x66, 0x66, 0x66, 0x60, 0x00, 0x02, 0x26, 0x66, 0x66, 0x66, 0x66, 0x60,
  0x02, 0x22, 0x26, 0x66, 0x66, 0x66, 0x62, 0x20, 0x22, 0x22, 0x26, 0x66,
  0x66, 0x66, 0x22, 0x20, 0x22, 0x22, 0x66, 0x66, 0x66, 0x66, 0x22, 0x30,
  0x22, 0x22, 0x66, 0x66, 0x66, 0x66, 0x20, 0x10, 0x22, 0x26, 0x66, 0x66,
  0x63, 0x10, 0x00, 0x00, 0x32, 0x66, 0x66, 0x66, 0x63, 0x00, 0x00, 0x00,
  0x77, 0x77, 0x77, 0x77, 0x31, 0x00, 0x00, 0x00, 0x77, 0xff, 0x77, 0x77,
  0x11, 0x00, 0x00, 0x00, 0xff, 0xff, 0xff, 0xff, 0x11, 0x00, 0x00, 0x10,
  0xff, 0xff, 0xff, 0xff, 0x10, 0x00, 0x11, 0x10, 0xff, 0xff, 0xff, 0xff,
  0x60, 0x99, 0x99, 0x90, 0xff, 0xff, 0xff, 0xf6, 0x60, 0x99, 0x99, 0x90,
  0xff, 0xff, 0xff, 0xff, 0xf0, 0x09, 0x99, 0x90, 0xff, 0xff, 0xff, 0xff,
  0xf9, 0x00, 0x09, 0x90, 0xff, 0xff, 0xff, 0xff, 0xf9, 0x90, 0x00, 0x00,
  0xff, 0xff, 0xff, 0xff, 0xf9, 0x99, 0x00, 0x00, 0xff, 0xff, 0xff, 0xff,
  0xf9, 0x99, 0x99, 0x90, 0xff, 0xff, 0xff, 0xff, 0xf9, 0x99, 0x99, 0x90,
  0xff, 0xff, 0xff, 0xff, 0x99, 0x99, 0x99, 0x90, 0xff, 0xff, 0xff, 0xfd,
  0x99, 0x99, 0x88, 0x90, 0xff, 0xff, 0xfd, 0x99, 0x98, 0x88, 0x99, 0x90,
  0xff, 0xff, 0xd9, 0x99, 0x99, 0x99, 0x99, 0xd0, 0xff, 0xff, 0xd9, 0x99,
  0x99, 0x99, 0xdd, 0xd0, 0xff, 0xb9, 0x99, 0x99, 0x99, 0x99, 0xdd, 0xf0,
  0xff, 0xb9, 0x99, 0x99, 0x9d, 0xfe, 0xef, 0xf0, 0xfb, 0x99, 0x99, 0x99,
  0xde, 0xee, 0xef, 0xf0, 0xb9, 0x99, 0x99, 0x98, 0xce, 0xee, 0xee, 0xe0,
  0x99, 0x99, 0x90, 0x00, 0xce, 0xee, 0xee, 0xe0, 0x11, 0x00, 0x00, 0x00,
  0xee, 0xee, 0xee, 0xe0, 0x10, 0x00, 0x00, 0x00, 0xe6, 0x6e, 0xee, 0xe0,
  0x00, 0x02, 0x00, 0x00, 0x26, 0x66, 0x66, 0x60, 0x00, 0x01, 0x32, 0x00,
  0x06, 0x66, 0x66, 0x60, 0x00, 0x00, 0x04, 0x22, 0x00, 0x66, 0x66, 0x60,
  0x00, 0x00, 0x04, 0x23, 0x06, 0x66, 0x66, 0x60, 0x00, 0x00, 0x44, 0x23,
  0x06, 0x66, 0x66, 0x60, 0x00, 0x00, 0xc6, 0x33, 0x06, 0x66, 0x66, 0x60,
  0x08, 0x84, 0x13, 0x00, 0x06, 0x66, 0x66, 0x60, 0x00, 0x41, 0x32, 0x00,
  0x06, 0x66, 0x66, 0x60, 0x04, 0x45, 0x32, 0x00, 0x06, 0x66, 0x66, 0x60,
  0x44, 0x51, 0x32, 0x00, 0x26, 0x66, 0x66, 0x60, 0x11, 0x32, 0x20, 0x26,
  0x66, 0x66, 0x66, 0x60, 0x22, 0x22, 0x22, 0x66, 0x66, 0x66, 0x66, 0x60,
  0x66, 0x22, 0x26, 0x66, 0x66, 0x66, 0x66, 0x60, 0x44, 0x00, 0x66, 0x66,
  0x66, 0x62, 0x26, 0x60, 0x44, 0x02, 0x66, 0x66, 0x66, 0x22, 0x22, 0x60,
  0x44, 0x02, 0x66, 0x66, 0x66, 0x22, 0x22, 0x70, 0x44, 0x02, 0x66, 0x66,
  0x66, 0x22, 0x22, 0x70, 0x40, 0x02, 0x66, 0x66, 0x62, 0x22, 0x22, 0x60,
  0x40, 0x02, 0x66, 0x66, 0x62, 0x22, 0x22, 0x60, 0x40, 0x02, 0x66, 0x66,
  0x22, 0x22, 0x26, 0x60, 0x00, 0x02, 0x66, 0x62, 0x22, 0x22, 0x26, 0x60,
  0x40, 0x02, 0x66, 0x62, 0x22, 0x22, 0x26, 0x60, 0x40, 0x00, 0x66, 0x22,
  0x22, 0x22, 0x22, 0x60, 0x44, 0x00, 0x26, 0x22, 0x22, 0x22, 0x26, 0x60,
  0x44, 0x00, 0x22, 0x22, 0x22, 0x22, 0x26, 0x60, 0x04, 0x00, 0x22, 0x22,
  0x22, 0x22, 0x66, 0x60, 0x00, 0x40, 0x22, 0x22, 0x22, 0x26, 0x62, 0x20,
  0x00, 0x00, 0x02, 0x22, 0x26, 0x66, 0x22, 0x20, 0x00, 0x00, 0x02, 0x22,
  0x66, 0x62, 0x22, 0x20, 0x00, 0x00, 0x02, 0x22, 0x66, 0x22, 0x22, 0x20,
  0x00, 0x00, 0x02, 0x22, 0x22, 0x22, 0x22, 0x20, 0x00, 0x00, 0x02, 0x20,
  0x20, 0x22, 0x22, 0x20, 0x00, 0x00, 0x02, 0x02, 0x20, 0x04, 0x22, 0x20,
  0x00, 0x00, 0x00, 0x22, 0x20, 0x40, 0x22, 0x20, 0x00, 0x00, 0x02, 0x22,
  0x22, 0x22, 0x22, 0x00, 0x00, 0x00, 0x02, 0x22, 0x22, 0x22, 0x22, 0x00,
  0x00, 0x00, 0x02, 0x22, 0x22, 0x22, 0x20, 0x00, 0x00, 0x00, 0x02, 0x22,
  0x22, 0x22, 0x20, 0x00, 0x00, 0x00, 0x00, 0x20, 0x22, 0x22, 0x00, 0x00,
  0x00, 0x00, 0x02, 0x22, 0x02, 0x22, 0x00, 0x00, 0x00, 0x00, 0x02, 0x22,
  0x00, 0x02, 0x00, 0x00, 0x00, 0x00, 0x00, 0x22, 0x00, 0x00, 0x00, 0x00,
  0x00, 0x00, 0x00, 0x22, 0x00, 0x01, 0x00, 0x00, 0x00, 0x00, 0x00, 0x02,
  0x00, 0x11, 0x00, 0x00, 0x00, 0x00, 0x00, 0x02, 0x00, 0x11, 0x00, 0x00,
  0x00, 0x00, 0x00, 0x02, 0x00, 0x11, 0x00, 0x00, 0x00, 0x00, 0x00, 0x02,
  0x01, 0x11, 0x00, 0x00, 0x00, 0x00, 0x00, 0x02, 0x01, 0x11, 0x10, 0x00,
  0x00, 0x00, 0x00, 0x03, 0x01, 0x11, 0x10, 0x00, 0x00, 0x00, 0x00, 0x03,
  0x01, 0x11, 0x10, 0x00, 0x00, 0x00, 0x00, 0x03, 0x01, 0x11, 0x10, 0x00,
  0x00, 0x00, 0x00, 0x03, 0x01, 0x11, 0x10, 0x00, 0x00, 0x00, 0x00, 0x03,
  0x01, 0x11, 0x10, 0x00, 0x00, 0x00, 0x00, 0x03, 0x01, 0x11, 0x10, 0x00,
  0x00, 0x00, 0x00, 0x11, 0x01, 0x11, 0x10, 0x00, 0x00, 0x00, 0x00, 0x11,
  0x00, 0x11, 0x10, 0x00, 0x00, 0x00, 0x00, 0x01, 0x00, 0x00, 0x00, 0x00,
  0x00, 0x00, 0x00, 0x01, 0x00, 0x00, 0x00, 0x00, 0x00, 0x00, 0x00, 0x00,
  0x00, 0x00, 0x00, 0x00, 0x00, 0x00, 0x00, 0x00, 0x00, 0x00, 0x00, 0x00,
  0x00, 0x00, 0x00, 0x00, 0x08, 0x80, 0x00, 0x00, 0x00, 0x00, 0x00, 0x88,
  0x88, 0x00, 0x00, 0x00, 0x00, 0x88, 0x88, 0x88, 0x88, 0x00, 0x00, 0x00,
  0x08, 0x88, 0x88, 0x88, 0x80, 0x00, 0x00, 0x00, 0x08, 0x88, 0x88, 0xcc,
  0x80, 0x00, 0x00, 0x00, 0x08, 0x80, 0x8c, 0xc8, 0x80, 0x00, 0x00, 0x00,
  0x00, 0xc0, 0x8c, 0xc8, 0x80, 0x00, 0x00, 0x00, 0x04, 0x40, 0xcc, 0xcc,
  0x80, 0x00, 0x00, 0x00, 0x04, 0x44, 0x4c, 0xcc, 0xc0, 0x00, 0x00, 0x00,
  0x04, 0x44, 0x0c, 0xcc, 0xc0, 0x00, 0x00, 0x00, 0x44, 0x44, 0x44, 0x44,
  0x44, 0x00, 0x00, 0x00, 0x04, 0x44, 0x44, 0x44, 0x44, 0x00, 0x00, 0x00,
  0x04, 0x40, 0x44, 0x44, 0x44, 0x40, 0x00, 0x00, 0x00, 0x40, 0x44, 0x44,
  0x44, 0x44, 0x00, 0x00, 0x00, 0x04, 0x44, 0x64, 0x44, 0x44, 0x00, 0x00,
  0x00, 0x00, 0x04, 0x44, 0x44, 0x44, 0x00, 0x00, 0x00, 0x00, 0x42, 0x44,
  0x44, 0x44, 0x00, 0x00, 0x00, 0x00, 0x60, 0x44, 0x44, 0x44, 0x00, 0x00,
  0x00, 0x00, 0x22, 0x00, 0x44, 0x44, 0x00, 0x00, 0x00, 0x00, 0x22, 0x20,
  0x44, 0x46, 0x00, 0x00, 0x00, 0x00, 0x02, 0x20, 0x04, 0x66, 0x20, 0x00,
  0x00, 0x00, 0x02, 0x62, 0x04, 0x66, 0x20, 0x00, 0x00, 0x00, 0x00, 0x76,
  0x22, 0x66, 0x22, 0x00, 0x00, 0x00, 0x00, 0x77, 0x22, 0x22, 0x22, 0x00,
  0x00, 0x00, 0x00, 0xff, 0x22, 0x22, 0x22, 0x20, 0x00, 0x00, 0x00, 0xff,
  0x22, 0x22, 0x22, 0x20, 0x00, 0x00, 0x00, 0xff, 0x32, 0x22, 0x22, 0x20,
  0x00, 0x00, 0x00, 0xff, 0x33, 0x22, 0x22, 0x20, 0x00, 0x00, 0x00, 0xff,
  0x33, 0x22, 0x22, 0x20, 0x00, 0x00, 0x04, 0xff, 0x23, 0x32, 0x22, 0x20,
  0x50, 0x04, 0x04, 0xff, 0x63, 0x37, 0x22, 0x30, 0x50, 0x04, 0x44, 0xff,
  0x42, 0x37, 0x23, 0x30, 0x50, 0x04, 0x44, 0xff, 0x42, 0x77, 0x73, 0x30,
  0x50, 0x04, 0x44, 0xff, 0xc2, 0x67, 0x73, 0x30, 0x50, 0x44, 0x46, 0xff,
  0xc4, 0x66, 0x73, 0x30, 0x50, 0x44, 0x46, 0xff, 0xc4, 0x66, 0x73, 0x30,
  0x50, 0x44, 0x46, 0xff, 0xc4, 0x66, 0x73, 0x30, 0x50, 0x44, 0x46, 0xff,
  0xc4, 0x66, 0x63, 0x30, 0x50, 0x44, 0x46, 0xff, 0xc4, 0x64, 0x62, 0x30,
  0x54, 0x44, 0x46, 0xff, 0xe4, 0x64, 0x42, 0x30, 0x54, 0x44, 0x46, 0xff,
  0xe4, 0x64, 0x42, 0x30, 0x54, 0x44, 0x46, 0xff, 0xe4, 0x66, 0x46, 0x30,
  0x54, 0x44, 0x46, 0xff, 0xf4, 0x06, 0x44, 0x60, 0x74, 0x44, 0x44, 0xff,
  0xfc, 0x06, 0x44, 0x60, 0x74, 0x44, 0x44, 0xff, 0xfc, 0x04, 0x44, 0x40,
  0x74, 0x44, 0x44, 0xff, 0xfe, 0x00, 0x64, 0x40, 0x76, 0x44, 0x44, 0x6f,
  0xfe, 0xc0, 0x46, 0x40, 0x76, 0x64, 0x44, 0x6f, 0xfe, 0xe0, 0x06, 0x40,
  0x76, 0x64, 0x44, 0x6f, 0xff, 0xe0, 0x04, 0x40, 0x76, 0x66, 0x44, 0x6f,
  0xff, 0xe6, 0x00, 0x60, 0x77, 0x66, 0x66, 0x66, 0xff, 0xe6, 0x60, 0x00,
  0xf7, 0x66, 0x66, 0x66, 0xff, 0xe6, 0x60, 0x00, 0xf7, 0x66, 0x66, 0x66,
  0xff, 0xf6, 0x66, 0x00, 0xf7, 0x66, 0x66, 0x66, 0xef, 0xf6, 0x66, 0x00,
  0xff, 0x66, 0x66, 0x66, 0x6f, 0xfe, 0x66, 0x60, 0xff, 0x76, 0x66, 0x66,
  0x6e, 0xfe, 0x66, 0x40, 0xff, 0x76, 0x66, 0x66, 0x6e, 0xff, 0x66, 0x40,
  0xff, 0xf6, 0x66, 0x66, 0x6e, 0xff, 0xe6, 0x00, 0xff, 0xf7, 0x66, 0x77,
  0x7e, 0xff, 0xfe, 0x20, 0xff, 0xff, 0x66, 0x77, 0x7f, 0xff, 0xfe, 0x20,
  0xff, 0xff, 0x76, 0x77, 0x77, 0xff, 0xfe, 0xe0, 0xff, 0xff, 0xf6, 0x67,
  0x77, 0xff, 0xff, 0xe0, 0xff, 0xff, 0xff, 0x66, 0x77, 0xff, 0xff, 0xe0,
  0xff, 0xff, 0xff, 0xf6, 0x77, 0xff, 0xff, 0xf0, 0xff, 0xff, 0xff, 0xf7,
  0x67, 0xff, 0xff, 0xf0, 0xff, 0xff, 0xff, 0xff, 0x76, 0xff, 0xff, 0xf0,
  0xff, 0xff, 0xff, 0xff, 0xff, 0xff, 0xff, 0xf0, 0xff, 0xff, 0xff, 0xff,
  0xff, 0xff, 0xff, 0xf0, 0xff, 0xff, 0xff, 0xff, 0xff, 0xff, 0xff, 0xf0,
  0xff, 0xff, 0xff, 0xff, 0xff, 0xff, 0xff, 0xf0, 0xff, 0xff, 0xff, 0xff,
  0xff, 0xff, 0xff, 0xf0, 0xff, 0xff, 0xff, 0xff, 0xff, 0xff, 0xff, 0xf0,
  0xff, 0xff, 0xff, 0xff, 0xff, 0xff, 0xff, 0xf0, 0xff, 0xff, 0xff, 0xff,
  0xff, 0xff, 0xff, 0xf0, 0xff, 0xff, 0xff, 0xff, 0xff, 0xff, 0xff, 0xf0,
  0xff, 0xff, 0xff, 0xff, 0xff, 0xff, 0xff, 0xf0, 0xff, 0xff, 0xff, 0xff,
  0xff, 0xff, 0xff, 0xf0, 0xff, 0xff, 0xff, 0xff, 0xff, 0xff, 0xff, 0xf0,
  0xff, 0xff, 0xff, 0xff, 0xff, 0xff, 0xff, 0xf0, 0xff, 0xff, 0xff, 0xff,
  0xff, 0xff, 0xff, 0xf0, 0xff, 0xff, 0xff, 0xff, 0xff, 0xff, 0xff, 0xf0,
  0xff, 0xff, 0xff, 0xff, 0xff, 0xff, 0xff, 0xf0, 0xff, 0xff, 0xff, 0xff,
  0xff, 0xff, 0xff, 0xf0, 0xff, 0xff, 0xff, 0xff, 0xff, 0xff, 0xff, 0xf0,
  0xff, 0xff, 0xff, 0xff, 0xff, 0xff, 0xff, 0xf0, 0xff, 0xff, 0xff, 0xff,
  0xff, 0xff, 0xff, 0xf0, 0xff, 0xff, 0xff, 0xff, 0xff, 0xff, 0xff, 0xf0,
  0xff, 0xff, 0xff, 0xff, 0xff, 0xff, 0xff, 0xf0, 0xff, 0xff, 0xff, 0xff,
  0xff, 0xff, 0xff, 0xf0, 0xff, 0xff, 0xff, 0xff, 0xff, 0xff, 0xff, 0xf0,
  0xff, 0xff, 0xff, 0xff, 0xff, 0xff, 0xff, 0xf0, 0xff, 0xff, 0xff, 0xff,
  0xff, 0xff, 0xff, 0xf0, 0xff, 0xff, 0xff, 0xff, 0xff, 0xff, 0xff, 0xf0,
  0xff, 0xff, 0xff, 0xff, 0xff, 0xff, 0xff, 0xf0, 0xff, 0xff, 0xff, 0xff,
  0xff, 0xff, 0xff, 0xf0, 0xff, 0xff, 0xff, 0xfd, 0xff, 0xff, 0xff, 0xf0,
  0xff, 0xff, 0xff, 0xfd, 0xff, 0xff, 0xff, 0xf0, 0xff, 0xff, 0xff, 0xdd,
  0xff, 0xff, 0xff, 0xf0, 0xff, 0xff, 0xff, 0xdd, 0xfd, 0xff, 0xdd, 0xf0,
  0xff, 0xff, 0xff, 0xdd, 0xfd, 0xdf, 0xdd, 0xd0, 0xff, 0xff, 0xfd, 0xdd,
  0xfd, 0xdd, 0xdd, 0xd0, 0xff, 0xff, 0xfd, 0xdd, 0xdd, 0xdd, 0xdd, 0xd0,
  0xff, 0xff, 0xfd, 0xdd, 0xdd, 0xdd, 0xdd, 0xd0, 0xff, 0xff, 0xfd, 0xdd,
  0xdd, 0xdd, 0xdd, 0xd0, 0xff, 0xff, 0xfd, 0xdd, 0xdd, 0xdd, 0xdd, 0xd0,
  0xff, 0xff, 0xfd, 0xdd, 0xdd, 0xdd, 0xdd, 0xd0, 0xff, 0xff, 0xfd, 0xdd,
  0xdd, 0xdd, 0xdd, 0xd0, 0xff, 0xff, 0xfd, 0xdd, 0xdd, 0xdd, 0xdd, 0xd0,
  0xff, 0xff, 0xdd, 0xdd, 0xdd, 0xdd, 0xdd, 0xd0, 0xff, 0xff, 0xdd, 0xdd,
  0xdd, 0xdd, 0xdd, 0xd0, 0xff, 0xff, 0xdd, 0xdd, 0xdd, 0xdd, 0xdd, 0xd0,
  0xff, 0xff, 0xdd, 0xdd, 0xdd, 0xdd, 0xdd, 0xd0, 0xff, 0xff, 0xdd, 0xdd,
  0xdd, 0xdd, 0xdd, 0xd0, 0xff, 0xff, 0xdd, 0xdd, 0xdd, 0xdd, 0xdd, 0xd0,
  0xff, 0xff, 0xdd, 0xdd, 0xdd, 0xdd, 0xdd, 0xd0, 0xff, 0xff, 0xdd, 0xdd,
  0xdd, 0xdd, 0xdd, 0xd0, 0xff, 0xfd, 0xdd, 0xdd, 0xdd, 0xdd, 0xdd, 0xd0,
  0xff, 0xfd, 0xdd, 0xdd, 0xdd, 0xdd, 0xdd, 0xd0, 0xff, 0xfd, 0xdc, 0xcc,
  0xdd, 0xdd, 0xdd, 0xd0, 0xff, 0xfd, 0xdc, 0xcc, 0xdd, 0xdd, 0xdd, 0xd0,
  0xff, 0xfd, 0xdc, 0xcc, 0xcd, 0xdd, 0xdd, 0xd0, 0xff, 0xfd, 0xdc, 0xcc,
  0xcd, 0xdd, 0xdd, 0xd0, 0xff, 0xfd, 0xdc, 0xcc, 0xcd, 0xdd, 0xdd, 0xd0,
  0xff, 0xfd, 0xdc, 0xcc, 0xcd, 0xdd, 0xdd, 0xd0, 0xff, 0xfd, 0xdc, 0xcc,
  0xcd, 0xdd, 0xdd, 0xd0, 0xff, 0xfd, 0xdc, 0xcc, 0xcd, 0xdd, 0xdd, 0xd0,
  0xff, 0xfd, 0xdc, 0xcc, 0xcd, 0xdd, 0xdd, 0xd0, 0xff, 0xfd, 0xdc, 0xcc,
  0xcd, 0xdd, 0xdd, 0xd0, 0xff, 0xfd, 0xdc, 0xcc, 0xcd, 0xdd, 0xdd, 0xd0,
  0xff, 0xfd, 0xdc, 0xcc, 0xcd, 0xdd, 0xdd, 0xd0, 0xff, 0xfd, 0xdc, 0xcc,
  0xdd, 0xdd, 0xdd, 0xd0, 0xff, 0xfd, 0xdd, 0xcc, 0xdd, 0xdd, 0xdd, 0xd0,
  0xff, 0xfd, 0xdd, 0xcc, 0xdd, 0xdd, 0xdd, 0xd0, 0xff, 0xfd, 0xdd, 0xcc,
  0xdd, 0xdd, 0xdd, 0xd0, 0xff, 0xfd, 0xdd, 0xcc, 0xdd, 0xdd, 0xdd, 0xd0,
  0xff, 0xfd, 0xdd, 0xcc, 0xdd, 0xdd, 0xdd, 0xd0, 0xff, 0xfd, 0xdd, 0xcc,
  0xdd, 0xdd, 0xdd, 0xd0, 0xff, 0xfd, 0xdd, 0xdc, 0xdd, 0xdd, 0xdd, 0xd0,
  0xff, 0xfd, 0xdd, 0xdd, 0xdd, 0xd9, 0x9d, 0xd0, 0xff, 0xfd, 0xdd, 0xdd,
  0xdd, 0x99, 0x9d, 0xd0, 0xff, 0xfd, 0xdd, 0xdd, 0xdd, 0x99, 0x99, 0xd0,
  0xff, 0xfd, 0xdd, 0xdd, 0xdd, 0x99, 0x99, 0xd0, 0xff, 0xfd, 0xdd, 0xdd,
  0xdd, 0x99, 0x99, 0xd0, 0xff, 0xfd, 0xdd, 0xdd, 0xdd, 0x99, 0x99, 0xd0,
  0xff, 0xfd, 0xdd, 0xdd, 0xdd, 0x99, 0x99, 0xd0, 0xff, 0xfd, 0xdd, 0xdd,
  0xdd, 0x99, 0x99, 0xd0, 0xff, 0xfd, 0xdd, 0xdd, 0xdd, 0x99, 0x99, 0xd0,
  0xff, 0xfd, 0xdd, 0xdd, 0xdd, 0x99, 0x99, 0x90, 0xff, 0xfd, 0xdd, 0xdd,
  0xd5, 0x19, 0x99, 0x90, 0xff, 0xfd, 0xdd, 0xdd, 0x55, 0x19, 0x99, 0x90,
  0xff, 0xfd, 0xdd, 0xd5, 0x51, 0x11, 0x19, 0x90, 0xff, 0x75, 0xdd, 0xd5,
  0x51, 0x11, 0x19, 0x90, 0xff, 0x75, 0xdd, 0xd5, 0x51, 0x11, 0x11, 0x90,
  0xf7, 0x75, 0xdd, 0xd5, 0x51, 0x11, 0x11, 0x90, 0xf7, 0x75, 0xdd, 0xd5,
  0x51, 0x11, 0x11, 0x90, 0xff, 0x75, 0xdd, 0xd5, 0x51, 0x11, 0x19, 0x90,
  0xff, 0xfd, 0xdd, 0xdd, 0x51, 0x11, 0x19, 0x90, 0xff, 0xfd, 0xdd, 0xdd,
  0x51, 0x11, 0x19, 0x90, 0xfb, 0xbd, 0xdd, 0xd9, 0x11, 0x11, 0x99, 0x90,
  0xfb, 0xbd, 0x9d, 0xd9, 0x11, 0x11, 0x99, 0x90, 0xfb, 0xb9, 0x9d, 0xd9,
  0x91, 0x11, 0x99, 0x90, 0xfb, 0xb9, 0x9d, 0x99, 0x91, 0x11, 0x99, 0x90,
  0xff, 0xb9, 0x9d, 0xd9, 0x99, 0x11, 0x19, 0xd0, 0xfb, 0xb9, 0x9d, 0xd9,
  0x99, 0x11, 0x19, 0xd0, 0xfb, 0xb9, 0x9d, 0x99, 0x99, 0x99, 0x99, 0xd0,
  0xfb, 0xb9, 0x99, 0x99, 0x99, 0x99, 0x99, 0xd0, 0xfb, 0xb9, 0x99, 0x99,
  0x99, 0x99, 0x99, 0x90, 0xfb, 0xb9, 0x99, 0x99, 0x99, 0x99, 0x99, 0x90,
  0xff, 0xb9, 0x99, 0x99, 0x99, 0x99, 0x9d, 0xd0, 0xff, 0xd9, 0x9d, 0xd9,
  0x99, 0x99, 0xdd, 0xd0, 0xff, 0xdd, 0xdd, 0xdd, 0x99, 0x99, 0x9d, 0xd0,
  0xff, 0xff, 0xff, 0xfd, 0x99, 0x99, 0x9d, 0xd0, 0xff, 0xff, 0xff, 0xff,
  0x99, 0x99, 0x9d, 0xf0, 0xff, 0xff, 0xff, 0xff, 0xd9, 0x99, 0x99, 0xf0,
  0xff, 0xff, 0xff, 0xfd, 0xd9, 0x99, 0x99, 0xf0, 0xff, 0xdd, 0xff, 0xfd,
  0xdd, 0x99, 0x99, 0xf0, 0xff, 0xdd, 0xff, 0xfd, 0xdd, 0x99, 0x9d, 0xf0,
  0xff, 0xdf, 0xff, 0xff, 0xdd, 0xd9, 0x9d, 0xf0, 0xff, 0xdd, 0xdd, 0xfd,
  0xdd, 0xd9, 0xdf, 0xf0, 0xff, 0xdd, 0xdd, 0xfd, 0xdd, 0xd9, 0x9f, 0xf0,
  0xfd, 0xdd, 0xdd, 0xdd, 0xdd, 0x88, 0x9d, 0xf0, 0xff, 0xdd, 0xdd, 0xdd,
  0xdd, 0x88, 0x9d, 0xd0, 0xff, 0xd9, 0xdd, 0xdd, 0xdd, 0x99, 0x9d, 0xd0,
  0xff, 0xdd, 0xdd, 0xdd, 0xdd, 0xd9, 0x9d, 0xd0, 0xff, 0xdd, 0xdd, 0xdd,
  0xdd, 0xdd, 0xdd, 0xc0, 0xff, 0xdd, 0xdd, 0xdd, 0xdd, 0xdd, 0xdd, 0xc0,
  0xff, 0xdd, 0xdc, 0xdd, 0xdd, 0xdc, 0xcc, 0xc0, 0xff, 0xfd, 0xec, 0xdd,
  0xdd, 0xce, 0xce, 0xe0, 0xff, 0xfe, 0xee, 0xcd, 0xec, 0xce, 0xee, 0xe0,
  0xff, 0xfe, 0xee, 0xec, 0xec, 0xce, 0xee, 0xe0, 0xee, 0xee, 0xee, 0xee,
  0xee, 0xee, 0xee, 0xe0, 0xee, 0xee, 0xee, 0xee, 0xee, 0xee, 0xee, 0xe0,
  0xee, 0xee, 0xee, 0xee, 0xef, 0xee, 0xee, 0xe0, 0xee, 0xee, 0xef, 0xff,
  0xff, 0xfe, 0xee, 0xe0, 0xff, 0xff, 0xff, 0xff, 0xfd, 0xff, 0xff, 0xe0,
  0xff, 0xff, 0xff, 0xff, 0xff, 0xef, 0xff, 0xf0, 0xff, 0xff, 0xff, 0xff,
  0xef, 0xfe, 0xff, 0xf0, 0xff, 0xff, 0xff, 0xff, 0xee, 0xff, 0xef, 0xf0,
  0xff, 0xff, 0xff, 0xff, 0xff, 0xff, 0xff, 0xe0, 0xff, 0xff, 0xff, 0xff,
  0xff, 0xff, 0xff, 0xf0, 0xff, 0xff, 0xff, 0xff, 0xff, 0xff, 0xff, 0xf0,
  0xff, 0xff, 0xff, 0xff, 0xff, 0xff, 0xff, 0xf0, 0xff, 0xff, 0xff, 0xff,
  0xff, 0xff, 0xff, 0xf0, 0xff, 0xff, 0xff, 0xff, 0xff, 0xff, 0xff, 0xf0,
  0xff, 0xff, 0xff, 0xff, 0xff, 0xff, 0xff, 0xf0, 0xff, 0xff, 0xff, 0xff,
  0xff, 0xff, 0xff, 0xf0, 0xff, 0xff, 0xff, 0xff, 0xff, 0xff, 0xff, 0xf0,
  0xff, 0xff, 0xff, 0xff, 0xff, 0xff, 0xff, 0xf0, 0xff, 0xff, 0xff, 0xff,
  0xff, 0xff, 0xff, 0xf0, 0xff, 0xff, 0xff, 0xff, 0xff, 0xff, 0xff, 0xf0,
  0xff, 0xff, 0xff, 0xff, 0xff, 0xff, 0xff, 0xf0, 0xff, 0xff, 0xff, 0xff,
  0xff, 0xfb, 0xff, 0xf0, 0xff, 0xff, 0xff, 0xff, 0xff, 0xfb, 0xff, 0xf0,
  0xff, 0xff, 0xff, 0xff, 0xff, 0xfb, 0xbf, 0xf0, 0xff, 0xff, 0xff, 0xff,
  0xff, 0xbb, 0xbf, 0xf0, 0xff, 0xff, 0xff, 0xff, 0xff, 0xbb, 0xbb, 0xf0,
  0xff, 0xff, 0xff, 0xff, 0xff, 0xbb, 0xbb, 0xf0, 0xff, 0xff, 0xff, 0xff,
  0xff, 0xbb, 0xbb, 0xf0, 0xff, 0xff, 0xff, 0xff, 0xff, 0xbb, 0xbb, 0xb0,
  0xff, 0xff, 0xff, 0xff, 0xff, 0xbb, 0xbb, 0xb0, 0xff, 0xff, 0xff, 0xff,
  0xff, 0xbb, 0xbb, 0xb0, 0xff, 0xff, 0xff, 0xff, 0xff, 0xbb, 0xbb, 0xb0,
  0xff, 0xff, 0xff, 0xff, 0xff, 0xfb, 0xbb, 0xb0, 0xff, 0xff, 0xff, 0xff,
  0xff, 0xfb, 0xbb, 0xb0, 0xff, 0xff, 0xff, 0xff, 0xff, 0xfb, 0xbb, 0xb0,
  0xff, 0xff, 0xff, 0xff, 0xff, 0xfb, 0xbb, 0xb0, 0xff, 0xff, 0xff, 0xff,
  0xff, 0xfb, 0xbb, 0xb0, 0xff, 0xff, 0xff, 0xff, 0xff, 0xfb, 0xbb, 0xb0,
  0xff, 0xff, 0xff, 0xff, 0xff, 0xfb, 0xbb, 0xb0, 0xff, 0xff, 0xff, 0xff,
  0xff, 0xfb, 0xbb, 0xb0, 0xff, 0xff, 0xff, 0xff, 0xff, 0xfb, 0xbb, 0xb0,
  0xff, 0xff, 0xff, 0xff, 0xff, 0xfb, 0xbb, 0xa0, 0xff, 0xff, 0xff, 0xff,
  0xff, 0xfb, 0xbb, 0xa0, 0xff, 0xff, 0xff, 0xff, 0xff, 0xfb, 0xbb, 0xb0,
  0xff, 0xff, 0xff, 0xff, 0xff, 0xfb, 0xbb, 0xb0, 0xff, 0xff, 0xff, 0xff,
  0xff, 0xfb, 0xbb, 0xb0, 0xff, 0xff, 0xff, 0xff, 0xff, 0xfb, 0xbb, 0xb0,
  0xff, 0xff, 0xff, 0xff, 0xff, 0xfb, 0xbb, 0xb0, 0xff, 0xff, 0xff, 0xff,
  0xff, 0xfb, 0xbb, 0xb0, 0xff, 0xff, 0xff, 0xff, 0xff, 0xfb, 0xbb, 0xb0,
  0xff, 0xff, 0xff, 0xff, 0xff, 0xfb, 0xbb, 0xb0, 0xff, 0xff, 0xff, 0xff,
  0xff, 0xfb, 0xbb, 0xb0, 0xff, 0xff, 0xff, 0xff, 0xff, 0xfb, 0xbb, 0xb0,
  0xff, 0xff, 0xff, 0xff, 0xff, 0xfb, 0xbb, 0xb0, 0xff, 0xff, 0xff, 0xff,
  0xff, 0xfb, 0xbb, 0xa0, 0xff, 0xff, 0xff, 0xff, 0xff, 0xfb, 0xbb, 0xb0,
  0xff, 0xff, 0xff, 0xff, 0xff, 0xfb, 0xbb, 0xb0, 0xff, 0xff, 0xff, 0xff,
  0xff, 0xfb, 0xbb, 0xb0, 0xff, 0xff, 0xff, 0xff, 0xff, 0xfb, 0xbb, 0xb0,
  0xff, 0xff, 0xff, 0xff, 0xff, 0xfb, 0xbb, 0xb0, 0xff, 0xff, 0xff, 0xff,
  0xff, 0xfb, 0xbb, 0xb0, 0xff, 0xff, 0xff, 0xff, 0xff, 0xfb, 0xbb, 0xb0,
  0xff, 0xff, 0xff, 0xff, 0xff, 0xfb, 0xbb, 0xb0, 0xff, 0xff, 0xff, 0xff,
  0xff, 0xfb, 0xbb, 0xb0, 0xff, 0xff, 0xff, 0xff, 0xff, 0xfb, 0xbb, 0xb0,
  0xff, 0xff, 0xff, 0xff, 0xff, 0xfb, 0xbb, 0xb0, 0xff, 0xff, 0xff, 0xff,
  0xff, 0xfb, 0xbb, 0xb0, 0xff, 0xff, 0xff, 0xff, 0xff, 0xfb, 0xbb, 0xb0,
  0xff, 0xff, 0xff, 0xff, 0xff, 0xff, 0xbb, 0xb0, 0xff, 0xff, 0xff, 0xff,
  0xff, 0xff, 0xbb, 0xb0, 0xff, 0xff, 0xff, 0xff, 0xff, 0xff, 0xbb, 0xb0,
  0xff, 0xff, 0xff, 0xfd, 0xff, 0xff, 0xbb, 0xb0, 0xff, 0xff, 0xff, 0xfd,
  0xff, 0xfb, 0xbb, 0xb0, 0xff, 0xff, 0xff, 0xfd, 0xff, 0xfb, 0xbb, 0xb0,
  0xff, 0xff, 0xff, 0xfd, 0xfd, 0xff, 0xbb, 0xb0, 0xff, 0xff, 0xff, 0xff,
  0xdd, 0xff, 0xbb, 0xb0, 0xff, 0xff, 0xff, 0xfd, 0xdf, 0xff, 0xbb, 0xb0,
  0xff, 0xff, 0xff, 0xfd, 0xdf, 0xff, 0xbb, 0xb0, 0xff, 0xff, 0xff, 0xfd,
  0xdf, 0xff, 0xbb, 0xb0, 0xff, 0xff, 0xff, 0xfd, 0xdf, 0xff, 0xbb, 0xb0,
  0xff, 0xff, 0xff, 0xfd, 0xdf, 0xff, 0xbb, 0xb0, 0xff, 0xff, 0xff, 0xfd,
  0xdf, 0xff, 0xbb, 0xb0, 0xff, 0xff, 0xff, 0xfd, 0xdf, 0xff, 0xbb, 0xb0,
  0xff, 0xff, 0xff, 0xfd, 0xdf, 0xff, 0xbb, 0xb0, 0xff, 0xff, 0xff, 0xfd,
  0xdf, 0xff, 0xbb, 0xb0, 0xff, 0xff, 0xff, 0xfd, 0xdf, 0xff, 0xbb, 0xb0,
  0xff, 0xff, 0xff, 0xfd, 0xdf, 0xff, 0xbb, 0xb0, 0xff, 0xff, 0xff, 0xfd,
  0xdf, 0xff, 0xbb, 0xb0, 0xff, 0xff, 0xff, 0xfd, 0xdf, 0xff, 0xbb, 0xb0,
  0xff, 0xff, 0xff, 0xfd, 0xdf, 0xff, 0xbb, 0xb0, 0xff, 0xff, 0xff, 0xfd,
  0xdf, 0xff, 0xbb, 0xb0, 0xff, 0xff, 0xff, 0xfd, 0xdf, 0xff, 0xbb, 0xb0,
  0xff, 0xff, 0xff, 0xfd, 0xdf, 0xff, 0xbb, 0xb0, 0xff, 0xff, 0xff, 0xff,
  0xdd, 0xff, 0xbb, 0xb0, 0xff, 0xff, 0xff, 0xfd, 0xfd, 0xff, 0xbb, 0xb0,
  0xff, 0xff, 0xff, 0xfd, 0xff, 0xdf, 0xfb, 0xb0, 0xff, 0xff, 0xff, 0xfd,
  0xff, 0xff, 0xfb, 0xb0, 0xff, 0xff, 0xff, 0xfd, 0xff, 0xff, 0xfb, 0xb0,
  0xff, 0xff, 0xff, 0xff, 0xff, 0xff, 0xfb, 0xb0, 0xff, 0xff, 0xff, 0xff,
  0xff, 0xff, 0xfb, 0xb0, 0xff, 0xff, 0xff, 0xff, 0xff, 0xff, 0xff, 0xb0,
  0xff, 0xff, 0xff, 0xff, 0xff, 0xff, 0xff, 0xb0, 0xff, 0xff, 0xff, 0xff,
  0xff, 0xff, 0xff, 0xb0, 0xff, 0xff, 0xff, 0xff, 0xff, 0xff, 0xff, 0xb0,
  0xff, 0xff, 0xff, 0xff, 0xff, 0xff, 0xff, 0xb0, 0xff, 0xff, 0xff, 0xff,
  0xff, 0xff, 0xff, 0xb0, 0xff, 0xff, 0xff, 0xff, 0xff, 0xff, 0xff, 0xb0,
  0xff, 0xff, 0xff, 0xff, 0xff, 0xff, 0xff, 0xb0, 0xff, 0xff, 0xff, 0xff,
  0xff, 0xff, 0xff, 0xb0, 0xff, 0xff, 0xff, 0xff, 0xff, 0xff, 0xff, 0xb0,
  0xff, 0xff, 0xff, 0xff, 0xff, 0xff, 0xff, 0xb0, 0xff, 0xff, 0xff, 0xff,
  0xff, 0xff, 0xff, 0xb0, 0xff, 0xff, 0xff, 0xff, 0xff, 0xff, 0xff, 0xb0,
  0xff, 0xff, 0xff, 0xff, 0xff, 0xff, 0xff, 0xb0, 0xff, 0xff, 0xff, 0xff,
  0xff, 0xff, 0xff, 0xb0, 0xff, 0xff, 0xff, 0xff, 0xff, 0xff, 0xff, 0xb0,
  0xff, 0xff, 0xff, 0xff, 0xff, 0xff, 0xff, 0xb0, 0xff, 0xff, 0xff, 0xff,
  0xff, 0xff, 0xff, 0xb0, 0xff, 0xff, 0xff, 0xff, 0xff, 0xff, 0xff, 0xb0,
  0xff, 0xff, 0xff, 0xff, 0xff, 0xff, 0xff, 0xb0, 0xff, 0xff, 0xff, 0xff,
  0xff, 0xff, 0xff, 0xb0, 0xff, 0xff, 0xff, 0xff, 0xff, 0xff, 0xff, 0xb0,
  0xff, 0xff, 0xbf, 0xff, 0xff, 0xff, 0xff, 0xb0, 0xff, 0xff, 0xbf, 0xff,
  0xff, 0xff, 0xff, 0xb0, 0xff, 0xff, 0xbf, 0xfb, 0xff, 0xff, 0xfb, 0xb0,
  0xff, 0xff, 0xbf, 0xfb, 0xff, 0xff, 0xfb, 0xb0, 0xff, 0xff, 0xbf, 0xfb,
  0xff, 0xbd, 0xbb, 0xb0, 0xff, 0xfb, 0xbf, 0xdb, 0xbf, 0xbd, 0xbb, 0xb0,
  0xff, 0xfb, 0xbf, 0x99, 0xbb, 0x99, 0x9b, 0xb0, 0xff, 0xfb, 0xbf, 0x99,
  0xbb, 0x99, 0x99, 0x90, 0xff, 0xbb, 0xbf, 0x99, 0x99, 0x99, 0x99, 0x90,
  0xff, 0xbb, 0xbf, 0x99, 0x99, 0x99, 0x99, 0x90, 0xff, 0xbb, 0xb9, 0x99,
  0x99, 0x99, 0x99, 0x90, 0xff, 0xbb, 0xb9, 0x99, 0x99, 0x99, 0x99, 0x90,
  0xff, 0xbb, 0x99, 0x99, 0x99, 0x99, 0x99, 0x90, 0xff, 0xbb, 0x99, 0x99,
  0x99, 0x99, 0x99, 0x90, 0xff, 0xbb, 0x99, 0x99, 0x99, 0x99, 0x99, 0x90,
  0xff, 0xbb, 0x99, 0x99, 0x99, 0x99, 0x99, 0x90, 0xff, 0xbb, 0x99, 0x99,
  0x99, 0x99, 0x99, 0x90, 0xff, 0xbb, 0x99, 0x99, 0x99, 0x99, 0x99, 0x90,
  0xff, 0xbb, 0x99, 0x99, 0x99, 0x99, 0x99, 0x90, 0xff, 0xbb, 0x99, 0x99,
  0x99, 0x99, 0x99, 0x90, 0xff, 0xbb, 0x99, 0x99, 0x99, 0x99, 0x99, 0x90,
  0xff, 0xbb, 0x99, 0x99, 0x99, 0x99, 0x99, 0x90, 0xff, 0xbb, 0x99, 0x99,
  0x99, 0x99, 0x99, 0x90, 0xff, 0xbb, 0x99, 0x99, 0x99, 0x99, 0x99, 0x90,
  0xff, 0xbb, 0x99, 0x99, 0x99, 0x99, 0x99, 0x90, 0xff, 0xbb, 0x99, 0x99,
  0x99, 0x99, 0x99, 0x90, 0xff, 0xbb, 0x99, 0x99, 0x99, 0x99, 0x99, 0x90,
  0xff, 0xbb, 0x99, 0x99, 0x99, 0x99, 0x99, 0x90, 0xff, 0xbb, 0x99, 0x99,
  0x99, 0x99, 0x99, 0x90, 0xfb, 0xbb, 0x99, 0x99, 0x99, 0x99, 0x99, 0x90,
  0xbb, 0xb9, 0x99, 0x99, 0x99, 0x99, 0x99, 0x90, 0xbb, 0xb9, 0x99, 0x99,
  0x99, 0x99, 0x99, 0x90, 0xbb, 0x99, 0x99, 0x99, 0x89, 0x99, 0x99, 0x90,
  0xbb, 0x99, 0x99, 0x99, 0x89, 0x99, 0x99, 0x90, 0xfb, 0xbb, 0x99, 0x99,
  0x81, 0x19, 0x99, 0x10, 0xff, 0xb3, 0x11, 0x98, 0x81, 0x19, 0x11, 0xf0,
  0xff, 0xff, 0x31, 0x08, 0x01, 0x11, 0x1f, 0xf0, 0xff, 0xff, 0xf3, 0x00,
  0x01, 0x1f, 0xff, 0xf0, 0xff, 0xff, 0xff, 0xf1, 0x9f, 0xff, 0xff, 0xf0,
  0xff, 0xff, 0xff, 0xf1, 0xff, 0xff, 0xff, 0xf0, 0xff, 0xff, 0xff, 0xf1,
  0xff, 0xff, 0xff, 0xf0, 0xff, 0xff, 0xff, 0xf1, 0xff, 0xff, 0xff, 0xf0,
  0xff, 0xff, 0xff, 0xff, 0xff, 0xff, 0xff, 0xf0, 0xff, 0xff, 0xff, 0xff,
  0xff, 0xff, 0xff, 0xf0, 0xff, 0xff, 0xff, 0xff, 0xff, 0xff, 0xff, 0xf0,
  0xff, 0xff, 0xff, 0xff, 0xff, 0xff, 0xff, 0xf0, 0xff, 0xff, 0xff, 0xff,
  0xff, 0xff, 0xff, 0xf0, 0xff, 0xff, 0xff, 0xff, 0xff, 0xff, 0xff, 0xf0,
  0xff, 0xff, 0xff, 0xff, 0xff, 0xff, 0xff, 0xf0, 0xff, 0xff, 0xff, 0xff,
  0xff, 0xff, 0xff, 0xf0, 0xff, 0xff, 0xff, 0xff, 0xff, 0xff, 0xff, 0xf0,
  0xff, 0xff, 0xff, 0xff, 0xff, 0xff, 0xff, 0xf0, 0xff, 0xff, 0xff, 0xff,
  0xff, 0xff, 0xff, 0xf0, 0xff, 0xff, 0xff, 0xff, 0xff, 0xff, 0xff, 0xf0,
  0xff, 0xff, 0xff, 0xff, 0xff, 0xff, 0xff, 0xf0, 0xff, 0xff, 0xff, 0xff,
  0xf9, 0xff, 0xff, 0xf0, 0xff, 0xff, 0xff, 0xff, 0x99, 0xdf, 0xff, 0xf0,
  0xff, 0xff, 0xff, 0xfd, 0x99, 0x9f, 0xff, 0xf0, 0xff, 0xff, 0x99, 0x90,
  0x99, 0x9f, 0xff, 0xf0, 0xff, 0xff, 0x99, 0x90, 0x99, 0x9f, 0xff, 0xf0,
  0xff, 0xff, 0x99, 0x90, 0x99, 0x9f, 0xff, 0xf0, 0xff, 0xff, 0x99, 0x90,
  0x99, 0x9f, 0xff, 0xf0, 0xff, 0xff, 0xf9, 0x90, 0x99, 0xdf, 0xff, 0xf0,
  0xff, 0xff, 0xf9, 0x90, 0x99, 0xdf, 0xff, 0xf0, 0xff, 0xff, 0xf9, 0x90,
  0x99, 0xff, 0xff, 0xf0, 0xff, 0xff, 0xf9, 0x90, 0x99, 0xff, 0xff, 0xf0,
  0xff, 0xff, 0xff, 0xd0, 0x9d, 0xff, 0xff, 0xf0, 0xff, 0xff, 0xff, 0xd0,
  0x9f, 0xff, 0xff, 0xf0, 0xff, 0xff, 0xff, 0xd0, 0x9f, 0xff, 0xff, 0xf0,
  0xff, 0xff, 0xff, 0xd8, 0x9f, 0xff, 0xff, 0xf0, 0xff, 0xff, 0xff, 0xd0,
  0x9f, 0xff, 0xff, 0xf0, 0xff, 0xff, 0xff, 0xd0, 0x9f, 0xff, 0xff, 0xf0,
  0xff, 0xff, 0xff, 0x90, 0x9f, 0xff, 0xff, 0xf0, 0xff, 0xff, 0xff, 0x90,
  0x9f, 0xff, 0xff, 0xf0, 0xff, 0xff, 0xff, 0x90, 0x9f, 0xff, 0xff, 0xf0,
  0xff, 0xff, 0xf9, 0x90, 0x1f, 0xff, 0xff, 0xf0, 0xff, 0xff, 0xf9, 0x96,
  0x09, 0xff, 0xff, 0xf0, 0xff, 0xff, 0xf9, 0x06, 0x09, 0xff, 0xff, 0xf0,
  0xff, 0xff, 0xf9, 0x06, 0x09, 0xff, 0xff, 0xf0, 0xff, 0xff, 0x99, 0x26,
  0x29, 0xff, 0xff, 0xf0, 0xff, 0xff, 0x90, 0x26, 0x69, 0xdf, 0xff, 0xf0,
  0xff, 0xff, 0x90, 0x26, 0x60, 0x9f, 0xff, 0xf0, 0xff, 0xf9, 0x80, 0x22,
  0x20, 0x9f, 0xff, 0xf0, 0xff, 0xd8, 0x00, 0x26, 0x22, 0x1f, 0xff, 0xf0,
  0xff, 0x98, 0x02, 0x26, 0x22, 0x1b, 0xff, 0xf0, 0xfd, 0x88, 0x02, 0x26,
  0x62, 0x11, 0xff, 0xf0, 0xd8, 0x80, 0x02, 0x66, 0x62, 0x01, 0x3f, 0xf0,
  0xc8, 0x80, 0x22, 0x66, 0x62, 0x01, 0x37, 0xf0, 0x88, 0x00, 0x26, 0x66,
  0x62, 0x01, 0x13, 0xf0, 0x88, 0x00, 0x26, 0x66, 0x62, 0x01, 0x13, 0x70,
  0x88, 0x00, 0x26, 0x66, 0x66, 0x11, 0x13, 0x30, 0x80, 0x00, 0x66, 0x66,
  0x66, 0x11, 0x11, 0x30, 0x80, 0x00, 0x66, 0x66, 0x66, 0x11, 0x11, 0x30,
  0x80, 0x00, 0x06, 0x66, 0x66, 0x51, 0x11, 0x30, 0x91, 0x11, 0x14, 0x66,
  0x67, 0x55, 0x11, 0x10, 0x91, 0x11, 0x11, 0x46, 0x67, 0x55, 0x11, 0x10,
  0xb1, 0x11, 0x11, 0x54, 0x66, 0x55, 0xd1, 0x10, 0x33, 0x31, 0x11, 0x54,
  0x66, 0x45, 0x55, 0x10, 0x33, 0x33, 0x10, 0x04, 0x66, 0x64, 0x44, 0x40,
  0x33, 0x33, 0x20, 0x04, 0x66, 0x64, 0x44, 0x40, 0x33, 0x32, 0x00, 0x00,
  0x66, 0x60, 0x04, 0x40, 0x33, 0x22, 0x00, 0x00, 0x66, 0x60, 0x04, 0x40,
  0x22, 0x22, 0x00, 0x00, 0x66, 0x00, 0x00, 0x40, 0x62, 0x22, 0x00, 0x00,
  0x66, 0x00, 0x00, 0x40, 0x66, 0x22, 0x00, 0x00, 0x66, 0x00, 0x00, 0x40,
  0x66, 0x22, 0x00, 0x00, 0x26, 0x00, 0x00, 0x00, 0x66, 0x20, 0x00, 0x00,
  0x26, 0x00, 0x00, 0x00, 0x66, 0x60, 0x00, 0x00, 0x22, 0x00, 0x00, 0x00,
  0x66, 0x40, 0x00, 0x00, 0x20, 0x00, 0x00, 0x00, 0x44, 0x40, 0x00, 0x00,
  0x20, 0x00, 0x00, 0x00, 0x04, 0x00, 0x00, 0x00, 0x20, 0x00, 0x00, 0x00,
  0x00, 0x00, 0x00, 0x00, 0x20, 0x00, 0x00, 0x00, 0x00, 0x00, 0x00, 0x00,
  0x20, 0x00, 0x00, 0x00, 0x00, 0x00, 0x00, 0x00, 0x20, 0x00, 0x00, 0x00,
  0x00, 0x00, 0x00, 0x00, 0x20, 0x00, 0x00, 0x00, 0x00, 0x00, 0x00, 0x02,
  0x20, 0x00, 0x00, 0x00, 0x00, 0x00, 0x00, 0x02, 0x60, 0x00, 0x00, 0x00,
  0x00, 0x00, 0x00, 0x02, 0x60, 0x00, 0x00, 0x00, 0x00, 0x00, 0x00, 0x02,
  0x40, 0x00, 0x00, 0x00, 0x00, 0x00, 0x00, 0x02, 0x40, 0x00, 0x04, 0x00,
  0x00, 0x00, 0x00, 0x02, 0x40, 0x00, 0x04, 0x00, 0x00, 0x00, 0x00, 0x02,
  0x40, 0x00, 0x04, 0x00, 0x00, 0x00, 0x00, 0x06, 0x40, 0x00, 0x04, 0x00,
  0x00, 0x00, 0x00, 0x06, 0x00, 0x00, 0x00, 0x00, 0x00, 0x00, 0x00, 0x06,
  0x00, 0x00, 0x00, 0x00, 0x00, 0x00, 0x00, 0x06, 0x00, 0x00, 0x00, 0x00,
  0x00, 0x00, 0x00, 0x26, 0x00, 0x00, 0x00, 0x00, 0x00, 0x00, 0x00, 0x26,
  0x00, 0x00, 0x00, 0x00, 0x00, 0x00, 0x00, 0x26, 0x00, 0x00, 0x00, 0x00,
  0x00, 0x00, 0x00, 0x24, 0x00, 0x00, 0x00, 0x00, 0x00, 0x00, 0x00, 0x24,
  0x00, 0x00, 0x00, 0x00, 0x00, 0x00, 0x00, 0x64, 0x00, 0x00, 0x00, 0x00,
  0x00, 0x00, 0x00, 0x60, 0x00, 0x00, 0x00, 0x00, 0x00, 0x00, 0x00, 0x60,
  0x00, 0x00, 0x00, 0x00, 0x00, 0x00, 0x00, 0x60, 0x00, 0x00, 0x00, 0x00,
  0x00, 0x00, 0x00, 0x60, 0x00, 0x00, 0x00, 0x00, 0x00, 0x00, 0x02, 0x60,
  0x00, 0x00, 0x00, 0x00, 0x00, 0x00, 0x02, 0x60, 0x00, 0x00, 0x00, 0x00,
  0x00, 0x00, 0x02, 0x20, 0x00, 0x00, 0x00, 0x00, 0x00, 0x00, 0x02, 0x20,
  0x00, 0x00, 0x00, 0x00, 0x00, 0x00, 0x02, 0x20, 0x00, 0x00, 0x00, 0x00,
  0x00, 0x00, 0x02, 0x20, 0x00, 0x02, 0x00, 0x00, 0x00, 0x00, 0x02, 0x20,
  0x00, 0x02, 0x00, 0x00, 0x00, 0x00, 0x02, 0x20, 0x00, 0x02, 0x00, 0x00,
  0x00, 0x00, 0x02, 0x20, 0x00, 0x02, 0x00, 0x00, 0x00, 0x00, 0x02, 0x20,
  0x00, 0x02, 0x00, 0x00, 0x00, 0x00, 0x02, 0x20, 0x00, 0x00, 0x00, 0x00,
  0x00, 0x00, 0x02, 0x20, 0x00, 0x00, 0x00, 0x00, 0x00, 0x00, 0x02, 0x20,
  0x00, 0x00, 0x00, 0x00, 0x00, 0x00, 0x02, 0x20, 0x00, 0x00, 0x00, 0x00,
  0x00, 0x00, 0x02, 0x20, 0x00, 0x00, 0x00, 0x00, 0x00, 0x00, 0x02, 0x20,
  0x00, 0x00, 0x00, 0x00, 0x00, 0x00, 0x02, 0x20, 0x00, 0x00, 0x00, 0x00,
  0x00, 0x00, 0x02, 0x20, 0x00, 0x00, 0x00, 0x00, 0x00, 0x00, 0x02, 0x20,
  0x00, 0x00, 0x00, 0x00, 0x00, 0x00, 0x02, 0x20, 0x00, 0x00, 0x00, 0x00,
  0x00, 0x00, 0x02, 0x20, 0x00, 0x00, 0x00, 0x00, 0x00, 0x00, 0x02, 0x20,
  0x00, 0x00, 0x00, 0x00, 0x00, 0x00, 0x02, 0x60, 0x00, 0x00, 0x00, 0x00,
  0x00, 0x00, 0x02, 0x60, 0x00, 0x00, 0x00, 0x00, 0x00, 0x00, 0x02, 0x60,
  0x00, 0x00, 0x00, 0x00, 0x00, 0x00, 0x02, 0x60, 0x00, 0x00, 0x00, 0x00,
  0x00, 0x00, 0x02, 0x60, 0x00, 0x04, 0x00, 0x00, 0x00, 0x00, 0x02, 0x60,
  0x00, 0x04, 0x00, 0x00, 0x00, 0x00, 0x02, 0x60, 0x00, 0x04, 0x00, 0x00,
  0x00, 0x00, 0x02, 0x60, 0x00, 0x00, 0x40, 0x00, 0x00, 0x00, 0x06, 0x60,
  0x00, 0x00, 0x44, 0x00, 0x00, 0x00, 0x26, 0x60, 0x00, 0x00, 0x44, 0x00,
  0x00, 0x00, 0x26, 0x60, 0x00, 0x00, 0x44, 0x60, 0x00, 0x02, 0x66, 0x62,
  0x00, 0x00, 0x04, 0x60, 0x00, 0x22, 0x66, 0x22, 0x20, 0x22, 0x26, 0x60,
  0x00, 0x22, 0x66, 0x22, 0x22, 0x22, 0x22, 0x60, 0x00, 0x26, 0x62, 0x22,
  0x22, 0x22, 0x22, 0x20, 0x00, 0x26, 0x62, 0x22, 0x22, 0x22, 0x22, 0x20,
  0x00, 0x26, 0x62, 0x23, 0x22, 0x22, 0x22, 0x20, 0x00, 0x26, 0x22, 0x23,
  0x22, 0x22, 0x22, 0x20, 0x00, 0x26, 0x22, 0x33, 0x22, 0x22, 0x22, 0x20,
  0x00, 0x26, 0x22, 0x33, 0x32, 0x22, 0x22, 0x20, 0x02, 0x73, 0x33, 0x33,
  0x32, 0x22, 0x22, 0x20, 0x07, 0x73, 0x33, 0x33, 0x32, 0x22, 0x22, 0x20,
  0x17, 0x33, 0x33, 0x33, 0x32, 0x62, 0x22, 0x20, 0x77, 0x33, 0x33, 0x37,
  0x32, 0x66, 0x22, 0x20, 0x77, 0x33, 0x33, 0x37, 0x76, 0x66, 0x66, 0x20,
  0x73, 0x33, 0x33, 0x33, 0x76, 0x66, 0x66, 0x20, 0x73, 0x33, 0x33, 0x33,
  0x76, 0x66, 0x66, 0x20, 0x73, 0x33, 0x33, 0x33, 0x76, 0x66, 0x66, 0x20,
  0x73, 0x33, 0x33, 0x37, 0x76, 0x66, 0x66, 0x20, 0x73, 0x33, 0x33, 0x37,
  0x66, 0x66, 0x62, 0x20, 0x73, 0x33, 0x33, 0x37, 0x66, 0x22, 0x22, 0x20,
  0x73, 0x33, 0x33, 0x37, 0x66, 0x22, 0x22, 0x20, 0x73, 0x33, 0x33, 0x37,
  0x66, 0x22, 0x22, 0x20, 0x73, 0x33, 0x33, 0x37, 0x66, 0x22, 0x22, 0x20,
  0x73, 0x33, 0x33, 0x77, 0x66, 0x62, 0x22, 0x20, 0x73, 0x33, 0x33, 0x77,
  0x66, 0x62, 0x22, 0x20, 0x73, 0x33, 0x37, 0x77, 0x22, 0x62, 0x22, 0x20,
  0x73, 0x33, 0x77, 0x77, 0x22, 0x66, 0x22, 0x20, 0x73, 0x33, 0x77, 0x73,
  0x22, 0x66, 0x22, 0x20, 0x73, 0x33, 0x77, 0x73, 0x26, 0x66, 0x22, 0x20,
  0x73, 0x33, 0x77, 0x73, 0x26, 0x66, 0x22, 0x20, 0x73, 0x33, 0x77, 0x73,
  0x26, 0x62, 0x22, 0x20, 0x73, 0x33, 0x37, 0x33, 0x66, 0x62, 0x22, 0x20,
  0x73, 0x33, 0x33, 0x33, 0x66, 0x22, 0x22, 0x20, 0x73, 0x33, 0x73, 0x3b,
  0x66, 0x22, 0x22, 0x20, 0x33, 0x33, 0x3b, 0xba, 0xee, 0x22, 0x22, 0x30,
  0x33, 0x33, 0x33, 0xbb, 0xee, 0xa2, 0x23, 0x30, 0x33, 0x33, 0x33, 0xbb,
  0xfb, 0xbb, 0x33, 0x30, 0x31, 0x13, 0x39, 0x99, 0xfb, 0x9b, 0x33, 0x10,
  0x11, 0x11, 0x19, 0x99, 0xfd, 0x99, 0x11, 0x10, 0x11, 0x11, 0x19, 0x9d,
  0xfd, 0x99, 0x11, 0x10, 0x11, 0x11, 0x19, 0x9d, 0xfd, 0x99, 0x11, 0x10,
  0x11, 0x11, 0x04, 0xcf, 0x7c, 0xc5, 0x11, 0x10, 0x00, 0x00, 0x44, 0x47,
  0x74, 0x44, 0x40, 0x00, 0x00, 0x00, 0x44, 0x47, 0x74, 0x44, 0x40, 0x00,
  0x00, 0x04, 0x44, 0x47, 0x74, 0x44, 0x44, 0x00, 0x00, 0x44, 0x44, 0x77,
  0x66, 0x44, 0x44, 0x00, 0x00, 0x44, 0x44, 0x77, 0x66, 0x44, 0x44, 0x00,
  0x04, 0x44, 0x46, 0x77, 0x66, 0x64, 0x44, 0x00, 0x04, 0x44, 0x66, 0x77,
  0x76, 0x66, 0x44, 0x00, 0x04, 0x46, 0x66, 0x77, 0x76, 0x66, 0x66, 0x00,
  0x04, 0x66, 0x66, 0x77, 0x77, 0x66, 0x66, 0x20, 0x06, 0x66, 0x67, 0x77,
  0x77, 0x66, 0x62, 0x20, 0x22, 0x66, 0x67, 0x77, 0x77, 0x66, 0x62, 0x00,
  0x22, 0x66, 0x77, 0x77, 0x64, 0x00, 0x00, 0x00, 0x22, 0x67, 0x73, 0x10,
  0x00, 0x00, 0x00, 0x00, 0x22, 0x31, 0x10, 0x00, 0x00, 0x00, 0x00, 0x00,
  0x21, 0x11, 0x00, 0x00, 0x00, 0x00, 0x00, 0x00, 0x11, 0x10, 0x00, 0x00,
  0x00, 0x00, 0x00, 0x00, 0x11, 0x10, 0x00, 0x00, 0x00, 0x00, 0x00, 0x00,
  0x11, 0x00, 0x00, 0x00, 0x00, 0x00, 0x00, 0x00, 0x11, 0x00, 0x00, 0x00,
  0x00, 0x00, 0x00, 0x00, 0x10, 0x00, 0x00, 0x00, 0x00, 0x00, 0x00, 0x00,
  0x00, 0x00, 0x00, 0x00, 0x00, 0x00, 0x00, 0x00, 0x00, 0x00, 0x00, 0x00,
  0x00, 0x00, 0x00, 0x00, 0x00, 0x00, 0x00, 0x00, 0x00, 0x00, 0x00, 0x00,
  0x00, 0x00, 0x00, 0x00, 0x00, 0x00, 0x00, 0x00, 0x00, 0x00, 0x00, 0x00,
  0x00, 0x00, 0x00, 0x00, 0x00, 0x00, 0x00, 0x00, 0x00, 0x00, 0x00, 0x00,
  0x00, 0x00, 0x00, 0x00, 0x00, 0x00, 0x00, 0x00, 0x00, 0x00, 0x00, 0x00,
  0x00, 0x00, 0x00, 0x00, 0x00, 0x00, 0x00, 0x00, 0x00, 0x00, 0x00, 0x00,
  0x00, 0x00, 0x00, 0x00, 0x00, 0x40, 0x00, 0x00, 0x00, 0x00, 0x00, 0x00,
  0x00, 0x40, 0x00, 0x00, 0x00, 0x00, 0x00, 0x00, 0x00, 0x44, 0x40, 0x00,
  0x00, 0x00, 0x00, 0x00, 0x00, 0x44, 0x40, 0x00, 0x00, 0x00, 0x00, 0x44,
  0x00, 0x44, 0x44, 0x00, 0x00, 0x00, 0x00, 0x44, 0x00, 0x44, 0x44, 0x00,
  0x00, 0x00, 0x00, 0x44, 0x40, 0x44, 0x44, 0x00, 0x00, 0x00, 0x00, 0x44,
  0x00, 0x44, 0x44, 0x00, 0x00, 0x00, 0x00, 0x44, 0x00, 0x44, 0x44, 0x00,
  0x00, 0x00, 0x00, 0x44, 0x00, 0x44, 0x44, 0x00, 0x00, 0x00, 0x00, 0x44,
  0x00, 0x44, 0x44, 0x00, 0x00, 0x00, 0x00, 0x44, 0x00, 0x44, 0x44, 0x00,
  0x00, 0x00, 0x00, 0x44, 0x00, 0x04, 0x66, 0x00, 0x00, 0x00, 0x00, 0x00,
  0x00, 0x04, 0x66, 0x00, 0x00, 0x00, 0x00, 0x00, 0x00, 0x06, 0x66, 0x00,
  0x00, 0x00, 0x00, 0x00, 0x00, 0x06, 0x66, 0x00, 0x00, 0x00, 0x00, 0x00,
  0x00, 0x02, 0x66, 0x00, 0x00, 0x00, 0x00, 0x00, 0x00, 0x22, 0x66, 0x00,
  0x00, 0x00, 0x00, 0x22, 0x00, 0x22, 0x62, 0x00, 0x00, 0x00, 0x00, 0x22,
  0x00, 0x22, 0x22, 0x00, 0x00, 0x00, 0x00, 0x22, 0x00, 0x22, 0x22, 0x00,
  0x00, 0x00, 0x00, 0x22, 0x02, 0x22, 0x22, 0x00, 0x00, 0x00, 0x00, 0x22,
  0x22, 0x22, 0x22, 0x00, 0x00, 0x00, 0x00, 0x22, 0x22, 0x22, 0x22, 0x00,
  0x00, 0x00, 0x00, 0x22, 0x22, 0x22, 0x22, 0x00, 0x00, 0x00, 0x00, 0x22,
  0x22, 0x22, 0x22, 0x00, 0x00, 0x00, 0x00, 0x22, 0x22, 0x22, 0x22, 0x00,
  0x00, 0x00, 0x00, 0x22, 0x22, 0x22, 0x22, 0x00, 0x00, 0x00, 0x00, 0x22,
  0x22, 0x22, 0x22, 0x00, 0x00, 0x00, 0x00, 0x22, 0x22, 0x22, 0x22, 0x00,
  0x00, 0x00, 0x00, 0x22, 0x22, 0x22, 0x22, 0x00, 0x00, 0x00, 0x02, 0x20,
  0x22, 0x22, 0x22, 0x00, 0x00, 0x00, 0x02, 0x22, 0x22, 0x22, 0x22, 0x00,
  0x00, 0x00, 0x02, 0x22, 0x22, 0x22, 0x22, 0x00, 0x00, 0x00, 0x06, 0x22,
  0x00, 0x22, 0x60, 0x00, 0x00, 0x00, 0x02, 0x22, 0x02, 0x26, 0x00, 0x00,
  0x00, 0x00, 0x02, 0x20, 0x06, 0x66, 0x00, 0x00, 0x00, 0x00, 0x26, 0x20,
  0x24, 0x66, 0x00, 0x00, 0x00, 0x00, 0x26, 0x00, 0x04, 0x62, 0x00, 0x00,
  0x00, 0x00, 0x66, 0x00, 0x46, 0x64, 0x00, 0x00, 0x00, 0x00, 0x06, 0x00,
  0x06, 0x64, 0x00, 0x00, 0x00, 0x00, 0x46, 0x00, 0x26, 0x66, 0x00, 0x00,
  0x00, 0x00, 0x46, 0x40, 0x42, 0x66, 0x00, 0x00, 0x00, 0x00, 0x44, 0x40,
  0x46, 0x66, 0x40, 0x00, 0x00, 0x00, 0x04, 0x60, 0x44, 0x66, 0x60, 0x00,
  0x00, 0x00, 0x04, 0x40, 0x44, 0x66, 0x60, 0x00, 0x00, 0x00, 0x04, 0x44,
  0x44, 0x46, 0x66, 0x40, 0x00, 0x00, 0x04, 0x44, 0x44, 0x44, 0x66, 0x40,
  0x00, 0x00, 0x04, 0x44, 0x44, 0x44, 0x44, 0x40, 0x00, 0x00, 0x04, 0x44,
  0x44, 0x44, 0x44, 0x40, 0x00, 0x00, 0x00, 0x44, 0x44, 0x44, 0x44, 0x40,
  0x00, 0x00, 0x00, 0x44, 0x44, 0x44, 0x44, 0x40, 0x00, 0x00, 0x00, 0x44,
  0x44, 0x44, 0x44, 0x40, 0x00, 0x00, 0x00, 0x44, 0x44, 0x44, 0x44, 0x40,
  0x00, 0x00, 0x00, 0x44, 0x44, 0x44, 0x44, 0x40, 0x00, 0x00, 0x40, 0x04,
  0x44, 0x44, 0x44, 0x40, 0x00, 0x04, 0x40, 0x04, 0x04, 0x44, 0x44, 0x40,
  0x00, 0x04, 0x40, 0x04, 0x04, 0x44, 0x44, 0x40, 0x00, 0x04, 0x40, 0x04,
  0x64, 0x64, 0x44, 0x60, 0x00, 0x04, 0x40, 0x04, 0x66, 0x66, 0x44, 0x60,
  0x00, 0x04, 0x44, 0x06, 0x66, 0x66, 0x64, 0x60, 0x00, 0x04, 0x44, 0x06,
  0x66, 0x66, 0x66, 0x60, 0x00, 0x06, 0x44, 0x22, 0x66, 0x66, 0x66, 0x60,
  0x00, 0x06, 0x46, 0x22, 0x66, 0x66, 0x66, 0x60, 0x00, 0x06, 0x66, 0x22,
  0x66, 0x66, 0x66, 0x60, 0x00, 0x26, 0x62, 0x22, 0x66, 0x66, 0x66, 0x60,
  0x00, 0x26, 0x62, 0x22, 0x26, 0x66, 0x66, 0x60, 0x00, 0x26, 0x62, 0x22,
  0x26, 0x66, 0x66, 0x60, 0x00, 0x26, 0x62, 0x22, 0x26, 0x66, 0x66, 0x60,
  0x00, 0x26, 0x62, 0x22, 0x26, 0x66, 0x66, 0x60, 0x00, 0x26, 0x62, 0x22,
  0x26, 0x66, 0x66, 0x60, 0x00, 0x26, 0x62, 0x22, 0x26, 0x66, 0x66, 0x60,
  0x00, 0x26, 0x62, 0x22, 0x26, 0x66, 0x66, 0x60, 0x00, 0x26, 0x22, 0x22,
  0x26, 0x66, 0x66, 0x60, 0x00, 0x22, 0x22, 0x22, 0x26, 0x66, 0x66, 0x60,
  0x00, 0x22, 0x22, 0x22, 0x26, 0x66, 0x66, 0x60, 0x00, 0x22, 0x22, 0x22,
  0x26, 0x66, 0x66, 0x20, 0x00, 0x22, 0x22, 0x22, 0x26, 0x66, 0x66, 0x20,
  0x00, 0x22, 0x22, 0x22, 0x26, 0x66, 0x66, 0x20, 0x00, 0x22, 0x22, 0x22,
  0x26, 0x66, 0x66, 0x20, 0x00, 0x22, 0x22, 0x22, 0x26, 0x66, 0x66, 0x20,
  0x00, 0x22, 0x22, 0x22, 0x26, 0x66, 0x66, 0x20, 0x00, 0x26, 0x22, 0x22,
  0x26, 0x66, 0x62, 0x60, 0x00, 0x26, 0x22, 0x22, 0x66, 0x66, 0x22, 0x60,
  0x00, 0x06, 0x22, 0x26, 0x66, 0x66, 0x22, 0x60, 0x00, 0x46, 0x22, 0x66,
  0x6e, 0x66, 0x62, 0x60, 0x00, 0x46, 0x66, 0x46, 0x6e, 0xe6, 0x66, 0x60,
  0x00, 0x46, 0x64, 0x44, 0x6e, 0xe6, 0x66, 0x60, 0x00, 0x06, 0x64, 0x44,
  0x46, 0xe6, 0x66, 0x60, 0x00, 0x06, 0x64, 0x44, 0x4e, 0xe6, 0x66, 0x60,
  0x00, 0x06, 0x64, 0x66, 0x4e, 0xe6, 0x66, 0x60, 0x00, 0x06, 0x64, 0x66,
  0x6e, 0xe6, 0x66, 0x60, 0x00, 0x06, 0x64, 0x66, 0x66, 0xe6, 0x66, 0x60,
  0x00, 0x06, 0x64, 0x22, 0x66, 0xe6, 0x22, 0x60, 0x00, 0x06, 0x64, 0x22,
  0x66, 0xe6, 0x22, 0x60, 0x00, 0x06, 0x64, 0x22, 0x66, 0xe6, 0x22, 0x60,
  0x00, 0x06, 0x66, 0x22, 0x66, 0xe6, 0x22, 0x60, 0x00, 0x06, 0x66, 0x22,
  0x66, 0xe6, 0x22, 0x60, 0x00, 0x06, 0x66, 0x62, 0x66, 0xee, 0x62, 0x60,
  0x00, 0x06, 0x66, 0x62, 0x66, 0xee, 0x66, 0x60, 0x00, 0x46, 0x44, 0x44,
  0x4c, 0xee, 0x66, 0x60, 0x00, 0xcc, 0xcc, 0xcc, 0xcc, 0xcc, 0xcc, 0xc0,
  0x00, 0x00, 0x00, 0x00, 0x00, 0x00, 0x00, 0x00, 0x00, 0x00, 0x00, 0x00,
  0x00, 0x00, 0x00, 0x00, 0x00, 0x00, 0x00, 0x00, 0x00, 0x00, 0x00, 0x00,
  0x00, 0x00, 0x00, 0x00, 0x00, 0x00, 0x00, 0x00, 0x00, 0x00, 0x00, 0x00,
  0x00, 0x00, 0x00, 0x00, 0x00, 0x01, 0x11, 0x00, 0x11, 0x11, 0x11, 0x10,
  0x00, 0x33, 0x33, 0x33, 0x33, 0x33, 0x33, 0x30, 0x00, 0x22, 0x22, 0x22,
  0x26, 0x66, 0x66, 0x60, 0x00, 0x46, 0x66, 0x66, 0x66, 0x66, 0x66, 0x60,
  0x00, 0x46, 0x66, 0x66, 0x66, 0x66, 0x66, 0x60, 0x00, 0x46, 0x66, 0x66,
  0x66, 0x66, 0x66, 0x60, 0x00, 0x46, 0x66, 0x66, 0x66, 0x66, 0x66, 0x60,
  0x00, 0x06, 0x66, 0x66, 0x66, 0x66, 0x66, 0x60, 0x00, 0x06, 0x66, 0x66,
  0x66, 0x66, 0x66, 0x60, 0x00, 0x06, 0x66, 0x66, 0x66, 0x66, 0x66, 0x60,
  0x00, 0x06, 0x66, 0x66, 0x66, 0x66, 0x66, 0x60, 0x00, 0x06, 0x66, 0x66,
  0x66, 0x66, 0x66, 0x60, 0x00, 0x06, 0x66, 0x66, 0x66, 0x66, 0x66, 0x60,
  0x00, 0x06, 0x66, 0x66, 0x66, 0x66, 0x66, 0x60, 0x00, 0x44, 0x46, 0x44,
  0x46, 0x66, 0x66, 0x60, 0x00, 0x88, 0x88, 0x88, 0x88, 0x88, 0x88, 0x80,
  0x00, 0x00, 0x00, 0x00, 0x00, 0x00, 0x00, 0x00, 0x00, 0x00, 0x00, 0x00,
  0x00, 0x00, 0x00, 0x00, 0x00, 0x00, 0x00, 0x00, 0x00, 0x00, 0x00, 0x00,
  0x00, 0x00, 0x00, 0x00, 0x00, 0x00, 0x00, 0x00, 0x00, 0x00, 0x00, 0x00,
  0x00, 0x00, 0x00, 0x00, 0x00, 0x01, 0x11, 0x11, 0x01, 0x11, 0x11, 0x10,
  0x00, 0x03, 0x33, 0x33, 0x33, 0x33, 0x33, 0x30, 0x00, 0x06, 0x66, 0x66,
  0x66, 0x66, 0x66, 0x60, 0x00, 0x06, 0x64, 0x44, 0x44, 0x66, 0x66, 0x60,
  0x00, 0x06, 0x64, 0x44, 0x44, 0x66, 0x66, 0x60, 0x00, 0x06, 0x64, 0x44,
  0x44, 0x66, 0x66, 0x60, 0x00, 0x06, 0x64, 0x44, 0x44, 0x66, 0x66, 0x60,
  0x00, 0x06, 0x64, 0x44, 0x44, 0x66, 0x66, 0x60, 0x00, 0x06, 0x64, 0x44,
  0x44, 0x66, 0x66, 0x60, 0x00, 0x06, 0x64, 0x44, 0x44, 0x66, 0x66, 0x60,
  0x00, 0x06, 0x64, 0x44, 0x44, 0x66, 0x66, 0x60, 0x00, 0x06, 0x64, 0x44,
  0x44, 0x66, 0x66, 0x60, 0x00, 0x06, 0x64, 0x44, 0x44, 0x66, 0x66, 0x60,
  0x00, 0x06, 0x64, 0x44, 0x44, 0x66, 0x66, 0x60, 0x00, 0x06, 0x64, 0x44,
  0x44, 0x46, 0x64, 0x40, 0x00, 0x04, 0x44, 0x44, 0x44, 0x44, 0xcc, 0xc0,
  0x00, 0x0c, 0xc4, 0x44, 0x44, 0xcc, 0xcc, 0xc0, 0x00, 0x8c, 0xcc, 0xcc,
  0xcc, 0xcc, 0xcc, 0xc0, 0x00, 0x8c, 0xc8, 0x88, 0x88, 0x88, 0x88, 0x80,
  0x00, 0x88, 0x88, 0x88, 0x88, 0x88, 0x88, 0x80, 0x00, 0x88, 0x88, 0x88,
  0x88, 0x88, 0x88, 0x80, 0x08, 0x88, 0x88, 0x88, 0x88, 0x88, 0x88, 0x80,
  0x08, 0x89, 0x88, 0x88, 0x88, 0x88, 0x88, 0x80, 0x99, 0x99, 0x99, 0x88,
  0x88, 0x88, 0x88, 0x80, 0x99, 0x99, 0x99, 0x98, 0x98, 0x88, 0x88, 0x90,
  0x99, 0x99, 0x99, 0x99, 0x99, 0x08, 0x99, 0x90, 0x99, 0x99, 0xb9, 0x99,
  0x99, 0x01, 0x99, 0x90, 0x99, 0x99, 0xb9, 0x99, 0x99, 0x01, 0x99, 0x90,
  0x99, 0x99, 0xb9, 0x99, 0x99, 0x01, 0x99, 0x90, 0x99, 0x9b, 0xb9, 0x99,
  0x99, 0x01, 0x99, 0x90, 0x99, 0x9b, 0xb9, 0x99, 0x99, 0x01, 0x99, 0x90,
  0x99, 0x9b, 0x99, 0x99, 0x99, 0x01, 0x99, 0x90, 0x99, 0x99, 0x99, 0x99,
  0x99, 0x01, 0x19, 0x90, 0x99, 0x99, 0x99, 0x99, 0x99, 0x01, 0x99, 0x90,
  0x99, 0x99, 0x99, 0x99, 0x99, 0x91, 0x99, 0x90, 0x99, 0x99, 0x99, 0x99,
  0x99, 0x91, 0x99, 0x90, 0x99, 0x99, 0x99, 0x99, 0x99, 0x91, 0x99, 0x90,
  0x99, 0x99, 0x99, 0x99, 0x99, 0x91, 0x99, 0x90, 0x99, 0x99, 0x99, 0x99,
  0x99, 0x99, 0x99, 0x90, 0x99, 0x99, 0x99, 0x99, 0x99, 0x99, 0x99, 0x90,
  0x99, 0x99, 0x99, 0x99, 0x99, 0x99, 0x99, 0x90, 0x99, 0x99, 0x99, 0x99,
  0x99, 0x99, 0x99, 0x90, 0x99, 0x99, 0x99, 0x99, 0x99, 0x99, 0x99, 0x90,
  0x99, 0x99, 0x99, 0x99, 0x99, 0x99, 0x99, 0x90, 0x99, 0x99, 0x99, 0x99,
  0x99, 0x99, 0x99, 0x90, 0xbb, 0x99, 0x99, 0x99, 0x99, 0x99, 0x99, 0x90,
  0xbb, 0xb9, 0x99, 0x99, 0x99, 0x99, 0x99, 0x90, 0xbb, 0xb9, 0x99, 0x99,
  0x99, 0x99, 0x99, 0xd0, 0xbb, 0xb9, 0x99, 0x99, 0x99, 0x99, 0x99, 0xd0,
  0xbb, 0xb9, 0x99, 0x99, 0x99, 0x99, 0x99, 0x90, 0xbb, 0x99, 0x99, 0x99,
  0x99, 0x99, 0x99, 0x90, 0xbb, 0x99, 0x99, 0x99, 0x99, 0x99, 0x99, 0x90,
  0xbb, 0x99, 0x99, 0x99, 0x99, 0x99, 0x99, 0xb0, 0xbb, 0x99, 0x99, 0x99,
  0x99, 0x99, 0x9b, 0xb0, 0xbb, 0x99, 0x99, 0x99, 0x99, 0x99, 0xbb, 0xb0,
  0x3b, 0x99, 0x99, 0x99, 0x99, 0x9b, 0xbb, 0xb0, 0x33, 0xb9, 0x99, 0x99,
  0x99, 0x9b, 0xbb, 0xb0, 0x33, 0x39, 0x99, 0x99, 0x99, 0x9b, 0xbb, 0xb0,
  0x73, 0x33, 0x19, 0x99, 0x99, 0x99, 0xbb, 0xb0, 0x77, 0x33, 0x11, 0x99,
  0x99, 0x99, 0xbb, 0xb0, 0x77, 0x73, 0x31, 0x11, 0x99, 0x19, 0x9d, 0xd0,
  0x77, 0x73, 0x31, 0x11, 0x19, 0x11, 0x9d, 0xd0, 0x77, 0x77, 0x31, 0x11,
  0x11, 0x11, 0x55, 0x50, 0x77, 0x77, 0x73, 0x11, 0x11, 0x05, 0x55, 0x50,
  0xf7, 0x77, 0x73, 0x11, 0x11, 0x05, 0x55, 0x50, 0xf7, 0x77, 0x7b, 0x11,
  0x10, 0x41, 0x55, 0x50, 0xff, 0x77, 0x7b, 0x91, 0x10, 0x01, 0x51, 0x40,
  0xff, 0x77, 0x3b, 0x91, 0x10, 0x01, 0x51, 0x00, 0xff, 0xf7, 0x3b, 0x91,
  0x10, 0x01, 0x10, 0x00, 0xff, 0xf3, 0x3b, 0x91, 0x10, 0x00, 0x10, 0x00,
  0xff, 0xbb, 0xbb, 0x91, 0x10, 0x00, 0x08, 0x80, 0xff, 0xbb, 0xbb, 0xb1,
  0x10, 0x00, 0x88, 0x80, 0xff, 0xbb, 0xbb, 0xb1, 0x00, 0x00, 0x88, 0x80,
  0xff, 0xbb, 0xbb, 0xb1, 0x00, 0x00, 0x88, 0x80, 0xff, 0xbb, 0xbb, 0x91,
  0x00, 0x08, 0x88, 0x80, 0xff, 0xbb, 0xbb, 0x91, 0x00, 0x88, 0x88, 0x80,
  0xff, 0xbb, 0xbb, 0x91, 0x08, 0x88, 0x88, 0x80, 0xff, 0xbb, 0xbb, 0xdd,
  0x88, 0x88, 0x88, 0x80, 0xff, 0xbb, 0x99, 0xdd, 0x88, 0x88, 0x88, 0x80,
  0xff, 0xf9, 0x9d, 0xdd, 0x88, 0x88, 0x88, 0x80, 0xff, 0xd9, 0x9d, 0xdd,
  0x88, 0x88, 0x8c, 0x80, 0xff, 0xdd, 0xdd, 0xdd, 0x88, 0x88, 0x8c, 0xc0,
  0xff, 0xdd, 0xdd, 0xdc, 0x88, 0x88, 0xcc, 0xc0, 0xff, 0xdd, 0xdd, 0xdc,
  0x88, 0x88, 0xcc, 0xc0, 0xff, 0xdd, 0xdd, 0xdc, 0x88, 0x8c, 0xcc, 0xc0,
  0xff, 0xdd, 0xdd, 0xdc, 0x88, 0x8c, 0xcc, 0xc0, 0xff, 0xdd, 0xdd, 0xdc,
  0x88, 0x8c, 0xcc, 0xd0, 0xff, 0xdd, 0xdd, 0xdc, 0x88, 0x8c, 0xcc, 0xd0,
  0xff, 0xdd, 0xdd, 0xdc, 0x88, 0x8c, 0xcc, 0xd0, 0xff, 0xdd, 0xdd, 0xdc,
  0x88, 0x8c, 0xcc, 0xd0, 0xff, 0xdd, 0xdd, 0xdc, 0x88, 0x8c, 0xcc, 0xd0,
  0xff, 0xdd, 0xdd, 0xdc, 0x88, 0x8c, 0xcc, 0xd0, 0xff, 0xdd, 0xdd, 0xdc,
  0x88, 0x8c, 0xcc, 0xd0, 0xff, 0xdd, 0xdd, 0xdc, 0x88, 0x8c, 0xcc, 0xd0,
  0xff, 0xdd, 0xdd, 0xdc, 0x88, 0x8c, 0xcc, 0xd0, 0xff, 0xdd, 0xdd, 0xdc,
  0x88, 0x8c, 0xcc, 0xd0, 0xff, 0xdd, 0xdd, 0xdc, 0x88, 0x8c, 0xcc, 0xd0,
  0xff, 0xdd, 0xdd, 0xdc, 0x88, 0x8c, 0xcc, 0xd0, 0xff, 0xdd, 0xdd, 0xdc,
  0x88, 0x8c, 0xcc, 0xd0, 0xff, 0xdd, 0xdd, 0xdc, 0x88, 0x8c, 0xcc, 0xd0,
  0xff, 0xdd, 0xdd, 0xdc, 0xc8, 0x8c, 0xcc, 0xd0, 0xff, 0xdd, 0xdd, 0xdc,
  0xc8, 0x8c, 0xcc, 0xd0, 0xff, 0xdd, 0xdd, 0xdc, 0xc8, 0x8c, 0xcc, 0xd0,
  0xff, 0xdd, 0xdd, 0xdc, 0xc8, 0x8c, 0xcc, 0xd0, 0xff, 0xdd, 0xdd, 0xdc,
  0xc8, 0x8c, 0xcc, 0xd0, 0xff, 0xdd, 0xdd, 0xdc, 0xc8, 0x8c, 0xcc, 0xd0,
  0xff, 0xdd, 0xdd, 0xdc, 0xc8, 0x8c, 0xcc, 0xd0, 0xff, 0xdd, 0xdd, 0xdc,
  0xc8, 0x8c, 0xcc, 0xd0, 0xff, 0xdd, 0xdd, 0xdc, 0xc8, 0x8c, 0xcc, 0xd0,
  0xfd, 0xdd, 0xdd, 0xdc, 0xc8, 0x8c, 0xcc, 0xd0, 0xfd, 0xdd, 0xdd, 0xcc,
  0xc8, 0x88, 0xcc, 0xd0, 0xfd, 0xdd, 0xdd, 0xcc, 0xc8, 0x88, 0xcc, 0xd0,
  0xfd, 0xdd, 0xdd, 0xcc, 0xcc, 0x88, 0xcc, 0xd0, 0xff, 0xdd, 0xdd, 0xcc,
  0xcc, 0x88, 0xcc, 0xd0, 0xff, 0xdd, 0xdd, 0xcc, 0x8c, 0x88, 0xcc, 0xd0,
  0xff, 0xdd, 0xdd, 0xcc, 0x8c, 0x88, 0xcc, 0xd0, 0xff, 0xdd, 0xdd, 0xcc,
  0x8c, 0x88, 0xcc, 0xd0, 0xff, 0xdd, 0xdd, 0xcc, 0x8c, 0x88, 0xcc, 0xd0,
  0xff, 0xdd, 0xdd, 0xcc, 0xcc, 0x88, 0xcc, 0xd0, 0xff, 0xdd, 0xdd, 0xcc,
  0xcc, 0x88, 0xcc, 0xd0, 0xff, 0xdd, 0xdd, 0xcc, 0xcc, 0x88, 0xcc, 0xd0,
  0xff, 0xdd, 0xdd, 0xcc, 0xcc, 0x88, 0xcc, 0xd0, 0xff, 0xdd, 0xdd, 0xcc,
  0xcc, 0x88, 0xcc, 0xd0, 0xff, 0xdd, 0xdd, 0xcc, 0xcc, 0x88, 0xcc, 0xc0,
  0xff, 0xdd, 0xdd, 0xcc, 0xcc, 0x88, 0xcc, 0xc0, 0xff, 0xdd, 0xdd, 0xcc,
  0xcc, 0x88, 0xcc, 0xc0, 0xff, 0xdd, 0xdd, 0xcc, 0xcc, 0x88, 0xcc, 0xc0,
  0xff, 0xdd, 0xdd, 0xcc, 0xcc, 0x88, 0xcc, 0xc0, 0xff, 0xdd, 0xdd, 0xcc,
  0xcc, 0x88, 0xcc, 0xc0, 0xff, 0xdd, 0xdd, 0xcc, 0xcc, 0x88, 0x8c, 0xc0,
  0xff, 0xdd, 0xdd, 0xcc, 0xcc, 0x88, 0x8c, 0xc0, 0xff, 0xdd, 0xdd, 0xcc,
  0xcc, 0x88, 0x8c, 0xc0, 0xff, 0xdd, 0xdd, 0xcc, 0xcc, 0x88, 0x8c, 0xc0,
  0xfd, 0xdd, 0xdd, 0xcc, 0xcc, 0x88, 0x8c, 0xc0, 0xfd, 0xdd, 0xdd, 0xcc,
  0xcc, 0xc8, 0xc8, 0xc0, 0xfd, 0xdd, 0xdd, 0xcc, 0xcc, 0xc8, 0xc8, 0x90,
  0xfd, 0xdd, 0xdc, 0xcc, 0xcc, 0xcc, 0xcc, 0x90, 0xfd, 0xdc, 0xcc, 0xcc,
  0xcc, 0xcc, 0xcc, 0x80, 0xfc, 0xcc, 0xcc, 0xce, 0xcc, 0xcc, 0xcc, 0xc0,
  0xfc, 0xcc, 0xcc, 0xce, 0xcc, 0xcc, 0xcd, 0xc0, 0xfc, 0xcc, 0xcc, 0xce,
  0xec, 0xcc, 0xcc, 0xd0, 0xee, 0xcc, 0xcc, 0xce, 0xec, 0xcc, 0xcc, 0xd0,
  0xee, 0xee, 0xee, 0xce, 0xee, 0xcc, 0xcc, 0xc0, 0xee, 0xee, 0xee, 0xee,
  0xee, 0xcc, 0xcc, 0xe0, 0xee, 0xee, 0xee, 0xee, 0xee, 0xec, 0xcc, 0xc0,
  0xee, 0xee, 0xee, 0xee, 0xee, 0xec, 0xcc, 0xc0, 0xee, 0xee, 0xee, 0xee,
  0xef, 0xfe, 0xcc, 0xc0, 0xee, 0xee, 0xee, 0xee, 0xef, 0xff, 0xec, 0xc0,
  0xee, 0xee, 0xee, 0xee, 0xef, 0xff, 0xee, 0xc0, 0xef, 0xee, 0xee, 0xee,
  0xfd, 0xdd, 0xfe, 0xe0, 0xff, 0xff, 0xee, 0xee, 0xed, 0xdd, 0xdf, 0xf0,
  0xff, 0xff, 0xff, 0xee, 0xdd, 0xdf, 0xff, 0xf0, 0xff, 0xff, 0xff, 0xff,
  0xfd, 0xff, 0xff, 0xd0, 0xff, 0xff, 0xff, 0xff, 0xff, 0xbf, 0xdd, 0xd0,
  0x3f, 0xff, 0xff, 0xff, 0xff, 0xfd, 0xdd, 0xd0, 0xff, 0xff, 0xff, 0xff,
  0xff, 0xff, 0xdd, 0xd0, 0xff, 0xff, 0xff, 0xff, 0xff, 0xff, 0xfd, 0xd0,
  0xff, 0xff, 0xff, 0xff, 0xff, 0xff, 0xff, 0xd0, 0xff, 0xff, 0xff, 0xff,
  0xff, 0xff, 0xff, 0xf0, 0xff, 0xff, 0xff, 0xff, 0xff, 0xff, 0xff, 0xf0,
  0xff, 0xff, 0xff, 0xff, 0xff, 0xff, 0xff, 0xf0, 0xff, 0xff, 0xff, 0xff,
  0xff, 0xff, 0xff, 0xf0, 0xff, 0xff, 0xff, 0xff, 0xff, 0xff, 0xff, 0xf0,
  0xff, 0xff, 0xff, 0xff, 0xff, 0xff, 0xff, 0xf0, 0xff, 0xff, 0xff, 0xff,
  0xff, 0xff, 0xff, 0xf0, 0xff, 0xff, 0xff, 0xbf, 0xff, 0xff, 0xff, 0xf0,
  0xff, 0xff, 0xff, 0xff, 0xff, 0xff, 0xff, 0xf0, 0xff, 0xff, 0xff, 0xff,
  0xff, 0xff, 0xff, 0xf0, 0xff, 0xff, 0xff, 0xff, 0xff, 0xff, 0xff, 0xf0,
  0xff, 0xff, 0xff, 0xff, 0xff, 0xff, 0xff, 0xf0, 0xff, 0xff, 0xff, 0xff,
  0xff, 0xff, 0xff, 0xf0, 0xff, 0xff, 0xff, 0xff, 0xff, 0xff, 0xff, 0xf0,
  0xff, 0xff, 0xff, 0xff, 0xff, 0xfd, 0xff, 0xf0, 0xff, 0xff, 0xff, 0xff,
  0xff, 0xfd, 0x9f, 0xf0, 0xff, 0xff, 0xff, 0xff, 0xff, 0xff, 0xff, 0xf0,
  0xff, 0xff, 0xff, 0xff, 0xff, 0xff, 0xff, 0xf0, 0xff, 0xff, 0xff, 0xff,
  0xff, 0xff, 0xff, 0xf0, 0xff, 0xff, 0xff, 0xff, 0xff, 0xff, 0xff, 0xf0,
  0xff, 0xff, 0xff, 0xff, 0xff, 0xff, 0xff, 0xf0, 0xff, 0xff, 0xff, 0xff,
  0xff, 0xff, 0xee, 0xf0, 0xff, 0xff, 0xff, 0xff, 0xfd, 0xff, 0xee, 0xf0,
  0xff, 0xff, 0xff, 0xff, 0xfd, 0xdf, 0xee, 0xf0, 0xff, 0xff, 0xff, 0xff,
  0xfd, 0xde, 0xee, 0xe0, 0xff, 0xff, 0xff, 0xff, 0xfd, 0xde, 0xee, 0xe0,
  0xff, 0xff, 0xff, 0xff, 0xfd, 0xdc, 0xee, 0xe0, 0xff, 0xff, 0xfb, 0xff,
  0xdd, 0xdc, 0xee, 0xe0, 0xff, 0xff, 0xbf, 0xfd, 0xdd, 0xce, 0xee, 0xe0,
  0xff, 0xff, 0xff, 0xfd, 0xdc, 0xce, 0xee, 0xe0, 0xff, 0xfb, 0xff, 0xfd,
  0xdc, 0xce, 0xee, 0xe0, 0xff, 0xff, 0xff, 0xfd, 0xcc, 0xee, 0xee, 0xe0,
  0xff, 0xff, 0xff, 0xdc, 0xcc, 0xce, 0xee, 0xe0, 0xff, 0xff, 0xff, 0xcc,
  0xcc, 0xcc, 0xcc, 0xc0, 0xff, 0xff, 0xff, 0xcc, 0xcc, 0xcc, 0xcc, 0xc0,
  0xff, 0xff, 0xf8, 0xcc, 0xcc, 0xcc, 0xcc, 0xc0, 0xff, 0xef, 0xac, 0xcd,
  0xdd, 0xdd, 0xdd, 0xd0, 0xfe, 0xee, 0x9d, 0xdd, 0xdd, 0xdd, 0xdd, 0xd0,
  0xfe, 0xef, 0x9d, 0xdd, 0xdd, 0xdd, 0xdd, 0xd0, 0xff, 0xff, 0x9d, 0xdd,
  0xdd, 0xdd, 0xdd, 0xd0, 0xff, 0xfd, 0x9d, 0xdd, 0xdd, 0xdd, 0xdd, 0x90,
  0xff, 0xfd, 0x9d, 0xdd, 0xdd, 0xdd, 0x99, 0x90, 0xff, 0xfd, 0xdd, 0xdd,
  0xdd, 0xd9, 0x99, 0x90, 0xff, 0xfd, 0xdd, 0xdd, 0xdd, 0xd9, 0x99, 0x90,
  0xff, 0xfd, 0xdd, 0xdd, 0xff, 0xb9, 0x99, 0x90, 0xff, 0xfd, 0xd9, 0xdd,
  0xff, 0xbb, 0x99, 0x90, 0xff, 0xfd, 0xd9, 0xdd, 0xdf, 0xbb, 0x99, 0x90,
  0xff, 0xfd, 0xd9, 0xdd, 0xd9, 0xbb, 0x99, 0x90, 0xff, 0xfb, 0x9b, 0x9d,
  0xd9, 0x99, 0x99, 0x90, 0xff, 0xfb, 0xbb, 0xbd, 0x99, 0x99, 0x19, 0x90,
  0xff, 0xfb, 0xbb, 0xb9, 0x99, 0x91, 0x19, 0x90, 0xff, 0xfb, 0xbb, 0xbb,
  0x99, 0x91, 0x19, 0x90, 0xff, 0xfb, 0xbb, 0xbb, 0xbb, 0x11, 0x99, 0x90,
  0xff, 0xfb, 0xbb, 0xbb, 0xbb, 0x31, 0x99, 0x90, 0xff, 0xfb, 0xbb, 0xbb,
  0xb3, 0x31, 0x9d, 0x90, 0xff, 0xfb, 0xbb, 0xbb, 0xb3, 0x33, 0x99, 0x90,
  0xff, 0xfb, 0xbb, 0xbb, 0x33, 0x33, 0x99, 0x90, 0xff, 0xfb, 0xbb, 0xbb,
  0x33, 0x3b, 0x99, 0x90, 0xff, 0xff, 0xbb, 0xb3, 0x33, 0x39, 0x99, 0x90,
  0xff, 0xff, 0x9b, 0xb3, 0x33, 0xb9, 0x99, 0x90, 0xff, 0xfd, 0xd9, 0x33,
  0x3b, 0xb9, 0x99, 0x90, 0xff, 0xfd, 0xd9, 0x33, 0x3b, 0xb9, 0x99, 0x90,
  0xff, 0xfd, 0xd1, 0x13, 0xbb, 0xb9, 0x99, 0x90, 0xff, 0xff, 0x91, 0x13,
  0xbb, 0x99, 0xd9, 0x90, 0xff, 0xff, 0x91, 0x19, 0x9b, 0x99, 0xdd, 0x90,
  0xff, 0xff, 0x91, 0x99, 0x99, 0x99, 0xdd, 0x90, 0xff, 0xff, 0x99, 0x99,
  0xd9, 0x99, 0xdd, 0x90, 0xff, 0xff, 0x99, 0x99, 0xd9, 0x9d, 0xdd, 0x90,
  0xff, 0xff, 0x99, 0x99, 0xd9, 0x9d, 0xdd, 0xd0, 0xff, 0xff, 0x99, 0x99,
  0xd9, 0x9d, 0xdd, 0xd0, 0xff, 0xff, 0x99, 0x99, 0xd9, 0x9d, 0xdd, 0xd0,
  0xff, 0xff, 0x99, 0x99, 0xd9, 0x9d, 0xdd, 0xd0, 0xff, 0xff, 0x99, 0x99,
  0xd9, 0x9d, 0xdd, 0xd0, 0xff, 0xff, 0x99, 0x99, 0xd9, 0x9d, 0xdd, 0xd0,
  0xff, 0xff, 0x99, 0x99, 0xd9, 0x9d, 0xdd, 0xd0, 0xff, 0xff, 0x99, 0x99,
  0xd9, 0x9d, 0xdd, 0xd0, 0xff, 0xff, 0x99, 0x99, 0xd9, 0x9d, 0xdd, 0xd0,
  0xff, 0xff, 0x99, 0x99, 0xd9, 0x9d, 0xdd, 0xd0, 0xff, 0xff, 0x99, 0x99,
  0xd9, 0x9d, 0xdd, 0xd0, 0xff, 0xff, 0x99, 0x99, 0xd9, 0x9d, 0xdd, 0xd0,
  0xff, 0xff, 0x99, 0x99, 0xd9, 0x9d, 0xdd, 0xd0, 0xff, 0xfb, 0x99, 0x99,
  0xd9, 0x9d, 0xdd, 0xd0, 0xff, 0xfb, 0x99, 0x99, 0xd9, 0x9d, 0xdd, 0xd0,
  0xff, 0xfb, 0x99, 0x99, 0xd9, 0x9d, 0xdd, 0xd0, 0xff, 0xfb, 0x99, 0x99,
  0xd9, 0x9d, 0xdd, 0xd0, 0xff, 0xfb, 0x99, 0x99, 0xd9, 0x9d, 0xdd, 0xd0,
  0xff, 0xfb, 0x99, 0x99, 0xd9, 0x9d, 0xdd, 0xd0, 0xff, 0xfb, 0x99, 0x99,
  0xd9, 0x9d, 0xdd, 0xd0, 0xff, 0xfb, 0x99, 0x99, 0xd9, 0x9d, 0xdd, 0xd0,
  0xff, 0xfb, 0x99, 0x99, 0xd9, 0x9d, 0xdd, 0xd0, 0xff, 0xfb, 0x99, 0x99,
  0xd9, 0x9d, 0xdd, 0xd0, 0xff, 0xfb, 0x99, 0x99, 0xd9, 0x9d, 0xdd, 0xd0,
  0xff, 0xfb, 0x99, 0x99, 0xd9, 0x9d, 0xdd, 0xd0, 0xff, 0xfb, 0x99, 0x99,
  0xd9, 0x9d, 0xdd, 0xd0, 0xff, 0xfb, 0x99, 0x99, 0xd9, 0x9d, 0xdd, 0xd0,
  0xff, 0xfb, 0x99, 0x99, 0xd9, 0x9d, 0xdd, 0xd0, 0xff, 0xfb, 0x99, 0x99,
  0xd9, 0x99, 0xdd, 0xd0, 0xff, 0xfb, 0x99, 0x99, 0xd9, 0x99, 0xdd, 0xd0,
  0xff, 0xfb, 0x99, 0x99, 0xd9, 0x99, 0xdd, 0xd0, 0xff, 0xfb, 0x99, 0x99,
  0xd9, 0x99, 0xdd, 0xd0, 0xff, 0xfb, 0x99, 0x99, 0xd9, 0x99, 0xdd, 0xd0,
  0xff, 0xfb, 0x99, 0x99, 0xd9, 0x99, 0xdd, 0xd0, 0xff, 0xfb, 0x99, 0x99,
  0xd9, 0x99, 0xdd, 0xd0, 0xff, 0xfb, 0x99, 0x99, 0xd9, 0x99, 0xdd, 0xd0,
  0xff, 0xfb, 0x99, 0x99, 0xd9, 0x99, 0x9d, 0xd0, 0xff, 0xfb, 0x99, 0x99,
  0xd9, 0x99, 0x9d, 0xd0, 0xff, 0xfb, 0x99, 0x99, 0xd9, 0x99, 0x9d, 0xd0,
  0xff, 0xfb, 0x99, 0x99, 0xd9, 0x99, 0x9d, 0xd0, 0xff, 0xbb, 0x99, 0x99,
  0xd9, 0x99, 0x9d, 0xd0, 0xff, 0xfb, 0x99, 0x99, 0xd9, 0x99, 0x9d, 0xd0,
  0xff, 0xfb, 0x99, 0x99, 0xd9, 0x99, 0x9d, 0xd0, 0xff, 0xfb, 0x99, 0x99,
  0xd9, 0x99, 0x9d, 0xd0, 0xff, 0xfb, 0x99, 0x99, 0xd9, 0x99, 0x9d, 0xd0,
  0xff, 0xfb, 0xb9, 0x99, 0xd9, 0x99, 0x9d, 0xd0, 0xff, 0xfb, 0xb9, 0x99,
  0xd9, 0x99, 0x9d, 0xd0, 0xff, 0xfb, 0xb9, 0x99, 0xd9, 0x99, 0x9d, 0xd0,
  0xff, 0xfb, 0xb9, 0x99, 0xd9, 0x99, 0x9d, 0xd0, 0xff, 0xfb, 0xb9, 0x99,
  0xdd, 0x99, 0x9d, 0xd0, 0xff, 0xfb, 0xb9, 0x99, 0xdd, 0x99, 0x9d, 0xd0,
  0xff, 0xfb, 0xb9, 0x99, 0xdd, 0x99, 0x9d, 0xd0, 0xff, 0xfb, 0xb9, 0x99,
  0xdd, 0x99, 0x9d, 0xd0, 0xff, 0xfb, 0xb9, 0x99, 0xdd, 0x99, 0x9d, 0xd0,
  0xff, 0xfb, 0xb9, 0x99, 0xdd, 0x99, 0x9d, 0xd0, 0xff, 0xfb, 0xb9, 0x99,
  0xdd, 0x99, 0x9d, 0xd0, 0xff, 0xbb, 0xb9, 0x99, 0xd9, 0x99, 0x9d, 0xd0,
  0xff, 0xbb, 0xb9, 0x9d, 0xd9, 0x99, 0x9d, 0xd0, 0xff, 0xbb, 0xb9, 0x9d,
  0xd9, 0x9d, 0x9d, 0xd0, 0xff, 0xbb, 0xb9, 0x9d, 0xd9, 0x9d, 0x9d, 0xd0,
  0xff, 0xbb, 0xb9, 0x9d, 0xd9, 0x9d, 0x9d, 0xd0, 0xfb, 0xbb, 0xb9, 0xdd,
  0xd9, 0xdd, 0x9d, 0xd0, 0xfb, 0xbb, 0xb9, 0xdd, 0xd9, 0xdd, 0x9d, 0xd0,
  0xfb, 0xbb, 0xb9, 0xdd, 0xd9, 0xdd, 0xdd, 0xd0, 0xfb, 0xbb, 0xb9, 0xdd,
  0xd9, 0xdd, 0xdd, 0xd0, 0xfb, 0xbb, 0xb9, 0xdd, 0xd9, 0xdd, 0xdd, 0xd0,
  0xfb, 0xbb, 0xb9, 0xdd, 0xdd, 0xdd, 0xdd, 0xd0, 0xbb, 0xbb, 0xb8, 0xdd,
  0x9d, 0xdd, 0xdd, 0xd0, 0xbb, 0xbb, 0xbc, 0xdd, 0xdd, 0xdd, 0xdd, 0xd0,
  0xbb, 0xbb, 0xbc, 0xdd, 0xdd, 0xdd, 0xdd, 0xd0, 0xbb, 0xbb, 0xbc, 0xdd,
  0xdd, 0xdd, 0xdd, 0xd0, 0xbb, 0xbb, 0xbd, 0xdd, 0xdd, 0xdd, 0xdd, 0xd0,
  0xbb, 0xbb, 0xbd, 0xdd, 0xdd, 0xdd, 0xdd, 0xd0, 0xbb, 0xbb, 0xfd, 0xdd,
  0xdd, 0xdd, 0xdd, 0xd0, 0xbb, 0xbb, 0xfd, 0xdd, 0xdd, 0xd9, 0x99, 0xd0,
  0xbb, 0xbb, 0xfd, 0xdd, 0xdd, 0xd9, 0x99, 0x90, 0xbb, 0xbb, 0xbd, 0xdd,
  0xdd, 0xd9, 0x99, 0x90, 0xbb, 0xbb, 0xbd, 0xdd, 0xdd, 0xd9, 0x99, 0x90,
  0xbb, 0xbb, 0xbd, 0xdd, 0xdd, 0xd9, 0x99, 0x90, 0xbb, 0xbb, 0xbd, 0xdd,
  0xdd, 0xd9, 0x99, 0xd0, 0xbb, 0xbb, 0xbd, 0xdd, 0x9d, 0xdd, 0x99, 0x90,
  0xbb, 0xbb, 0xbd, 0xdd, 0x9d, 0xdd, 0x99, 0x90, 0xbb, 0xbb, 0xbd, 0xdd,
  0x9d, 0xdd, 0xd9, 0xd0, 0xbb, 0xbb, 0xbd, 0xdd, 0x9d, 0xdd, 0xdd, 0xd0,
  0xbb, 0xbb, 0xbd, 0xdd, 0x9d, 0xdd, 0xdd, 0xd0, 0xbb, 0xbb, 0xbd, 0xdd,
  0x9d, 0xdd, 0x99, 0xd0, 0xbb, 0xbb, 0xbd, 0xdd, 0x9d, 0xdd, 0x99, 0xd0,
  0xbb, 0xbb, 0xbd, 0xdd, 0xdd, 0xdd, 0x99, 0x90, 0xbb, 0xbb, 0xbd, 0xd9,
  0xdd, 0xd9, 0x99, 0x90, 0xbb, 0xbb, 0xbd, 0xd9, 0xdd, 0xd9, 0x99, 0x90,
  0xbb, 0xbb, 0xbd, 0xd9, 0xdd, 0xdd, 0x99, 0x90, 0xbb, 0xbb, 0xbd, 0xd9,
  0xdd, 0xdd, 0x99, 0x90, 0xbb, 0xbb, 0xbd, 0xc9, 0xdd, 0xdd, 0x99, 0x90,
  0xbb, 0xbb, 0xbd, 0xc9, 0xdd, 0xdd, 0x99, 0x90, 0xbb, 0xbb, 0xbd, 0xc9,
  0x9d, 0xdd, 0xd9, 0x90, 0xbb, 0xbb, 0xbd, 0xc8, 0x9d, 0xdd, 0xd9, 0x90,
  0xbb, 0xbb, 0xbd, 0xc8, 0x9d, 0xdd, 0xd9, 0x90, 0xbb, 0xbb, 0xbd, 0xc8,
  0x9c, 0xdd, 0xd9, 0x90, 0xbb, 0xbb, 0xbd, 0xc8, 0x9c, 0xdd, 0xd9, 0x90,
  0xbb, 0xbb, 0xbd, 0xcc, 0x9c, 0xcd, 0xd9, 0x90, 0xbb, 0xbb, 0xbd, 0xcc,
  0x8c, 0xcc, 0xd9, 0x90, 0xbb, 0xbb, 0xbd, 0xcc, 0x88, 0xcc, 0xd9, 0x90,
  0xbb, 0xbb, 0xbd, 0xcc, 0x88, 0xcc, 0xcd, 0x90, 0xbb, 0x9b, 0xbd, 0xcc,
  0x88, 0xcc, 0xcd, 0x90, 0xb9, 0x9b, 0xbd, 0xcc, 0x88, 0xcc, 0xcc, 0x90,
  0xb9, 0x9b, 0xbd, 0xcc, 0x88, 0x8c, 0xcc, 0x80, 0xb9, 0x9b, 0xbd, 0xcc,
  0x88, 0x8c, 0xcc, 0x80, 0x99, 0x9b, 0xbd, 0xcc, 0x88, 0x8c, 0xcc, 0xc0,
  0x99, 0x9b, 0xfe, 0xcc, 0x88, 0x8c, 0xcc, 0xc0, 0x99, 0x9b, 0xfe, 0xec,
  0x88, 0x88, 0xcc, 0xc0, 0x99, 0x9b, 0xfe, 0xec, 0x88, 0x88, 0xcc, 0xc0,
  0x99, 0x9b, 0xfe, 0xec, 0x88, 0x88, 0xcc, 0xc0, 0x11, 0x17, 0x66, 0x64,
  0x08, 0x88, 0x8c, 0xc0, 0x11, 0x17, 0x66, 0x64, 0x40, 0x88, 0x88, 0xc0,
  0x11, 0x16, 0x66, 0x64, 0x40, 0x88, 0x88, 0xc0, 0x11, 0x76, 0x66, 0x64,
  0x40, 0x88, 0x88, 0x80, 0x11, 0x76, 0x66, 0x64, 0x44, 0x08, 0x88, 0x80,
  0x15, 0x76, 0x66, 0x64, 0x44, 0x00, 0x88, 0x80, 0x9d, 0xf6, 0x66, 0x64,
  0x44, 0x00, 0x08, 0x80, 0x9f, 0xff, 0xe6, 0x64, 0x44, 0x40, 0x00, 0x00,
  0x9f, 0xff, 0xee, 0xee, 0xc4, 0x44, 0x00, 0x00, 0xdf, 0xff, 0xfe, 0xee,
  0xcc, 0x44, 0x40, 0x00, 0xdd, 0xff, 0xfe, 0xee, 0xcc, 0xc4, 0x40, 0x00,
  0xdd, 0xff, 0xee, 0xee, 0xee, 0xec, 0xcc, 0x40, 0xdd, 0xff, 0xff, 0xff,
  0xee, 0xee, 0xec, 0xc0, 0xdd, 0xff, 0xff, 0xff, 0xfe, 0xee, 0xee, 0xe0,
  0xdf, 0xff, 0xff, 0xff, 0xff, 0xfe, 0xee, 0xe0, 0xdf, 0xff, 0xff, 0xff,
  0xff, 0xff, 0xff, 0xe0, 0xdf, 0xff, 0xff, 0xff, 0xff, 0xff, 0xff, 0xf0,
  0xff, 0xff, 0xff, 0xff, 0xff, 0xff, 0xff, 0xf0, 0xff, 0xff, 0xff, 0xff,
  0xff, 0xff, 0xff, 0xf0, 0xff, 0xff, 0xff, 0xff, 0xff, 0xff, 0xff, 0xf0,
  0xff, 0xff, 0xff, 0xff, 0xff, 0xff, 0xff, 0xf0, 0xff, 0xff, 0xff, 0xff,
  0xff, 0xff, 0xff, 0xf0, 0xff, 0xff, 0xff, 0xff, 0xff, 0xff, 0xff, 0xf0,
  0xff, 0xff, 0xff, 0xff, 0xff, 0xff, 0xff, 0xf0, 0xff, 0xff, 0xff, 0xff,
  0xff, 0xff, 0xff, 0xf0, 0xff, 0xff, 0xff, 0xff, 0xff, 0xff, 0xff, 0xf0,
  0xff, 0xff, 0xff, 0xff, 0xff, 0xff, 0xff, 0xf0, 0xff, 0xff, 0xff, 0xff,
  0xff, 0xff, 0xff, 0xf0, 0xff, 0xff, 0xff, 0xff, 0xff, 0xff, 0xff, 0xf0,
  0xff, 0xff, 0xff, 0xff, 0xff, 0xff, 0xff, 0xf0, 0xff, 0xff, 0xff, 0xff,
  0xff, 0xff, 0xff, 0xf0, 0xff, 0xff, 0xff, 0xff, 0xff, 0xff, 0xff, 0xf0,
  0xff, 0xff, 0xff, 0xff, 0xff, 0xff, 0xff, 0xf0, 0xff, 0xff, 0xff, 0xff,
  0xff, 0xff, 0xff, 0xf0, 0xff, 0xff, 0xff, 0xff, 0xff, 0xff, 0xff, 0xf0,
  0xff, 0xff, 0xff, 0xff, 0xff, 0xff, 0xff, 0xf0, 0xff, 0xff, 0xff, 0xff,
  0xff, 0xff, 0xff, 0xf0, 0xff, 0xff, 0xff, 0xff, 0xff, 0xff, 0xff, 0xf0,
  0xff, 0xff, 0xff, 0xff, 0xff, 0xff, 0xff, 0xf0, 0xff, 0xff, 0xff, 0xff,
  0xff, 0xff, 0xff, 0xf0, 0xff, 0xff, 0xff, 0xff, 0xff, 0xff, 0xff, 0xf0,
  0xff, 0xff, 0xff, 0xff, 0xff, 0xff, 0xff, 0xf0, 0xff, 0xff, 0xff, 0xff,
  0xff, 0xff, 0xff, 0xf0, 0xff, 0xff, 0xff, 0xff, 0xff, 0xff, 0xff, 0xf0,
  0xff, 0xff, 0xff, 0xff, 0xff, 0xff, 0xff, 0xf0, 0xff, 0xff, 0xff, 0xff,
  0xff, 0xff, 0xff, 0xf0, 0xff, 0xff, 0xff, 0xff, 0xff, 0xff, 0xff, 0xf0,
  0xff, 0xff, 0xff, 0xff, 0xff, 0xff, 0xff, 0xf0, 0xff, 0xff, 0xff, 0xff,
  0xff, 0xff, 0xff, 0xf0, 0xff, 0xff, 0xff, 0xff, 0xff, 0xff, 0xff, 0xf0,
  0xff, 0xff, 0xff, 0xff, 0xff, 0xff, 0xff, 0xf0, 0xff, 0xff, 0xff, 0xff,
  0xff, 0xff, 0xff, 0xf0, 0xff, 0xff, 0xff, 0xff, 0xff, 0xff, 0xff, 0xf0,
  0xff, 0xff, 0xff, 0xff, 0xff, 0xff, 0xff, 0xf0, 0xff, 0xff, 0xff, 0xff,
  0xff, 0xff, 0xff, 0xf0, 0xff, 0xff, 0xff, 0xff, 0xff, 0xff, 0xff, 0xf0,
  0xff, 0xff, 0xff, 0xff, 0xff, 0xff, 0xff, 0xf0, 0xff, 0xff, 0xff, 0xff,
  0xff, 0xff, 0xff, 0xf0, 0xff, 0xff, 0xff, 0xff, 0xff, 0xff, 0xff, 0xf0,
  0xff, 0xff, 0xff, 0xff, 0xff, 0xff, 0xff, 0xf0, 0xff, 0xff, 0xff, 0xff,
  0xff, 0xff, 0xff, 0xf0, 0xff, 0xff, 0xff, 0xff, 0xff, 0xff, 0xff, 0xf0,
  0xff, 0xff, 0xff, 0xff, 0xff, 0xff, 0xff, 0xf0, 0xff, 0xff, 0xff, 0xff,
  0xff, 0xff, 0xff, 0xf0, 0xff, 0xff, 0xff, 0xff, 0xff, 0xff, 0xff, 0xf0,
  0xff, 0xff, 0xff, 0xff, 0xff, 0xff, 0xff, 0xf0, 0xff, 0xff, 0xff, 0xff,
  0xff, 0xff, 0xdf, 0xf0, 0xff, 0xff, 0xff, 0xff, 0xff, 0xff, 0xdf, 0xf0,
  0xff, 0xff, 0xff, 0xff, 0xff, 0xfd, 0xdd, 0xf0, 0xff, 0xff, 0xff, 0xff,
  0xff, 0xfd, 0xdd, 0xf0, 0xff, 0xff, 0xff, 0xff, 0xff, 0xfd, 0xdd, 0xd0,
  0xff, 0xff, 0xff, 0xff, 0xff, 0xdd, 0xdd, 0xd0, 0xff, 0xff, 0xff, 0xfd,
  0xff, 0xdd, 0xdd, 0xd0, 0xff, 0xff, 0xff, 0xfd, 0xfd, 0xdd, 0xdd, 0xd0,
  0xff, 0xfd, 0xff, 0xfd, 0xfd, 0xdd, 0xdd, 0xd0, 0xff, 0xfd, 0xff, 0xdd,
  0xdd, 0xdd, 0xdd, 0xd0, 0xff, 0xfd, 0xff, 0xdd, 0xdd, 0xdd, 0xdd, 0xd0,
  0xff, 0xdd, 0xff, 0xdd, 0xdd, 0xdd, 0xdd, 0xd0, 0xff, 0xdd, 0xff, 0xdd,
  0xdd, 0xdd, 0xdd, 0xd0, 0xff, 0xdd, 0xff, 0xdd, 0xdd, 0xdd, 0xdd, 0xd0,
  0xff, 0xdd, 0xff, 0xdd, 0xdd, 0xdd, 0xdd, 0xd0, 0xff, 0xdd, 0xff, 0xdd,
  0xdd, 0xdd, 0xdd, 0xd0, 0xff, 0xdd, 0xff, 0xdd, 0xdd, 0xdd, 0xdd, 0xd0,
  0xff, 0xdd, 0xdf, 0xdd, 0xdd, 0xdd, 0xdd, 0xd0, 0xff, 0xdd, 0xdf, 0xdd,
  0xdd, 0xdd, 0xdd, 0xd0, 0xff, 0xdd, 0xdf, 0xdd, 0xdd, 0xdd, 0xdd, 0xd0,
  0xff, 0xdd, 0xdf, 0xdd, 0xdd, 0xdd, 0xdd, 0xd0, 0xff, 0xdd, 0xdf, 0xdd,
  0xdd, 0xdd, 0xdd, 0xd0, 0xff, 0xdd, 0xdf, 0xdd, 0x9d, 0xdd, 0xdd, 0xd0,
  0xff, 0xdd, 0xdf, 0xdd, 0x9d, 0xdd, 0xdd, 0xd0, 0xff, 0xdd, 0xdf, 0xdd,
  0x9d, 0xdd, 0xdd, 0xd0, 0xff, 0xdd, 0xdf, 0xdd, 0x9d, 0xdd, 0xdd, 0xd0,
  0xff, 0xdd, 0xdf, 0xdd, 0x99, 0xdd, 0xdd, 0xd0, 0xff, 0xdd, 0xdf, 0xdd,
  0x99, 0xd9, 0xdd, 0xd0, 0xff, 0xdd, 0xdf, 0xdd, 0x99, 0xd9, 0xdd, 0xd0,
  0xff, 0xdd, 0xdf, 0xdd, 0x99, 0xd9, 0xdd, 0xd0, 0xff, 0xdd, 0xdf, 0xdd,
  0xd9, 0xd9, 0xdd, 0xd0, 0xff, 0xdd, 0xdf, 0xdd, 0xd9, 0xdd, 0x9d, 0xd0,
  0xff, 0xdd, 0xdf, 0xdd, 0xd9, 0x9d, 0x9d, 0xd0, 0xff, 0xdd, 0xdf, 0xdd,
  0xd9, 0x9d, 0x9d, 0xd0, 0xff, 0xdd, 0xdf, 0xdd, 0xd9, 0x9d, 0x9d, 0xd0,
  0xff, 0xdd, 0xdf, 0xdd, 0xd9, 0x9d, 0x9d, 0xd0, 0xff, 0xdd, 0xdd, 0xdd,
  0xd9, 0x9d, 0x99, 0xd0, 0xfd, 0xdd, 0xdd, 0xdd, 0xd9, 0x99, 0x99, 0xd0,
  0xfd, 0xdd, 0xdd, 0xdd, 0xd9, 0x99, 0x99, 0xd0, 0xfd, 0xdd, 0xdd, 0xdd,
  0xd9, 0x99, 0x99, 0xd0, 0xfd, 0xdd, 0xdd, 0xdd, 0xd9, 0x99, 0x99, 0x90,
  0xfd, 0xdd, 0xdd, 0xdd, 0xd9, 0x99, 0x99, 0x90, 0xfd, 0xdd, 0xdd, 0xdd,
  0xdd, 0x99, 0x99, 0x90, 0xfd, 0xdd, 0xdd, 0xdd, 0xdd, 0x99, 0x99, 0x90,
  0xfd, 0xdd, 0xdd, 0xdd, 0xdd, 0x99, 0x99, 0x90, 0xfd, 0xdd, 0xdd, 0xdd,
  0xdd, 0x99, 0x99, 0x90, 0xfd, 0xdd, 0xdd, 0xdd, 0xdd, 0x99, 0x99, 0x90,
  0xfd, 0xdd, 0xdd, 0xdd, 0xdd, 0x99, 0x99, 0x90, 0xdd, 0xdd, 0xdd, 0xdd,
  0xdd, 0xd9, 0x99, 0x90, 0xdd, 0xdd, 0xdd, 0xdd, 0xdd, 0xd9, 0x99, 0x90,
  0xdd, 0xdd, 0xdd, 0xdd, 0xdd, 0xd9, 0x99, 0x90, 0xdd, 0xdd, 0xdd, 0xdd,
  0xdd, 0xd9, 0x99, 0x90, 0xdd, 0xdd, 0xdd, 0xdd, 0xdd, 0xd9, 0x99, 0x90,
  0xdd, 0xdd, 0xdd, 0xdd, 0xdd, 0xd9, 0x99, 0x90, 0xdc, 0xcd, 0xdc, 0xdd,
  0xdd, 0xdd, 0x99, 0x90, 0xdc, 0xcd, 0xdc, 0xdd, 0xdd, 0xdd, 0x99, 0x90,
  0xdc, 0xcd, 0xdc, 0xdd, 0xdd, 0xdd, 0x99, 0x90, 0xcc, 0xcd, 0xcc, 0xdd,
  0xdd, 0xdd, 0x99, 0x90, 0xcc, 0xcd, 0xec, 0xdd, 0xdd, 0xdd, 0x99, 0x90,
  0xcc, 0xcc, 0xec, 0xdd, 0xdd, 0xdd, 0x99, 0x90, 0xcc, 0xcc, 0xec, 0xdd,
  0xdd, 0xdd, 0x99, 0x90, 0xcc, 0xcc, 0xec, 0xdd, 0xdd, 0xdd, 0x99, 0x90,
  0xcc, 0xce, 0xed, 0xdd, 0xdd, 0xdd, 0x99, 0x90, 0xcc, 0xce, 0xed, 0xdd,
  0xdd, 0xdd, 0x99, 0x90, 0xec, 0xce, 0xed, 0xdd, 0xdd, 0xdd, 0x99, 0x80,
  0xec, 0xee, 0xed, 0xdd, 0xdd, 0xdd, 0x99, 0x80, 0xee, 0xee, 0xec, 0xdd,
  0xdd, 0xdd, 0x98, 0x80, 0xee, 0xee, 0xec, 0xdd, 0xdd, 0xdd, 0x98, 0x80,
  0xee, 0xee, 0xcc, 0xdd, 0xdd, 0xdd, 0x98, 0xc0, 0xee, 0xee, 0xcc, 0xdd,
  0xdd, 0xd9, 0x88, 0xc0, 0xee, 0xee, 0xec, 0xdf, 0xfd, 0xc8, 0x88, 0xc0,
  0xee, 0xee, 0xec, 0xdf, 0xfc, 0xc8, 0x8c, 0xc0, 0xee, 0xee, 0xee, 0xef,
  0xcc, 0x88, 0x8c, 0xc0, 0xee, 0xee, 0xee, 0xee, 0xcc, 0x88, 0x8c, 0xc0,
  0xee, 0xee, 0xee, 0xee, 0xcc, 0x88, 0xcc, 0xc0, 0xee, 0xee, 0xee, 0xee,
  0xcc, 0x88, 0xcc, 0xc0, 0xee, 0xee, 0xee, 0xec, 0xc8, 0x88, 0xcc, 0xc0,
  0xee, 0xee, 0xee, 0xec, 0xc8, 0x8c, 0xcc, 0xc0, 0xee, 0xee, 0xee, 0xec,
  0xcc, 0xcc, 0xcc, 0xc0, 0xee, 0xee, 0xee, 0xec, 0xcc, 0xcc, 0xcc, 0xc0,
  0xee, 0xee, 0xee, 0xec, 0xcc, 0xcc, 0xcc, 0xc0, 0xee, 0xee, 0xee, 0xcc,
  0xcc, 0xcc, 0xcc, 0xc0, 0xee, 0xee, 0xec, 0xcc, 0xec, 0xcc, 0xcc, 0xe0,
  0xfe, 0xee, 0xec, 0xce, 0xcc, 0xcc, 0xcc, 0xe0, 0xfe, 0xee, 0xee, 0xee,
  0xcc, 0xcc, 0xce, 0xe0, 0xfe, 0xee, 0xef, 0xfc, 0xcc, 0xcc, 0xee, 0xe0,
  0xee, 0xef, 0xff, 0xdc, 0xcc, 0xee, 0xee, 0xf0, 0xee, 0xff, 0xff, 0xcc,
  0xcc, 0xee, 0xef, 0xf0, 0xef, 0xff, 0xfd, 0xcc, 0xce, 0xef, 0xff, 0xf0,
  0xff, 0xff, 0xdd, 0xcc, 0xee, 0xff, 0xff, 0xf0, 0xff, 0xff, 0xdc, 0xcc,
  0xef, 0xff, 0xff, 0xf0, 0xff, 0xff, 0xdd, 0xcc, 0xcf, 0xff, 0xff, 0xf0,
  0xff, 0xff, 0xdd, 0xcc, 0xdf, 0xff, 0xff, 0xf0, 0xff, 0xff, 0xfd, 0xdc,
  0xdf, 0xff, 0xff, 0xf0, 0xff, 0xff, 0xff, 0xdd, 0xdd, 0xff, 0xff, 0xf0,
  0xff, 0xff, 0xff, 0xfd, 0xdd, 0xdf, 0xff, 0xf0, 0xff, 0xff, 0xff, 0xfd,
  0xdd, 0xdf, 0xff, 0xf0, 0xff, 0xff, 0xff, 0xff, 0xdd, 0xdd, 0xff, 0xf0,
  0xff, 0xff, 0xff, 0xff, 0xf9, 0xdd, 0xff, 0xf0, 0xff, 0xff, 0xff, 0xff,
  0xfb, 0x9d, 0xdf, 0xf0, 0xff, 0xff, 0xff, 0xff, 0xff, 0x9d, 0xdf, 0xf0,
  0xff, 0xff, 0xff, 0xff, 0xff, 0xb9, 0xdf, 0xf0, 0xff, 0xff, 0xff, 0xff,
  0xff, 0x9d, 0xdf, 0xf0, 0xff, 0xff, 0xff, 0xff, 0xff, 0x9d, 0xdf, 0xf0,
  0xff, 0xff, 0xff, 0xff, 0xff, 0x9d, 0xdf, 0xf0, 0xff, 0xff, 0xff, 0xff,
  0xff, 0xdd, 0xdf, 0xf0, 0xff, 0xff, 0xff, 0xff, 0xff, 0xdd, 0xdf, 0xf0,
  0xff, 0xff, 0xff, 0xff, 0xff, 0xdd, 0xdf, 0xf0, 0xff, 0xff, 0xff, 0xff,
  0xff, 0xdd, 0xdf, 0xf0, 0xff, 0xff, 0xff, 0xff, 0xfd, 0xdd, 0xdf, 0xf0,
  0xff, 0xff, 0xff, 0xff, 0xfd, 0xdd, 0xdf, 0xf0, 0xff, 0xff, 0xff, 0xff,
  0xff, 0xdd, 0xdf, 0xf0, 0xff, 0xff, 0xff, 0xfb, 0xff, 0xdd, 0xdf, 0xf0,
  0xff, 0xff, 0xff, 0xfb, 0xff, 0xdd, 0xdf, 0xf0, 0xff, 0xff, 0xff, 0xfb,
  0xfd, 0xdd, 0xdf, 0xf0, 0xff, 0xff, 0xff, 0xff, 0xfd, 0xdd, 0xdf, 0xf0,
  0xff, 0xff, 0xff, 0xff, 0xfd, 0xdd, 0xdf, 0xf0, 0xff, 0xff, 0xff, 0xff,
  0xfd, 0xdd, 0xdf, 0xf0, 0xff, 0xff, 0xff, 0xfb, 0xdd, 0xdd, 0xff, 0xf0,
  0xff, 0xff, 0xff, 0xfb, 0xdd, 0xdd, 0xff, 0xf0, 0xff, 0xff, 0xff, 0xff,
  0xfd, 0xdd, 0xff, 0xf0, 0xff, 0xff, 0xff, 0xff, 0xfd, 0xdd, 0xff, 0xf0,
  0xff, 0xff, 0xff, 0xff, 0xfd, 0xdd, 0xdf, 0xf0, 0xff, 0xff, 0xff, 0xff,
  0xfd, 0xdd, 0xdf, 0xf0, 0xff, 0xff, 0xff, 0xff, 0xfd, 0xdd, 0xff, 0xf0,
  0xff, 0xff, 0xff, 0xff, 0xfd, 0xdd, 0xff, 0xf0, 0xff, 0xff, 0xff, 0xff,
  0xfd, 0xdf, 0xff, 0xf0, 0xff, 0xff, 0xff, 0xff, 0xfd, 0xdf, 0xff, 0xf0,
  0xff, 0xff, 0xff, 0xff, 0xfd, 0xdf, 0xff, 0xf0, 0xff, 0xff, 0xff, 0xff,
  0xfd, 0xdf, 0xff, 0xf0, 0xff, 0xff, 0xff, 0xff, 0xfd, 0x9f, 0xff, 0xf0,
  0xff, 0xff, 0xff, 0xff, 0xfd, 0x9f, 0xff, 0xf0, 0xff, 0xff, 0xff, 0xff,
  0xfd, 0x9f, 0xff, 0xf0, 0xff, 0xff, 0xff, 0xff, 0xfd, 0x9f, 0xff, 0xf0,
  0xff, 0xff, 0xff, 0xff, 0xfd, 0x9f, 0xff, 0xf0, 0xff, 0xff, 0xff, 0xff,
  0xfd, 0x9f, 0xff, 0xf0, 0xff, 0xff, 0xff, 0xff, 0xfd, 0x9f, 0xff, 0xf0,
  0xff, 0xff, 0xff, 0xff, 0xd9, 0xbf, 0xff, 0xf0, 0xff, 0xff, 0xbf, 0xff,
  0xd9, 0xff, 0xff, 0xf0, 0xff, 0xff, 0xbf, 0xff, 0xd9, 0x9f, 0xff, 0xf0,
  0xff, 0xff, 0xbf, 0xff, 0xfd, 0x9f, 0xff, 0xf0, 0xff, 0xff, 0xff, 0xff,
  0xfd, 0x99, 0xff, 0xf0, 0xff, 0xff, 0xf9, 0xff, 0xfd, 0xd9, 0xff, 0xf0,
  0xff, 0xff, 0xfd, 0xdf, 0xfd, 0x99, 0x9f, 0xf0, 0xff, 0xff, 0xff, 0xdd,
  0xfd, 0x99, 0x9f, 0xf0, 0xff, 0xff, 0xfd, 0xdd, 0xfd, 0x99, 0x9d, 0xf0,
  0xff, 0xff, 0xdd, 0xdf, 0xfd, 0x99, 0x9d, 0xf0, 0xff, 0xff, 0xdd, 0xdf,
  0xfd, 0x99, 0x99, 0xf0, 0xff, 0xdf, 0xdd, 0xdd, 0xfd, 0x99, 0x99, 0xf0,
  0xff, 0xdf, 0xdd, 0xdd, 0xfd, 0xd9, 0x99, 0x90, 0xff, 0xdf, 0xfd, 0x9d,
  0xdd, 0xdd, 0xd9, 0x90, 0xff, 0xbd, 0xfd, 0xd9, 0xdd, 0xdd, 0xd9, 0x90,
  0xff, 0xf9, 0xfd, 0xdd, 0x9d, 0xdd, 0xdd, 0x90, 0xff, 0xf9, 0xdd, 0xdd,
  0xd9, 0xdd, 0xdd, 0x90, 0xff, 0xff, 0xdd, 0xdd, 0xdd, 0xdd, 0xdd, 0xd0,
  0xff, 0xfd, 0xdd, 0xdd, 0xdd, 0xdd, 0xdd, 0xd0, 0xff, 0xdd, 0xdd, 0xdd,
  0xdd, 0xdd, 0xdd, 0xc0, 0xff, 0xdd, 0xdd, 0xdd, 0xdd, 0xdd, 0xdd, 0xc0,
  0xff, 0xdd, 0xdd, 0xdd, 0xdc, 0xcd, 0xdd, 0xd0, 0xff, 0xdd, 0xdd, 0xdd,
  0xdd, 0xcd, 0xdd, 0xd0, 0xff, 0xfd, 0xdd, 0xdd, 0xdd, 0xcd, 0xdd, 0xd0,
  0xff, 0xfd, 0xdd, 0xdd, 0xdd, 0xdd, 0xdd, 0xd0, 0xff, 0xff, 0xdd, 0xdd,
  0xdd, 0xcc, 0xcd, 0xd0, 0xff, 0xff, 0xdd, 0xdd, 0xdd, 0xcc, 0xcd, 0xd0,
  0xff, 0xff, 0xdd, 0xdd, 0xdd, 0xcc, 0xcd, 0xd0, 0xff, 0xff, 0xdd, 0xdd,
  0xdc, 0xcc, 0xcd, 0xd0, 0xff, 0xfd, 0xdd, 0xdd, 0x8c, 0xcc, 0xdd, 0xc0,
  0xff, 0xdd, 0xdd, 0xd9, 0x8c, 0xcd, 0xdd, 0xc0, 0xff, 0xdd, 0xdd, 0xd9,
  0xcc, 0xcd, 0xdc, 0xc0, 0xff, 0xdd, 0xdd, 0xd9, 0xcc, 0xcd, 0xdc, 0xc0,
  0xff, 0xfd, 0xdd, 0xd9, 0xcc, 0xcc, 0xdf, 0xc0, 0xff, 0xfd, 0xdd, 0xd9,
  0xcc, 0xec, 0xcf, 0xe0, 0xff, 0xfd, 0xdd, 0xcc, 0xcc, 0xee, 0xcc, 0xe0,
  0xff, 0xfe, 0xcc, 0xee, 0xcc, 0xee, 0xec, 0xc0, 0xff, 0xee, 0xee, 0xee,
  0xce, 0xee, 0xef, 0xf0, 0xfe, 0xee, 0xee, 0xac, 0xce, 0xee, 0xff, 0xf0,
  0xee, 0xee, 0xee, 0xec, 0xee, 0xef, 0xff, 0xf0, 0xee, 0xee, 0xee, 0x8c,
  0xee, 0xef, 0xff, 0xf0, 0xee, 0xee, 0xee, 0x8c, 0xee, 0xff, 0xff, 0xf0,
  0xee, 0xee, 0xee, 0x8c, 0xee, 0xef, 0xff, 0xf0, 0xee, 0xee, 0xee, 0xac,
  0xce, 0xef, 0xff, 0xf0, 0xee, 0xee, 0xee, 0xb8, 0xce, 0xff, 0xff, 0xf0,
  0xee, 0xee, 0xff, 0xfb, 0xcc, 0xff, 0xff, 0xf0, 0xef, 0xff, 0xfb, 0xdc,
  0xce, 0xff, 0xff, 0xe0, 0xff, 0xff, 0xdd, 0xce, 0xee, 0xee, 0xff, 0xf0,
  0xff, 0xbd, 0xdc, 0xee, 0xee, 0xef, 0xff, 0xf0, 0xfb, 0xbc, 0xce, 0xee,
  0xef, 0xff, 0xff, 0xf0, 0xfb, 0xbd, 0xcc, 0xee, 0xff, 0xff, 0xff, 0xf0,
  0xfb, 0xb9, 0xcc, 0xee, 0xff, 0xff, 0xff, 0xf0, 0xff, 0xbb, 0x9c, 0xce,
  0xee, 0xff, 0xff, 0xf0, 0xff, 0xf7, 0xbb, 0x8c, 0xcf, 0xff, 0xee, 0xe0,
  0xff, 0xff, 0x7b, 0x8c, 0xce, 0xff, 0xff, 0xf0, 0xff, 0xff, 0xff, 0xb9,
  0xcc, 0xef, 0xff, 0xf0, 0xff, 0xff, 0xff, 0xb8, 0xcc, 0xff, 0xff, 0xf0,
  0xff, 0xff, 0xf9, 0x9c, 0xee, 0xff, 0xff, 0xf0, 0xff, 0xff, 0xf9, 0x8c,
  0xee, 0xff, 0xff, 0xf0, 0xff, 0xff, 0xb9, 0x8c, 0xef, 0xff, 0xff, 0xf0,
  0xff, 0xff, 0xb9, 0x8c, 0xef, 0xff, 0xff, 0xf0, 0xff, 0xff, 0xff, 0xb9,
  0x8c, 0xee, 0xff, 0xf0, 0xff, 0xff, 0xff, 0xff, 0xb9, 0xdc, 0xee, 0xf0,
  0xff, 0xff, 0xff, 0xff, 0xff, 0xb9, 0xdc, 0xe0, 0xff, 0xff, 0xff, 0xff,
  0xff, 0xff, 0xfd, 0xd0, 0xff, 0xff, 0xff, 0xff, 0xff, 0xff, 0xff, 0xf0,
  0xff, 0xff, 0xff, 0xff, 0xff, 0xff, 0xff, 0xf0, 0xff, 0xff, 0xff, 0xff,
  0xff, 0xff, 0xff, 0xf0, 0xff, 0xff, 0xff, 0xff, 0xff, 0xff, 0xff, 0xf0,
  0xff, 0xff, 0xff, 0xff, 0xff, 0xfe, 0xef, 0xf0, 0xff, 0xff, 0xff, 0xff,
  0xff, 0xee, 0xff, 0xf0, 0xff, 0xee, 0xee, 0xef, 0xec, 0xff, 0xff, 0xf0,
  0xee, 0xee, 0xee, 0xee, 0xdd, 0xff, 0xff, 0xf0, 0xcc, 0xcc, 0xdf, 0xff,
  0xff, 0xff, 0xff, 0xf0, 0x88, 0x89, 0xff, 0xff, 0xff, 0xff, 0xff, 0xf0,
  0x88, 0x9b, 0xbf, 0xff, 0xff, 0xff, 0xff, 0xf0, 0x89, 0x9b, 0xbf, 0xff,
  0xff, 0xff, 0xff, 0xf0, 0xd9, 0x99, 0xbb, 0xbf, 0xff, 0xff, 0xff, 0xf0,
  0x99, 0x99, 0xbb, 0xbf, 0xff, 0xff, 0xff, 0xf0, 0x99, 0x99, 0xbb, 0xbb,
  0xff, 0xff, 0xff, 0xf0, 0x99, 0xbb, 0xbb, 0xbb, 0xff, 0xff, 0xff, 0xf0,
  0xdd, 0xbb, 0xbb, 0xfb, 0xff, 0xff, 0xff, 0xf0, 0xdd, 0xfb, 0xbb, 0xff,
  0xff, 0xff, 0xff, 0xf0, 0xdd, 0xff, 0xbb, 0xff, 0xff, 0xff, 0xff, 0xf0,
  0xdd, 0xff, 0xbb, 0xff, 0xff, 0xff, 0xff, 0xf0, 0xfb, 0xff, 0xfb, 0xff,
  0xff, 0xff, 0xff, 0xf0, 0xff, 0xbf, 0xfb, 0xff, 0xff, 0xff, 0xff, 0xf0,
  0xff, 0xbf, 0xff, 0xff, 0xff, 0xff, 0xff, 0xf0, 0xff, 0xbf, 0xff, 0xff,
  0xff, 0xff, 0xff, 0xf0, 0xff, 0xbf, 0xff, 0xff, 0xff, 0xff, 0xff, 0xf0,
  0xff, 0xbf, 0xff, 0xff, 0xff, 0xff, 0xff, 0xf0, 0xfb, 0xff, 0xff, 0xff,
  0xff, 0xff, 0xff, 0xf0, 0xfb, 0xff, 0xff, 0xff, 0xff, 0xff, 0xff, 0xf0,
  0xfb, 0xff, 0xff, 0xff, 0xff, 0xff, 0xff, 0xf0, 0xfb, 0xff, 0xff, 0xff,
  0xff, 0xff, 0xff, 0xf0, 0xbb, 0xff, 0xff, 0xff, 0xff, 0xff, 0xff, 0xf0,
  0xbb, 0xff, 0xff, 0xff, 0xff, 0xff, 0xff, 0xf0, 0xfb, 0xff, 0xff, 0xff,
  0xff, 0xff, 0xff, 0xf0, 0xfb, 0xff, 0xff, 0xff, 0xff, 0xff, 0xff, 0xf0,
  0xff, 0xbf, 0xff, 0xff, 0xff, 0xff, 0xff, 0xf0, 0xff, 0xfb, 0xff, 0xff,
  0xff, 0xff, 0xff, 0xf0, 0xff, 0xff, 0xfb, 0xff, 0xff, 0xff, 0xff, 0xf0,
  0xff, 0xff, 0xff, 0xbf, 0xff, 0xff, 0xff, 0x00, 0xff, 0xff, 0xff, 0xfb,
  0xff, 0xff, 0xf0, 0x00, 0xff, 0xff, 0xff, 0xff, 0xff, 0xff, 0x00, 0x00,
  0xff, 0xff, 0xff, 0xff, 0xfb, 0x00, 0x00, 0x00, 0xff, 0xff, 0xff, 0xfb,
  0x90, 0x00, 0x00, 0x00, 0xff, 0xff, 0xff, 0xb9, 0x00, 0x00, 0x00, 0x00,
  0xff, 0xff, 0xfb, 0x99, 0x00, 0x00, 0x04, 0x00, 0xff, 0xff, 0xb9, 0x00,
  0x00, 0x00, 0x00, 0x00, 0xff, 0xfb, 0x99, 0x00, 0x00, 0x00, 0x00, 0x00,
  0xff, 0xb9, 0x90, 0x00, 0x00, 0x00, 0x00, 0x00, 0xff, 0xb9, 0x90, 0x00,
  0x00, 0x00, 0x00, 0x00, 0xb9, 0x91, 0x00, 0x00, 0x00, 0x00, 0x00, 0x00,
  0xb9, 0x90, 0x00, 0x00, 0x00, 0x00, 0x00, 0x00, 0x99, 0x10, 0x00, 0x00,
  0x00, 0x00, 0x00, 0x00, 0x99, 0x00, 0x00, 0x00, 0x00, 0x00, 0x00, 0x00,
  0x91, 0x00, 0x00, 0x00, 0x00, 0x00, 0x00, 0x00, 0x90, 0x00, 0x00, 0x00,
  0x00, 0x00, 0x00, 0x00, 0x90, 0x00, 0x00, 0x00, 0x00, 0x00, 0x00, 0x00,
  0x90, 0x00, 0x00, 0x00, 0x00, 0x00, 0x00, 0x00, 0x00, 0x00, 0x00, 0x00,
  0x00, 0x00, 0x00, 0x00, 0x00, 0x00, 0x00, 0x00, 0x00, 0x00, 0x00, 0x00,
  0x00, 0x00, 0x00, 0x00, 0x00, 0x00, 0x00, 0x00, 0x00, 0x00, 0x00, 0x00,
  0x00, 0x00, 0x00, 0x00, 0x00, 0x00, 0x00, 0x00, 0x00, 0x00, 0x00, 0x00,
  0x00, 0x00, 0x00, 0x00, 0x00, 0x00, 0x00, 0x00, 0x00, 0x00, 0x00, 0x00,
  0x00, 0x00, 0x00, 0x00, 0x00, 0x00, 0x00, 0x00, 0x00, 0x00, 0x00, 0x00,
  0x00, 0x00, 0x00, 0x00, 0x00, 0x00, 0x00, 0x00, 0x00, 0x00, 0x00, 0x00,
  0x00, 0x00, 0x00, 0x00, 0x00, 0x00, 0x00, 0x00, 0x00, 0x00, 0x00, 0x00,
  0x00, 0x00, 0x00, 0x00, 0x00, 0x00, 0x00, 0x00, 0x00, 0x00, 0x00, 0x00,
  0x00, 0x00, 0x00, 0x00, 0x00, 0x00, 0x00, 0x00, 0x00, 0x00, 0x00, 0x00,
  0x00, 0x00, 0x00, 0x00, 0x00, 0x00, 0x00, 0x00, 0x00, 0x00, 0x00, 0x00,
  0x00, 0x00, 0x00, 0x00, 0x00, 0x00, 0x00, 0x00, 0x00, 0x00, 0x00, 0x00,
  0x00, 0x00, 0x00, 0x00, 0x00, 0x00, 0x00, 0x00, 0x00, 0x00, 0x00, 0x00,
  0x00, 0x00, 0x00, 0x00, 0x00, 0x00, 0x00, 0x00, 0x00, 0x00, 0x00, 0x00,
  0x00, 0x00, 0x00, 0x00, 0x00, 0x00, 0x00, 0x00, 0x00, 0x00, 0x00, 0x00,
  0x00, 0x00, 0x00, 0x00, 0x00, 0x00, 0x00, 0x00, 0x00, 0x00, 0x00, 0x00,
  0x00, 0x00, 0x00, 0x00, 0x00, 0x00, 0x00, 0x00, 0x00, 0x00, 0x00, 0x00,
  0x00, 0x00, 0x00, 0x00, 0x00, 0x00, 0x00, 0x00, 0x00, 0x00, 0x00, 0x00,
  0x00, 0x00, 0x00, 0x00, 0x00, 0x00, 0x00, 0x00, 0x00, 0x00, 0x00, 0x00,
  0x00, 0x00, 0x00, 0x00, 0x00, 0x00, 0x00, 0x00, 0x00, 0x00, 0x00, 0x00,
  0x00, 0x00, 0x00, 0x00, 0x00, 0x00, 0x00, 0x00, 0x00, 0x00, 0x00, 0x00,
  0x00, 0x00, 0x00, 0x00, 0x00, 0x00, 0x00, 0x00, 0x00, 0x00, 0x00, 0x00,
  0x00, 0x00, 0x00, 0x00, 0x00, 0x00, 0x00, 0x00, 0x00, 0x00, 0x00, 0x00,
  0x00, 0x00, 0x00, 0x00, 0x00, 0x00, 0x00, 0x00, 0x00, 0x00, 0x00, 0x00,
  0x00, 0x00, 0x00, 0x00, 0x00, 0x00, 0x00, 0x00, 0x00, 0x00, 0x00, 0x00,
  0x00, 0x00, 0x00, 0x00, 0x00, 0x00, 0x00, 0x00, 0x00, 0x00, 0x00, 0x00,
  0x00, 0x00, 0x00, 0x00, 0x00, 0x00, 0x00, 0x00, 0x00, 0x00, 0x00, 0x00,
  0x00, 0x00, 0x00, 0x00, 0x00, 0x00, 0x00, 0x00, 0x00, 0x00, 0x00, 0x00,
  0x00, 0x00, 0x00, 0x00, 0x00, 0x00, 0x00, 0x00, 0x00, 0x00, 0x08, 0x80,
  0x00, 0x00, 0x00, 0x00, 0x00, 0x00, 0x08, 0x88, 0x80, 0x00, 0x00, 0x00,
  0x00, 0x00, 0x88, 0x88, 0x88, 0x08, 0x88, 0x00, 0x00, 0x00, 0x88, 0x88,
  0x88, 0x08, 0x88, 0x00, 0x00, 0x00, 0x88, 0x88, 0x88, 0x08, 0x88, 0x00,
  0x00, 0x00, 0x88, 0x88, 0x88, 0x08, 0x88, 0x00, 0x00, 0x00, 0x88, 0x88,
  0x80, 0x08, 0x88, 0x00, 0x00, 0x08, 0xcc, 0x88, 0x80, 0x08, 0x88, 0x00,
  0x00, 0x0c, 0xcc, 0xc8, 0x80, 0x08, 0x88, 0x00, 0x00, 0x0c, 0xcc, 0xc8,
  0x80, 0x08, 0x88, 0x00, 0x00, 0x0c, 0xcc, 0xcc, 0x80, 0x08, 0x88, 0x80,
  0x00, 0x4c, 0xcc, 0xcc, 0x00, 0x08, 0x88, 0x80, 0x00, 0x4c, 0xcc, 0xcc,
  0x00, 0x08, 0x88, 0x80, 0x00, 0x4c, 0xcc, 0xcc, 0x00, 0x00, 0x88, 0xc0,
  0x00, 0x44, 0xcc, 0xc4, 0x40, 0x04, 0xcc, 0xc0, 0x00, 0x44, 0xcc, 0xc4,
  0x40, 0x04, 0xcc, 0xc0, 0x04, 0x44, 0xcc, 0xc4, 0x40, 0x04, 0xcc, 0xc0,
  0x04, 0x44, 0x4c, 0xc4, 0x40, 0x44, 0xcc, 0xc0, 0x04, 0x44, 0x4c, 0x44,
  0x40, 0x44, 0xcc, 0xc0, 0x04, 0x44, 0x44, 0x44, 0x40, 0x44, 0xcc, 0xc0,
  0x04, 0x44, 0x44, 0x44, 0x40, 0x44, 0xcc, 0xc0, 0x04, 0x44, 0x44, 0x44,
  0x40, 0x44, 0xcc, 0xc0, 0x04, 0x44, 0x44, 0x44, 0x40, 0x44, 0xcc, 0xc0,
  0x04, 0x44, 0x44, 0x44, 0x40, 0x4c, 0xcc, 0xc0, 0x04, 0x44, 0x4c, 0xc4,
  0x40, 0x4c, 0xcc, 0xc0, 0x04, 0x44, 0x4c, 0xc4, 0x40, 0x4c, 0xcc, 0xc0,
  0x04, 0x44, 0xcc, 0xc4, 0x40, 0x4c, 0xcc, 0x40, 0x04, 0x4c, 0xcc, 0xc4,
  0x40, 0x44, 0xcc, 0x40, 0x04, 0x4c, 0xcc, 0xc4, 0x40, 0x44, 0xcc, 0x40,
  0x04, 0x4c, 0xcc, 0xc4, 0x40, 0x44, 0xcc, 0x40, 0x04, 0x4c, 0xcc, 0x84,
  0x40, 0x44, 0xcc, 0x40, 0x04, 0x4c, 0xc8, 0x04, 0x40, 0x44, 0xcc, 0x40,
  0x04, 0xcc, 0xc8, 0x04, 0x40, 0x44, 0xcc, 0x40, 0x04, 0xcc, 0xc8, 0x04,
  0x40, 0x44, 0xcc, 0x40, 0x04, 0x4c, 0xc8, 0x04, 0x40, 0x44, 0xcc, 0x40,
  0x04, 0x4c, 0xc8, 0x04, 0x40, 0x44, 0xcc, 0x40, 0x04, 0x4c, 0xcc, 0x04,
  0x40, 0x44, 0xcc, 0x40, 0x04, 0x4c, 0xcc, 0x04, 0x40, 0x44, 0xcc, 0x40,
  0x04, 0x4c, 0xcc, 0x04, 0x40, 0x44, 0xcc, 0x40, 0x04, 0x44, 0xcc, 0x04,
  0x40, 0x44, 0xcc, 0x40, 0x04, 0x44, 0xcc, 0x44, 0x40, 0x44, 0xcc, 0x40,
  0x04, 0x44, 0xcc, 0x44, 0x40, 0x44, 0xcc, 0x40, 0x04, 0x44, 0xcc, 0x44,
  0x40, 0x44, 0x4c, 0x40, 0x04, 0x44, 0xcc, 0x44, 0x40, 0x44, 0x4c, 0x40,
  0x04, 0x44, 0x4c, 0x44, 0x40, 0x44, 0x4c, 0x40, 0x04, 0x44, 0x4c, 0x44,
  0x40, 0x44, 0x4c, 0x40, 0x04, 0x44, 0x4c, 0x44, 0x40, 0x44, 0x44, 0x40,
  0x04, 0x44, 0x44, 0x44, 0x40, 0x44, 0x44, 0x40, 0x04, 0x44, 0x44, 0x44,
  0x40, 0x44, 0x44, 0x40, 0x04, 0x44, 0x44, 0x44, 0x40, 0x44, 0x44, 0x40,
  0x04, 0x44, 0x44, 0x44, 0x40, 0x44, 0x44, 0x40, 0x04, 0x44, 0x44, 0x44,
  0x40, 0x44, 0x44, 0x40, 0x04, 0x44, 0x44, 0x44, 0x40, 0x44, 0x44, 0x40,
  0x04, 0x44, 0x44, 0x44, 0x40, 0x44, 0x44, 0x40, 0x04, 0x44, 0x44, 0x44,
  0x40, 0x44, 0x44, 0x40, 0x04, 0x44, 0x44, 0x40, 0x40, 0x44, 0x44, 0x40,
  0x04, 0x44, 0x44, 0x00, 0x40, 0x44, 0x44, 0x40, 0x06, 0x44, 0x44, 0x00,
  0x40, 0x44, 0x44, 0x40, 0x06, 0x66, 0x40, 0x00, 0x00, 0x44, 0x44, 0x40,
  0x06, 0x66, 0x40, 0x00, 0x00, 0x44, 0x44, 0x40, 0x02, 0x66, 0x20, 0x00,
  0x00, 0x44, 0x44, 0x40, 0x02, 0x66, 0x20, 0x00, 0x00, 0x44, 0x44, 0x40,
  0x02, 0x22, 0x22, 0x00, 0x00, 0x04, 0x44, 0x40, 0x02, 0x22, 0x62, 0x20,
  0x00, 0x04, 0x44, 0x40, 0x00, 0x22, 0x22, 0x20, 0x00, 0x04, 0x44, 0x40,
  0x00, 0x22, 0x26, 0x20, 0x00, 0x04, 0x44, 0x40, 0x00, 0x02, 0x26, 0x22,
  0x20, 0x04, 0x44, 0x40, 0x00, 0x02, 0x66, 0x22, 0x20, 0x04, 0x44, 0x40,
  0x00, 0x02, 0x66, 0x22, 0x20, 0x04, 0x44, 0x40, 0x00, 0x00, 0x62, 0x22,
  0x22, 0x04, 0x44, 0x40, 0x00, 0x00, 0x02, 0x22, 0x22, 0x24, 0x44, 0x40,
  0x00, 0x00, 0x00, 0x22, 0x22, 0x24, 0x44, 0x40, 0x00, 0x00, 0x00, 0x22,
  0x22, 0x24, 0x44, 0x40, 0x00, 0x00, 0x00, 0x02, 0x22, 0x24, 0x44, 0x40,
  0x00, 0x00, 0x00, 0x02, 0x22, 0x26, 0x44, 0x40, 0x00, 0x00, 0x00, 0x00,
  0x22, 0x24, 0x44, 0x40, 0x00, 0x00, 0x00, 0x00, 0x22, 0x24, 0x44, 0x40,
  0x00, 0x00, 0x00, 0x00, 0x22, 0x24, 0x44, 0x40, 0x00, 0x00, 0x00, 0x00,
  0x02, 0x24, 0x44, 0x60, 0x00, 0x00, 0x00, 0x00, 0x02, 0x24, 0x44, 0x60,
  0x00, 0x00, 0x00, 0x00, 0x02, 0x26, 0x46, 0x60, 0x00, 0x00, 0x00, 0x00,
  0x02, 0x22, 0x46, 0x60, 0x00, 0x00, 0x00, 0x00, 0x02, 0x26, 0x46, 0x60,
  0x00, 0x00, 0x00, 0x00, 0x02, 0x26, 0x66, 0x60, 0x00, 0x00, 0x00, 0x00,
  0x02, 0x22, 0x66, 0x60, 0x00, 0x00, 0x00, 0x00, 0x02, 0x22, 0x66, 0x60,
  0x00, 0x00, 0x00, 0x00, 0x02, 0x22, 0x66, 0x60, 0x00, 0x00, 0x00, 0x00,
  0x02, 0x22, 0x66, 0x60, 0x00, 0x00, 0x20, 0x00, 0x22, 0x26, 0x66, 0x60,
  0x00, 0x00, 0x20, 0x02, 0x22, 0x26, 0x66, 0x60, 0x00, 0x00, 0x20, 0x22,
  0x02, 0x26, 0x66, 0x60, 0x00, 0x00, 0x20, 0x22, 0x02, 0x26, 0x66, 0x60,
  0x00, 0x00, 0x02, 0x22, 0x00, 0x02, 0x66, 0x60, 0x00, 0x00, 0x22, 0x00,
  0x00, 0x02, 0x66, 0x60, 0x00, 0x00, 0x22, 0x00, 0x00, 0x26, 0x66, 0x60,
  0x00, 0x00, 0x20, 0x00, 0x00, 0x26, 0x66, 0x60, 0x00, 0x02, 0x20, 0x00,
  0x00, 0x26, 0x66, 0x20, 0x00, 0x02, 0x00, 0x00, 0x00, 0x26, 0x66, 0x20,
  0x00, 0x00, 0x00, 0x00, 0x00, 0x22, 0x66, 0x20, 0x00, 0x00, 0x00, 0x00,
  0x00, 0x22, 0x66, 0x20, 0x00, 0x00, 0x00, 0x02, 0x00, 0x22, 0x66, 0x20,
  0x00, 0x00, 0x00, 0x02, 0x00, 0x22, 0x66, 0x20, 0x00, 0x00, 0x00, 0x02,
  0x00, 0x22, 0x26, 0x60, 0x00, 0x00, 0x00, 0x02, 0x00, 0x22, 0x66, 0x60,
  0x00, 0x00, 0x00, 0x02, 0x00, 0x22, 0x66, 0x60, 0x00, 0x00, 0x00, 0x62,
  0x00, 0x22, 0x66, 0x60, 0x00, 0x00, 0x00, 0x62, 0x00, 0x22, 0x66, 0x60,
  0x00, 0x00, 0x00, 0x62, 0x00, 0x22, 0x66, 0x60, 0x00, 0x00, 0x04, 0x42,
  0x00, 0x22, 0x66, 0x60, 0x00, 0x00, 0x04, 0xc6, 0x20, 0x22, 0x66, 0x60,
  0x00, 0x00, 0x04, 0xce, 0x22, 0x02, 0x26, 0x60, 0x00, 0x00, 0x04, 0xce,
  0x22, 0x02, 0x22, 0x60, 0x00, 0x00, 0x04, 0xca, 0x22, 0x22, 0x22, 0x20,
  0x00, 0x00, 0x04, 0xca, 0x22, 0x22, 0x22, 0x20, 0x00, 0x22, 0x20, 0xea,
  0x22, 0x22, 0x22, 0x20, 0x00, 0x22, 0x20, 0xea, 0x22, 0x22, 0x22, 0x20,
  0x00, 0x22, 0x22, 0xea, 0x22, 0x22, 0x22, 0x20, 0x00, 0x22, 0x22, 0xee,
  0xa2, 0x22, 0x22, 0x20, 0x00, 0x02, 0x22, 0x2e, 0xa0, 0x11, 0x11, 0x30,
  0x00, 0x02, 0x22, 0x06, 0xa1, 0x11, 0x11, 0x10, 0x00, 0x02, 0x22, 0x06,
  0xb1, 0x11, 0x11, 0x10, 0x00, 0x00, 0x20, 0x06, 0xb1, 0x11, 0x11, 0x10,
  0x00, 0x00, 0x11, 0x06, 0xd1, 0x11, 0x11, 0x10, 0x00, 0x00, 0x11, 0x17,
  0xd1, 0x11, 0x11, 0x10, 0x00, 0x00, 0x11, 0x17, 0xd1, 0x11, 0x11, 0x10,
  0x00, 0x00, 0x11, 0x17, 0xd1, 0x11, 0x11, 0x10, 0x00, 0x01, 0x11, 0x03,
  0xd0, 0x00, 0x00, 0x00, 0x00, 0x00, 0x10, 0x03, 0xd0, 0x00, 0x00, 0x00,
  0x00, 0x00, 0x00, 0x03, 0xe0, 0x00, 0x00, 0x00, 0x00, 0x00, 0x00, 0x03,
  0xe0, 0x00, 0x00, 0x00, 0x00, 0x00, 0x00, 0x03, 0xe0, 0x00, 0x00, 0x00,
  0x00, 0x00, 0x00, 0x15, 0xf4, 0x00, 0x00, 0x00, 0x00, 0x00, 0x00, 0x05,
  0xf6, 0x00, 0x00, 0x00, 0x00, 0x00, 0x00, 0x05, 0xf6, 0x00, 0x00, 0x00,
  0x00, 0x00, 0x00, 0x04, 0xff, 0x00, 0x00, 0x00, 0x00, 0x00, 0x00, 0x00,
  0xff, 0x00, 0x00, 0x00, 0x00, 0x00, 0x00, 0x00, 0xff, 0x20, 0x00, 0x00,
  0x00, 0x00, 0x00, 0x00, 0xff, 0x60, 0x00, 0x00, 0x00, 0x00, 0x00, 0x00,
  0x7f, 0x70, 0x00, 0x00, 0x00, 0x00, 0x00, 0x00, 0x7f, 0x70, 0x00, 0x00,
  0x00, 0x00, 0x00, 0x00, 0x7f, 0x70, 0x00, 0x00, 0x00, 0x00, 0x00, 0x00,
  0x2f, 0x70, 0x00, 0x00, 0x22, 0x00, 0x00, 0x00, 0x07, 0xf2, 0x00, 0x00,
  0x22, 0x00, 0x00, 0x00, 0x07, 0xf7, 0x00, 0x00, 0x22, 0x20, 0x00, 0x00,
  0x07, 0xf7, 0x00, 0x00, 0x23, 0x30, 0x00, 0x00, 0x06, 0xf7, 0x00, 0x00,
  0x33, 0x35, 0x74, 0x44, 0x04, 0xff, 0x10, 0x00, 0x23, 0x31, 0x55, 0x54,
  0x44, 0xff, 0x10, 0x00, 0x01, 0x11, 0x15, 0x55, 0x54, 0xef, 0x10, 0x00,
  0x01, 0x11, 0x15, 0x57, 0x55, 0xef, 0x50, 0x00, 0x73, 0x13, 0x33, 0x77,
  0x76, 0xee, 0xf1, 0x00, 0x33, 0x33, 0x33, 0x77, 0x76, 0x6e, 0xf1, 0x00,
  0x33, 0x33, 0x33, 0x77, 0x76, 0x6e, 0xf1, 0x00, 0x33, 0x33, 0x33, 0x77,
  0x76, 0x6e, 0xf3, 0x00, 0x33, 0x33, 0x33, 0x77, 0x66, 0x6e, 0xf1, 0x00,
  0x33, 0x33, 0x33, 0x66, 0x66, 0x6e, 0xf1, 0x00, 0x33, 0x33, 0x32, 0x26,
  0x66, 0x6e, 0xf1, 0x00, 0x73, 0x33, 0x22, 0x26, 0x66, 0x6e, 0x31, 0x00,
  0x62, 0x22, 0x22, 0x22, 0x66, 0xef, 0x10, 0x00, 0x76, 0x22, 0x22, 0x22,
  0x26, 0xeb, 0x10, 0x00, 0x72, 0x22, 0x22, 0x22, 0x26, 0xeb, 0x10, 0x00,
  0x33, 0x22, 0x22, 0x22, 0x26, 0xe9, 0x00, 0x00, 0x33, 0x31, 0x13, 0x32,
  0x26, 0xf9, 0x00, 0x00, 0x33, 0x31, 0x11, 0x13, 0x33, 0x79, 0x11, 0x10,
  0x33, 0x31, 0x11, 0x13, 0x33, 0x59, 0x11, 0x10, 0x33, 0x31, 0x11, 0x11,
  0x13, 0x59, 0x11, 0x10, 0x33, 0x33, 0x11, 0x11, 0x17, 0x11, 0x11, 0x10,
  0x33, 0x33, 0x31, 0x11, 0x17, 0x11, 0x11, 0x10, 0x23, 0x33, 0x31, 0x11,
  0x17, 0x11, 0x11, 0x10, 0x23, 0x33, 0x31, 0x11, 0x73, 0x11, 0x11, 0x10,
  0x33, 0x33, 0x33, 0x11, 0x73, 0x11, 0x11, 0x10, 0x31, 0x33, 0x33, 0x11,
  0x73, 0x11, 0x11, 0x10, 0x31, 0x13, 0x33, 0x11, 0xf3, 0x31, 0x11, 0x10,
  0x11, 0x13, 0x33, 0x31, 0xb3, 0x31, 0x33, 0x30, 0x11, 0x11, 0x13, 0x3f,
  0xb3, 0x33, 0x33, 0x30, 0x11, 0x11, 0x11, 0x3f, 0x33, 0x33, 0x33, 0x30,
  0x01, 0x11, 0x11, 0xfb, 0x33, 0x33, 0x33, 0x30, 0x01, 0x11, 0x11, 0xf3,
  0x33, 0x33, 0x33, 0x30, 0x00, 0x11, 0x9d, 0xbb, 0xb3, 0x33, 0x33, 0x30,
  0x00, 0x11, 0x9f, 0xbb, 0xb3, 0x33, 0x23, 0x30, 0x00, 0x01, 0xdb, 0xbb,
  0xbb, 0x33, 0x03, 0x30, 0x00, 0x01, 0xdb, 0xbb, 0xb3, 0x33, 0x02, 0x20,
  0x00, 0x00, 0x9b, 0xa9, 0xa3, 0x33, 0x02, 0x20, 0x00, 0x00, 0x1f, 0xa8,
  0xa3, 0x33, 0x00, 0x20, 0x00, 0x00, 0x3e, 0xa8, 0xa3, 0x33, 0x00, 0x20,
  0x00, 0x00, 0x3e, 0xaa, 0xa3, 0x31, 0x00, 0x20, 0x00, 0x00, 0x2e, 0xa2,
  0x23, 0x30, 0x02, 0x20, 0x00, 0x00, 0x2e, 0xa2, 0x23, 0x30, 0x02, 0x20,
  0x00, 0x02, 0x2e, 0xa2, 0x23, 0x32, 0x02, 0x20, 0x00, 0x02, 0x2e, 0xa2,
  0x33, 0x30, 0x02, 0x20, 0x00, 0x02, 0x2e, 0xa2, 0x23, 0x20, 0x22, 0x20,
  0x00, 0x22, 0x2e, 0xa2, 0x23, 0x20, 0x22, 0x20, 0x00, 0x22, 0x2e, 0x22,
  0x23, 0x20, 0x22, 0x20, 0x00, 0x22, 0x2e, 0x22, 0x23, 0x20, 0x22, 0x20,
  0x00, 0x22, 0x6e, 0x22, 0x22, 0x00, 0x22, 0x20, 0x00, 0x22, 0x6e, 0x22,
  0x22, 0x00, 0x22, 0x20, 0x00, 0x22, 0x6c, 0x22, 0x22, 0x00, 0x22, 0x20,
  0x00, 0x22, 0x6c, 0x22, 0x22, 0x00, 0x02, 0x60, 0x00, 0x22, 0x4c, 0xa2,
  0x22, 0x00, 0x02, 0x60, 0x00, 0x20, 0x4c, 0xa2, 0x22, 0x00, 0x00, 0x60,
  0x00, 0x00, 0x4c, 0xa2, 0x22, 0x00, 0x00, 0x60, 0x00, 0x00, 0x44, 0xa2,
  0x22, 0x00, 0x00, 0x60, 0x00, 0x00, 0x44, 0x82, 0x22, 0x00, 0x00, 0x40,
  0x00, 0x00, 0x04, 0x82, 0x22, 0x00, 0x00, 0x40, 0x00, 0x00, 0x04, 0x82,
  0x22, 0x00, 0x00, 0x40, 0x00, 0x00, 0x04, 0x82, 0x22, 0x00, 0x00, 0x40,
  0x00, 0x00, 0x04, 0x82, 0x22, 0x20, 0x00, 0x40, 0x00, 0x00, 0x04, 0x82,
  0x22, 0x20, 0x00, 0x40, 0x00, 0x00, 0x04, 0x82, 0x22, 0x20, 0x00, 0x40,
  0x00, 0x00, 0x04, 0xc2, 0x22, 0x20, 0x00, 0x40, 0x00, 0x00, 0x04, 0xc2,
  0x22, 0x20, 0x00, 0x40, 0x00, 0x00, 0x04, 0xc2, 0x22, 0x20, 0x00, 0x00,
  0x00, 0x00, 0x04, 0xc2, 0x22, 0x20, 0x00, 0x00, 0x00, 0x04, 0x04, 0xc2,
  0x22, 0x20, 0x00, 0x00, 0x00, 0x04, 0x44, 0xc2, 0x22, 0x20, 0x00, 0x00,
  0x00, 0x04, 0x44, 0xc2, 0x22, 0x20, 0x00, 0x00, 0x00, 0x04, 0x44, 0xc2,
  0x22, 0x20, 0x00, 0x40, 0x00, 0x04, 0x44, 0xc2, 0x22, 0x22, 0x00, 0x40,
  0x00, 0x04, 0x44, 0xc2, 0x22, 0x22, 0x00, 0x40, 0x00, 0x44, 0x44, 0xc0,
  0x22, 0x22, 0x00, 0x40, 0x00, 0x44, 0x44, 0xc0, 0x22, 0x22, 0x00, 0x40,
  0x00, 0x44, 0x44, 0xc0, 0x22, 0x22, 0x00, 0x40, 0x00, 0x44, 0x44, 0xc0,
  0x22, 0x22, 0x00, 0x40, 0x00, 0x44, 0x44, 0xc0, 0x22, 0x22, 0x20, 0x40,
  0x00, 0x44, 0x44, 0xc4, 0x22, 0x22, 0x20, 0x40, 0x00, 0x44, 0x44, 0xc4,
  0x22, 0x22, 0x20, 0x40, 0x00, 0x44, 0x44, 0xc4, 0x62, 0x22, 0x20, 0x40,
  0x00, 0x44, 0x44, 0xc4, 0x66, 0x22, 0x20, 0x00, 0x00, 0x44, 0x44, 0xc4,
  0x66, 0x22, 0x22, 0x00, 0x04, 0x44, 0x44, 0xc4, 0x66, 0x62, 0x22, 0x00,
  0x04, 0x44, 0x44, 0xc4, 0x46, 0x62, 0x22, 0x00, 0x04, 0x44, 0x44, 0xc4,
  0x46, 0x66, 0x22, 0x00, 0x04, 0x44, 0x44, 0xc4, 0x46, 0x66, 0x22, 0x00,
  0x04, 0x44, 0x44, 0xc4, 0x46, 0x66, 0x22, 0x00, 0x04, 0x44, 0x44, 0xc4,
  0x46, 0x66, 0x63, 0x00, 0x04, 0x44, 0x44, 0xc4, 0x46, 0x66, 0x63, 0x00,
  0x04, 0x44, 0x44, 0xc4, 0x46, 0x66, 0x63, 0x00, 0x04, 0x44, 0x44, 0xc4,
  0x46, 0x66, 0x63, 0x00, 0x04, 0x44, 0x44, 0xc4, 0x46, 0x66, 0x62, 0x00,
  0x04, 0x44, 0x44, 0xc4, 0x46, 0x66, 0x62, 0x00, 0x04, 0x44, 0x44, 0xc4,
  0x46, 0x66, 0x62, 0x00, 0x04, 0x44, 0x44, 0xc4, 0x46, 0x66, 0x62, 0x40,
  0x04, 0x44, 0x44, 0xc4, 0x46, 0x66, 0x62, 0x40, 0x04, 0x44, 0x44, 0xc4,
  0x46, 0x66, 0x62, 0x40, 0x04, 0x44, 0x4c, 0xc4, 0x46, 0x66, 0x62, 0x40,
  0x04, 0x44, 0x4c, 0xc4, 0x46, 0x66, 0x62, 0x40, 0x04, 0x44, 0x4c, 0xc4,
  0x46, 0x66, 0x62, 0x40, 0x04, 0x44, 0x4c, 0xc4, 0x46, 0x66, 0x62, 0x40,
  0x04, 0x44, 0x4c, 0xc4, 0x46, 0x66, 0x62, 0x40, 0x04, 0x44, 0x4c, 0xc4,
  0x46, 0x66, 0x62, 0x00, 0x04, 0x44, 0x4c, 0xc4, 0x46, 0x66, 0x62, 0x00,
  0x04, 0x44, 0x4c, 0xc4, 0x46, 0x66, 0x62, 0x20, 0x04, 0x44, 0x4c, 0xc4,
  0x46, 0x66, 0x62, 0x20, 0x04, 0x44, 0x4c, 0xc4, 0x46, 0x66, 0x62, 0x20,
  0x04, 0x44, 0x4c, 0xc4, 0x46, 0x66, 0x62, 0x20, 0x04, 0x44, 0x4c, 0xc4,
  0x46, 0x66, 0x63, 0x20, 0x04, 0x44, 0x4c, 0xc4, 0x46, 0x66, 0x63, 0x20,
  0x04, 0x44, 0x4c, 0xc4, 0x46, 0x66, 0x63, 0x20, 0x04, 0x44, 0x4c, 0xc4,
  0x46, 0x66, 0x63, 0x20, 0x04, 0x44, 0x4c, 0xc4, 0x46, 0x66, 0x63, 0x20,
  0x04, 0x44, 0x4c, 0x44, 0x46, 0x66, 0x23, 0x20, 0x04, 0x64, 0x4c, 0x44,
  0x46, 0x62, 0x23, 0x20, 0x06, 0x66, 0x6c, 0x44, 0x46, 0x22, 0x23, 0x20,
  0x06, 0x66, 0x6c, 0x44, 0x66, 0x22, 0x23, 0x30, 0x06, 0x66, 0x6c, 0x44,
  0x26, 0x22, 0x23, 0x30, 0x02, 0x66, 0x6e, 0x44, 0x22, 0x22, 0x23, 0x30,
  0x02, 0x26, 0x6e, 0x60, 0x22, 0x22, 0x33, 0x30, 0x02, 0x26, 0x6e, 0x62,
  0x22, 0x22, 0x33, 0x30, 0x02, 0x26, 0x6e, 0x62, 0x22, 0x22, 0x33, 0x30,
  0x02, 0x26, 0x6e, 0x62, 0x22, 0x23, 0x33, 0x30, 0x22, 0x22, 0x6e, 0x62,
  0x22, 0x23, 0x33, 0x30, 0x22, 0x22, 0x6e, 0x22, 0x22, 0x33, 0x33, 0x30,
  0x22, 0x22, 0x6e, 0x22, 0x22, 0x33, 0x33, 0x30, 0x22, 0x22, 0xee, 0x22,
  0x22, 0x33, 0x33, 0x30, 0x22, 0x22, 0xee, 0x22, 0x23, 0x33, 0x33, 0x30,
  0x22, 0x22, 0xe2, 0x22, 0x33, 0x33, 0x33, 0x30, 0x32, 0x22, 0xe2, 0x22,
  0x33, 0x33, 0x33, 0x30, 0x32, 0x22, 0xe2, 0x22, 0x33, 0x33, 0x33, 0x20,
  0x33, 0x3e, 0xe2, 0x23, 0x33, 0x33, 0x33, 0x20, 0x33, 0x3e, 0xa2, 0x23,
  0x33, 0x33, 0x33, 0x20, 0x33, 0x3e, 0xb2, 0x33, 0x33, 0x33, 0x33, 0x30,
  0x33, 0x3f, 0xb3, 0x33, 0x11, 0x11, 0x11, 0x30, 0x33, 0xfb, 0x31, 0x11,
  0x11, 0x11, 0x11, 0x30, 0x3f, 0xfb, 0x31, 0x11, 0x11, 0x11, 0x11, 0x10,
  0x3f, 0xbb, 0x91, 0x11, 0x11, 0x11, 0x11, 0x10, 0xbf, 0xb9, 0x91, 0x11,
  0x11, 0x11, 0x11, 0x10, 0xf9, 0x99, 0x99, 0x91, 0x11, 0x11, 0x11, 0x10,
  0xb9, 0x99, 0x99, 0x91, 0x11, 0x11, 0x11, 0x10, 0x99, 0x99, 0x99, 0x99,
  0x11, 0x11, 0x11, 0x10, 0x99, 0x99, 0x99, 0x99, 0x11, 0x11, 0x11, 0x10,
  0x99, 0x99, 0x99, 0x99, 0x91, 0x11, 0x11, 0x10, 0x99, 0x99, 0x99, 0x88,
  0x80, 0x00, 0x11, 0x10, 0x99, 0x88, 0x98, 0x88, 0x88, 0x00, 0x01, 0x10,
  0x99, 0x88, 0x88, 0x88, 0x88, 0x80, 0x09, 0x90, 0x98, 0x88, 0x88, 0x88,
  0x88, 0x88, 0x88, 0x90, 0x88, 0x88, 0x88, 0x88, 0x88, 0x88, 0x88, 0x80,
  0x88, 0x88, 0x88, 0x88, 0x88, 0x88, 0x88, 0x80, 0x88, 0x88, 0x88, 0x88,
  0x88, 0x88, 0x88, 0x80, 0x88, 0x88, 0x88, 0x88, 0x88, 0x88, 0x88, 0x80,
  0x88, 0x88, 0x88, 0x88, 0x88, 0x88, 0x88, 0x80, 0x88, 0x88, 0x88, 0x88,
  0x88, 0x88, 0x88, 0x00, 0x88, 0x88, 0x88, 0x88, 0x88, 0x88, 0x80, 0x00,
  0x88, 0x88, 0x88, 0x88, 0x88, 0x88, 0x00, 0x00, 0x88, 0x88, 0x88, 0x88,
  0x88, 0x80, 0x00, 0x00, 0x88, 0x88, 0x88, 0x88, 0x88, 0x80, 0x00, 0x00,
  0x88, 0x88, 0x88, 0x88, 0x88, 0x00, 0x00, 0x00, 0x88, 0x88, 0x88, 0x88,
  0x00, 0x00, 0x00, 0x00, 0x88, 0x88, 0x88, 0x80, 0x00, 0x00, 0x00, 0x00,
  0x88, 0x88, 0x88, 0x00, 0x00, 0x00, 0x00, 0x00, 0x88, 0x88, 0x80, 0x00,
  0x00, 0x00, 0x00, 0x00, 0x88, 0x00, 0x00, 0x00, 0x00, 0x00, 0x00, 0x00,
  0x80, 0x00, 0x00, 0x00, 0x00, 0x00, 0x00, 0x00, 0x00, 0x00, 0x00, 0x00,
  0x00, 0x00, 0x00, 0x00, 0x44, 0x44, 0x40, 0x00, 0x00, 0x00, 0x00, 0x00,
  0x44, 0x44, 0x00, 0x00, 0x00, 0x00, 0x00, 0x00, 0x44, 0x44, 0x00, 0x00,
  0x00, 0x00, 0x00, 0x00, 0x44, 0x44, 0x00, 0x00, 0x00, 0x00, 0x00, 0x00,
  0x44, 0x40, 0x00, 0x00, 0x00, 0x00, 0x00, 0x00, 0x44, 0x00, 0x00, 0x00,
  0x00, 0x00, 0x00, 0x00, 0x44, 0x00, 0x00, 0x00, 0x00, 0x00, 0x00, 0x00,
  0x40, 0x00, 0x00, 0x00, 0x00, 0x00, 0x00, 0x00, 0x40, 0x00, 0x00, 0x00,
  0x00, 0x00, 0x00, 0x00, 0x00, 0x00, 0x00, 0x00, 0x00, 0x00, 0x00, 0x00,
  0x00, 0x00, 0x00, 0x00, 0x00, 0x00, 0x00, 0x00, 0x00, 0x00, 0x00, 0x00,
  0x00, 0x00, 0x00, 0x00, 0x00, 0x00, 0x00, 0x00, 0x00, 0x00, 0x00, 0x00,
  0x00, 0x00, 0x00, 0x00, 0x00, 0x00, 0x00, 0x00, 0x00, 0x00, 0x00, 0x00,
  0x00, 0x00, 0x00, 0x00, 0x00, 0x00, 0x00, 0x00, 0x00, 0x00, 0x00, 0x00,
  0x00, 0x00, 0x00, 0x00, 0x00, 0x00, 0x00, 0x00, 0x00, 0x00, 0x00, 0x00,
  0x00, 0x00, 0x00, 0x00, 0x00, 0x00, 0x00, 0x00, 0x00, 0x00, 0x00, 0x00,
  0x00, 0x00, 0x00, 0x00, 0x00, 0x00, 0x00, 0x00, 0x00, 0x00, 0x00, 0x00,
  0x00, 0x00, 0x00, 0x00, 0x00, 0x00, 0x00, 0x00, 0x00, 0x00, 0x00, 0x00,
  0x00, 0x00, 0x00, 0x00, 0x00, 0x00, 0x00, 0x00, 0x00, 0x00, 0x00, 0x00,
  0x00, 0x00, 0x00, 0x00, 0x00, 0x00, 0x00, 0x00, 0x00, 0x00, 0x00, 0x00,
  0x00, 0x00, 0x00, 0x00, 0x00, 0x00, 0x00, 0x00, 0x00, 0x00, 0x00, 0x00,
  0x00, 0x00, 0x00, 0x00, 0x00, 0x00, 0x00, 0x00, 0x00, 0x00, 0x00, 0x00,
  0x00, 0x00, 0x00, 0x00, 0x00, 0x00, 0x00, 0x00, 0x00, 0x00, 0x00, 0x00,
  0x00, 0x00, 0x00, 0x00, 0x00, 0x00, 0x00, 0x00, 0x00, 0x00, 0x00, 0x00,
  0x00, 0x00, 0x00, 0x00, 0x00, 0x00, 0x00, 0x00, 0x00, 0x00, 0x00, 0x00,
  0x00, 0x00, 0x00, 0x00, 0x00, 0x00, 0x00, 0x00, 0x00, 0x00, 0x00, 0x00,
  0x00, 0x00, 0x00, 0x00, 0x00, 0x00, 0x00, 0x00, 0x00, 0x00, 0x00, 0x00,
  0x00, 0x00, 0x00, 0x00, 0x00, 0x00, 0x00, 0x00, 0x00, 0x00, 0x00, 0x00,
  0x00, 0x00, 0x00, 0x00, 0x00, 0x00, 0x00, 0x00, 0x00, 0x00, 0x00, 0x00,
  0x00, 0x00, 0x00, 0x00, 0x00, 0x00, 0x00, 0x00, 0x00, 0x00, 0x00, 0x00,
  0x00, 0x00, 0x00, 0x00, 0x00, 0x00, 0x00, 0x00, 0x00, 0x00, 0x00, 0x00,
  0x00, 0x00, 0x00, 0x00, 0x00, 0x00, 0x00, 0x00, 0x00, 0x00, 0x00, 0x00,
  0x00, 0x00, 0x00, 0x00, 0x00, 0x00, 0x00, 0x00, 0x00, 0x00, 0x00, 0x00,
  0x00, 0x00, 0x00, 0x00, 0x00, 0x00, 0x00, 0x00, 0x00, 0x00, 0x00, 0x00,
  0x00, 0x00, 0x00, 0x00, 0x00, 0x00, 0x00, 0x00, 0x00, 0x00, 0x00, 0x00,
  0x00, 0x00, 0x00, 0x00, 0x00, 0x00, 0x00, 0x00, 0x00, 0x00, 0x00, 0x00,
  0x00, 0x00, 0x00, 0x00, 0x00, 0x00, 0x00, 0x00, 0x00, 0x00, 0x00, 0x00,
  0x00, 0x00, 0x00, 0x00, 0x00, 0x00, 0x00, 0x00, 0x00, 0x00, 0x00, 0x00,
  0x00, 0x00, 0x00, 0x00, 0x00, 0x00, 0x00, 0x00, 0x00, 0x00, 0x00, 0x00,
  0x66, 0x60, 0x00, 0x00, 0x00, 0x00, 0x00, 0x06, 0x66, 0x66, 0x00, 0x00,
  0x00, 0x00, 0x00, 0x06, 0x66, 0x66, 0x00, 0x00, 0x00, 0x00, 0x00, 0x06,
  0x66, 0x66, 0x60, 0x00, 0x00, 0x00, 0x00, 0x06, 0x66, 0x66, 0x66, 0x00,
  0x00, 0x00, 0x00, 0x06, 0x66, 0x66, 0x06, 0x00, 0x00, 0x00, 0x00, 0x00,
  0x66, 0x66, 0x00, 0x00, 0x00, 0x00, 0x00, 0x00, 0x66, 0x66, 0x60, 0x00,
  0x00, 0x00, 0x00, 0x00, 0x06, 0x66, 0x60, 0x00, 0x00, 0x00, 0x00, 0x00,
  0x06, 0x60, 0x60, 0x00, 0x00, 0x00, 0x00, 0x00, 0x06, 0x60, 0x66, 0x00,
  0x00, 0x00, 0x00, 0x00, 0x00, 0x60, 0x06, 0x00, 0x00, 0x00, 0x00, 0x00,
  0x00, 0x40, 0x00, 0x60, 0x00, 0x00, 0x00, 0x00, 0x00, 0x60, 0x00, 0x60,
  0x00, 0x00, 0x00, 0x00, 0x00, 0x20, 0x00, 0x00, 0x00, 0x00, 0x00, 0x00,
  0x00, 0x00, 0x00, 0x00, 0x00, 0x00, 0x00, 0x00, 0x00, 0x00, 0x60, 0x00,
  0x00, 0x00, 0x00, 0x00, 0x00, 0x00, 0x00, 0x00, 0x00, 0x00, 0x00, 0x00,
  0x00, 0x00, 0x00, 0x00, 0x00, 0x00, 0x00, 0x00, 0x00, 0x00, 0x66, 0x00,
  0x00, 0x00, 0x00, 0x00, 0x00, 0x00, 0x66, 0x60, 0x00, 0x00, 0x00, 0x00,
  0x00, 0x00, 0x60, 0x60, 0x00, 0x00, 0x00, 0x00, 0x00, 0x00, 0x60, 0x60,
  0x00, 0x00, 0x00, 0x00, 0x00, 0x00, 0x64, 0x00, 0x00, 0x00, 0x00, 0x00,
  0x00, 0x00, 0x60, 0x00, 0x00, 0x00, 0x00, 0x00, 0x00, 0x00, 0x60, 0x00,
  0x00, 0x00, 0x00, 0x00, 0x00, 0x00, 0x00, 0x00, 0x00, 0x00, 0x00, 0x00,
  0x00, 0x00, 0x00, 0x00, 0x00, 0x00, 0x00, 0x00, 0x00, 0x00, 0x00, 0x00,
  0x00, 0x00, 0x00, 0x00, 0x00, 0x00, 0x00, 0x00, 0x00, 0x00, 0x00, 0x00,
  0x00, 0x00, 0x00, 0x60, 0x00, 0x00, 0x00, 0x00, 0x00, 0x00, 0x00, 0x60,
  0x00, 0x00, 0x00, 0x00, 0x00, 0x00, 0x00, 0x60, 0x00, 0x00, 0x00, 0x00,
  0x00, 0x00, 0x00, 0x60, 0x00, 0x00, 0x00, 0x00, 0x00, 0x00, 0x06, 0x60,
  0x00, 0x00, 0x00, 0x00, 0x00, 0x00, 0x06, 0x60, 0x00, 0x00, 0x00, 0x00,
  0x00, 0x00, 0x06, 0x60, 0x00, 0x00, 0x00, 0x00, 0x00, 0x00, 0x06, 0x00,
  0x00, 0x00, 0x00, 0x00, 0x00, 0x00, 0x06, 0x00, 0x00, 0x00, 0x00, 0x00,
  0x00, 0x00, 0x00, 0x00, 0x00, 0x00, 0x00, 0x00, 0x00, 0x00, 0x00, 0x00,
  0x00, 0x00, 0x00, 0x00, 0x00, 0x00, 0x00, 0x00, 0x00, 0x00, 0x00, 0x00,
  0x00, 0x00, 0x00, 0x00, 0x00, 0x00, 0x00, 0x00, 0x00, 0x00, 0x00, 0x00,
  0x00, 0x00, 0x00, 0x00, 0x00, 0x00, 0x00, 0x00, 0x00, 0x00, 0x00, 0x00,
  0x00, 0x00, 0x00, 0x00, 0x00, 0x00, 0x00, 0x00, 0x00, 0x00, 0x00, 0x00,
  0x00, 0x00, 0x00, 0x00, 0x00, 0x00, 0x00, 0x00, 0x00, 0x00, 0x00, 0x00,
  0x00, 0x00, 0x00, 0x00, 0x00, 0x00, 0x00, 0x00, 0x00, 0x00, 0x00, 0x60,
  0x00, 0x00, 0x00, 0x00, 0x00, 0x00, 0x00, 0x60, 0x00, 0x00, 0x00, 0x00,
  0x00, 0x00, 0x00, 0x60, 0x00, 0x00, 0x00, 0x00, 0x00, 0x00, 0x00, 0x60,
  0x00, 0x00, 0x00, 0x00, 0x00, 0x00, 0x00, 0x60, 0x00, 0x00, 0x00, 0x00,
  0x00, 0x00, 0x00, 0x60, 0x00, 0x00, 0x00, 0x00, 0x00, 0x00, 0x00, 0x60,
  0x00, 0x00, 0x00, 0x00, 0x00, 0x00, 0x00, 0x60, 0x00, 0x00, 0x00, 0x00,
  0x00, 0x00, 0x00, 0x60, 0x00, 0x00, 0x00, 0x00, 0x00, 0x00, 0x00, 0x60,
  0x00, 0x00, 0x00, 0x00, 0x00, 0x00, 0x02, 0x60, 0x00, 0x00, 0x00, 0x00,
  0x00, 0x00, 0x06, 0x60, 0x00, 0x00, 0x00, 0x00, 0x00, 0x00, 0x06, 0x60,
  0x00, 0x00, 0x00, 0x00, 0x00, 0x00, 0x06, 0x60, 0x00, 0x00, 0x00, 0x00,
  0x00, 0x00, 0x06, 0x60, 0x00, 0x00, 0x00, 0x00, 0x00, 0x00, 0x06, 0x60,
  0x00, 0x00, 0x00, 0x00, 0x00, 0x00, 0x06, 0x60, 0x00, 0x00, 0x00, 0x00,
  0x00, 0x00, 0x06, 0x60, 0x00, 0x00, 0x00, 0x00, 0x00, 0x00, 0x06, 0x60,
  0x00, 0x00, 0x00, 0x00, 0x00, 0x00, 0x06, 0x60, 0x00, 0x00, 0x00, 0x00,
  0x00, 0x00, 0x06, 0x60, 0x00, 0x00, 0x00, 0x00, 0x00, 0x00, 0x06, 0x60,
  0x00, 0x00, 0x00, 0x00, 0x00, 0x00, 0x06, 0x60, 0x00, 0x00, 0x00, 0x00,
  0x00, 0x00, 0x06, 0x60, 0x00, 0x00, 0x00, 0x00, 0x00, 0x00, 0x06, 0x60,
  0x00, 0x00, 0x00, 0x00, 0x00, 0x00, 0x06, 0x60, 0x00, 0x00, 0x00, 0x00,
  0x00, 0x00, 0x06, 0x60, 0x00, 0x00, 0x00, 0x00, 0x00, 0x04, 0x06, 0x60,
  0x00, 0x00, 0x00, 0x00, 0x00, 0x04, 0x06, 0x60, 0x00, 0x00, 0x00, 0x00,
  0x00, 0x04, 0x06, 0x60, 0x00, 0x00, 0x00, 0x00, 0x00, 0x04, 0x06, 0x60,
  0x00, 0x00, 0x00, 0x00, 0x00, 0x06, 0x06, 0x60, 0x00, 0x00, 0x00, 0x00,
  0x00, 0x06, 0x06, 0x60, 0x00, 0x00, 0x00, 0x00, 0x00, 0x06, 0x06, 0x60,
  0x00, 0x00, 0x00, 0x00, 0x00, 0x46, 0x06, 0x60, 0x00, 0x00, 0x00, 0x00,
  0x00, 0x46, 0x46, 0x60, 0x00, 0x00, 0x00, 0x00, 0x00, 0x46, 0x46, 0x60,
  0x00, 0x00, 0x00, 0x00, 0x00, 0x66, 0x44, 0x60, 0x00, 0x00, 0x00, 0x00,
  0x00, 0x66, 0x44, 0x60, 0x00, 0x00, 0x00, 0x00, 0x00, 0x66, 0x44, 0x60,
  0x00, 0x00, 0x00, 0x00, 0x00, 0x66, 0x44, 0x60, 0x00, 0x00, 0x00, 0x00,
  0x00, 0x66, 0x44, 0x60, 0x00, 0x00, 0x00, 0x00, 0x00, 0x66, 0x44, 0x60,
  0x00, 0x00, 0x00, 0x00, 0x00, 0x66, 0x44, 0x60, 0x00, 0x00, 0x00, 0x00,
  0x04, 0x66, 0x44, 0x60, 0x00, 0x00, 0x40, 0x00, 0x44, 0x66, 0x44, 0x60,
  0x00, 0x00, 0x40, 0x04, 0x44, 0x66, 0x44, 0x60, 0x00, 0x00, 0x44, 0x04,
  0x44, 0x66, 0x44, 0x60, 0x00, 0x00, 0x44, 0x04, 0x44, 0x66, 0x44, 0x60,
  0x00, 0x00, 0x44, 0x04, 0x44, 0x66, 0x44, 0x60, 0x00, 0x00, 0x44, 0x04,
  0x44, 0x66, 0x44, 0x60, 0x00, 0x00, 0x44, 0x04, 0x44, 0x66, 0x44, 0x60,
  0x00, 0x00, 0x44, 0x04, 0x44, 0x66, 0x44, 0x60, 0x00, 0x00, 0x44, 0x04,
  0x44, 0x66, 0x44, 0x60, 0x00, 0x00, 0x44, 0x04, 0x44, 0x66, 0x44, 0x60,
  0x00, 0x00, 0x44, 0x44, 0x44, 0x66, 0x44, 0x40, 0x00, 0x00, 0x44, 0x44,
  0x44, 0x66, 0x44, 0x40, 0x00, 0x00, 0x44, 0x44, 0x44, 0x66, 0x44, 0x40,
  0x00, 0x00, 0x44, 0x44, 0x44, 0x66, 0x44, 0x40, 0x00, 0x00, 0x44, 0x44,
  0x44, 0x46, 0x44, 0x40, 0x00, 0x00, 0x44, 0x44, 0x44, 0x46, 0x44, 0x40,
  0x00, 0x00, 0x44, 0x44, 0x44, 0x46, 0x64, 0x40, 0x00, 0x00, 0x44, 0x44,
  0x44, 0x46, 0x64, 0x40, 0x00, 0x00, 0x44, 0x44, 0x44, 0x46, 0x64, 0x40,
  0x00, 0x00, 0x44, 0x44, 0x44, 0x46, 0x64, 0x40, 0x00, 0x00, 0x44, 0x44,
  0x44, 0x46, 0x66, 0x40, 0x00, 0x00, 0x44, 0x44, 0x44, 0x46, 0x66, 0x40,
  0x00, 0x00, 0x44, 0x44, 0x46, 0x66, 0x66, 0x60, 0x00, 0x00, 0x44, 0x44,
  0x46, 0x66, 0x66, 0x60, 0x00, 0x00, 0x44, 0x44, 0x46, 0x66, 0x66, 0x60,
  0x00, 0x00, 0x44, 0x44, 0x66, 0x66, 0x66, 0x60, 0x00, 0x00, 0x44, 0x44,
  0x66, 0x66, 0x66, 0x60, 0x00, 0x04, 0x44, 0x44, 0x66, 0x66, 0x66, 0x60,
  0x00, 0x04, 0x44, 0x44, 0x66, 0x66, 0x66, 0x60, 0x00, 0x04, 0x44, 0x44,
  0x66, 0x66, 0x66, 0x60, 0x00, 0x00, 0x66, 0x46, 0x22, 0x66, 0x66, 0x60,
  0x00, 0x02, 0x62, 0x22, 0x22, 0x26, 0x66, 0x60, 0x00, 0x02, 0x22, 0x22,
  0x22, 0x26, 0x66, 0x60, 0x00, 0x02, 0x22, 0x22, 0x22, 0x22, 0x66, 0x60,
  0x00, 0x02, 0x22, 0x22, 0x22, 0x22, 0x32, 0x20, 0x00, 0x02, 0x22, 0x22,
  0x22, 0x23, 0x33, 0x30, 0x00, 0x02, 0x22, 0x22, 0x33, 0x33, 0x33, 0x30,
  0x00, 0x02, 0x22, 0x22, 0x33, 0x33, 0x33, 0x30, 0x00, 0x13, 0x31, 0x33,
  0x33, 0x33, 0x33, 0x30, 0x00, 0x11, 0x11, 0x13, 0x33, 0x33, 0x33, 0x30,
  0x00, 0x11, 0x11, 0x11, 0x33, 0x33, 0x33, 0x30, 0x00, 0x11, 0x11, 0x11,
  0x13, 0x33, 0x33, 0x30, 0x00, 0x00, 0x00, 0x00, 0x45, 0x33, 0x33, 0x30,
  0x00, 0x00, 0x00, 0x04, 0x45, 0x77, 0x77, 0x60, 0x00, 0x00, 0x00, 0x06,
  0x64, 0x57, 0x77, 0x60, 0x00, 0x00, 0x00, 0x06, 0x66, 0x66, 0x76, 0x60,
  0x00, 0x00, 0x60, 0x06, 0x66, 0x66, 0x66, 0x60, 0x60, 0x06, 0x60, 0x06,
  0x66, 0x66, 0x66, 0x60, 0x60, 0x06, 0x60, 0x06, 0x66, 0x66, 0x66, 0x60,
  0x60, 0x66, 0x60, 0x66, 0x66, 0x66, 0x66, 0x60, 0x60, 0x66, 0x60, 0x66,
  0x66, 0x66, 0x66, 0x60, 0x44, 0x66, 0x60, 0x66, 0x66, 0x66, 0x66, 0x60,
  0x46, 0x66, 0x64, 0x66, 0x66, 0x66, 0x66, 0x60, 0x46, 0x66, 0x64, 0x66,
  0x66, 0x66, 0x66, 0x60, 0x46, 0x66, 0x66, 0x66, 0x66, 0x66, 0x66, 0x60,
  0x46, 0x66, 0x66, 0x66, 0x66, 0x66, 0x66, 0x60, 0x66, 0x66, 0x66, 0x66,
  0x66, 0x66, 0x66, 0x60, 0x66, 0x66, 0x46, 0x66, 0x66, 0x66, 0x66, 0x60,
  0x66, 0x66, 0x46, 0x66, 0x66, 0x66, 0x66, 0x60, 0xff, 0xff, 0xc6, 0xff,
  0x66, 0x66, 0x66, 0x60, 0xff, 0xff, 0xdf, 0xff, 0xff, 0xff, 0xff, 0xf0,
  0xff, 0xfd, 0xdf, 0xdf, 0xff, 0xff, 0xff, 0xf0, 0xff, 0xdd, 0xdf, 0xdf,
  0xff, 0xff, 0xff, 0xf0, 0xff, 0xdd, 0xdd, 0xdf, 0xff, 0xff, 0xff, 0xf0,
  0xff, 0xdd, 0xdd, 0xdd, 0xff, 0xff, 0xff, 0xf0, 0xff, 0xdd, 0xdd, 0xdd,
  0xdf, 0xff, 0xff, 0xf0, 0xff, 0xdd, 0xdd, 0xd9, 0xdf, 0xff, 0xff, 0xf0,
  0xfd, 0xdd, 0xdd, 0xd9, 0x9f, 0xff, 0xff, 0xf0, 0xfd, 0xdd, 0xdd, 0xdd,
  0x9f, 0xff, 0xff, 0xf0, 0xfd, 0xdd, 0xdd, 0xdd, 0x9f, 0xff, 0xff, 0xf0,
  0xdd, 0xdd, 0xdd, 0xdd, 0x9f, 0xff, 0xff, 0xf0, 0xdd, 0xdd, 0xdd, 0xdd,
  0x9d, 0xff, 0xff, 0xf0, 0xdd, 0xdd, 0xdd, 0xdd, 0xdd, 0xff, 0xff, 0xf0,
  0xdd, 0xdd, 0xdd, 0xdd, 0xdd, 0xff, 0xff, 0xf0, 0xdd, 0xdd, 0xdd, 0xdd,
  0xdd, 0xff, 0xff, 0xf0, 0xdd, 0xdd, 0xdd, 0xdd, 0xdd, 0xff, 0xff, 0xf0,
  0xdd, 0xdd, 0xdd, 0xdd, 0xdd, 0xff, 0xff, 0xf0, 0xdd, 0xdd, 0xdd, 0xdd,
  0xdd, 0xff, 0xff, 0xf0, 0xdd, 0xdd, 0xdd, 0xdc, 0xdd, 0xff, 0xff, 0xf0,
  0xdd, 0xdd, 0xdd, 0xdc, 0xcd, 0xff, 0xff, 0xf0, 0xdd, 0xdd, 0xdd, 0xdc,
  0xcd, 0xff, 0xff, 0xf0, 0xdd, 0xdd, 0xdd, 0xdc, 0xcf, 0xff, 0xff, 0xf0,
  0xdd, 0xdd, 0xdd, 0xdc, 0xdf, 0xff, 0xff, 0xf0, 0xdd, 0xdd, 0xdd, 0xdc,
  0xdf, 0xff, 0xff, 0xf0, 0xdd, 0xdd, 0xdd, 0xdd, 0xdf, 0xff, 0xff, 0xf0,
  0xdd, 0xdd, 0xdd, 0xd9, 0x9f, 0xff, 0xff, 0xf0, 0x99, 0x99, 0x99, 0x99,
  0xbf, 0xff, 0xff, 0xf0, 0x9b, 0xb9, 0x99, 0x99, 0xbf, 0xff, 0xff, 0xf0,
  0xbb, 0xbb, 0xbb, 0x99, 0xbf, 0xff, 0xff, 0xf0, 0xbb, 0xbb, 0xbb, 0x9b,
  0xbe, 0xee, 0xee, 0xe0, 0xaa, 0xaa, 0xaa, 0xaa, 0xee, 0xee, 0xee, 0xe0,
  0xaa, 0xaa, 0xaa, 0xaa, 0xee, 0xee, 0xee, 0xe0, 0xaa, 0xaa, 0xaa, 0xaa,
  0xee, 0xee, 0xee, 0xe0, 0xaa, 0xaa, 0xaa, 0xaa, 0xee, 0xee, 0xee, 0xe0,
  0xee, 0xea, 0xaa, 0x2e, 0xee, 0xee, 0xee, 0xe0, 0xee, 0xee, 0xa2, 0x2e,
  0xee, 0xee, 0xee, 0xe0, 0xee, 0xee, 0x66, 0x6e, 0xee, 0xee, 0xee, 0xe0,
  0xee, 0xe6, 0x66, 0x6e, 0xee, 0xee, 0xee, 0xe0, 0xee, 0x66, 0xe6, 0x6e,
  0xee, 0xee, 0xee, 0xe0, 0xee, 0x66, 0xe6, 0xee, 0xee, 0xee, 0xee, 0xe0,
  0xee, 0x66, 0xe6, 0xee, 0xee, 0xee, 0xef, 0xf0, 0xee, 0x66, 0xe6, 0xee,
  0xee, 0xee, 0xef, 0xf0, 0xee, 0x66, 0xe6, 0xec, 0xcc, 0xcc, 0xdd, 0xd0,
  0xcc, 0x44, 0xc4, 0xcc, 0xcc, 0xcc, 0xdd, 0xd0, 0x4c, 0xc4, 0xc4, 0xcc,
  0xcc, 0xcd, 0xdd, 0xc0, 0x4c, 0xc4, 0xc4, 0xcc, 0xcc, 0xcd, 0xdd, 0xc0,
  0x4c, 0xc4, 0xc4, 0xcc, 0xcc, 0xcd, 0xdc, 0xc0, 0x4c, 0xc4, 0xc4, 0xcc,
  0xcc, 0xcd, 0xdc, 0xc0, 0x4c, 0xc4, 0xcc, 0xcc, 0xcc, 0xcd, 0xdc, 0xc0,
  0x4c, 0xc4, 0xcc, 0xcc, 0xcc, 0xcd, 0xdc, 0xc0, 0x4c, 0xcc, 0xcc, 0xcc,
  0xcc, 0xcd, 0xdc, 0xc0, 0x4c, 0xcc, 0xcc, 0xcc, 0xcc, 0xcd, 0xdc, 0xc0,
  0x4c, 0xcc, 0xcc, 0xcc, 0xcc, 0xcd, 0xdc, 0xc0, 0x4c, 0xcc, 0xcc, 0xcc,
  0xcc, 0xcd, 0xdc, 0xc0, 0x4c, 0xcc, 0xcc, 0xcc, 0xcc, 0xcd, 0xdc, 0xc0,
  0xcc, 0xcc, 0xcc, 0xcc, 0xcc, 0xcd, 0xcc, 0xc0, 0xcc, 0xcc, 0xcc, 0xcc,
  0xcc, 0xcd, 0xcc, 0xc0, 0xcc, 0xcc, 0xcc, 0xcc, 0xcc, 0xcd, 0xcc, 0xc0,
  0xcc, 0xcc, 0xcc, 0xcc, 0xcc, 0xcd, 0xcc, 0xc0, 0xcc, 0xcc, 0xcc, 0xcc,
  0xcc, 0xcd, 0xcc, 0xc0, 0xcc, 0xcc, 0xcc, 0xcc, 0xcc, 0xcd, 0xcc, 0xc0,
  0xcc, 0xcc, 0xcc, 0xcc, 0xcc, 0xcd, 0xcc, 0xc0, 0xcc, 0xcc, 0xcc, 0xcc,
  0xcc, 0xcd, 0xcc, 0xc0, 0xcc, 0xcc, 0xcc, 0xcc, 0xcc, 0xcd, 0xcc, 0xc0,
  0xcc, 0xcc, 0xcc, 0xcc, 0xcc, 0xcd, 0xcc, 0xc0, 0xcc, 0xcc, 0xcc, 0xcc,
  0xcc, 0xcd, 0xcc, 0xc0, 0xcc, 0xcc, 0xcc, 0xcc, 0xcc, 0xcd, 0xcc, 0xc0,
  0xcc, 0xcc, 0xcc, 0xcc, 0xcc, 0xcd, 0xcc, 0xc0, 0xcc, 0xcc, 0xcc, 0xcc,
  0xcc, 0xcd, 0xcc, 0xc0, 0xcc, 0xcc, 0xcc, 0xcc, 0xcc, 0xcd, 0xcc, 0xc0,
  0xcc, 0xcc, 0xcc, 0xcc, 0xcc, 0xcd, 0xcc, 0xc0, 0xcc, 0xcc, 0xcc, 0xcc,
  0xcc, 0xcd, 0xcc, 0xc0, 0xcc, 0xcc, 0xcc, 0xcc, 0xcc, 0xcd, 0xcc, 0xc0,
  0xcc, 0xcc, 0xcc, 0xcc, 0xcc, 0xcd, 0xcc, 0xc0, 0xcc, 0xcc, 0xcc, 0xcc,
  0xcc, 0xcd, 0xcc, 0xc0, 0xcc, 0xcc, 0xcc, 0xcc, 0xcc, 0xcd, 0xcc, 0xc0,
  0x4c, 0xcc, 0xcc, 0xcc, 0xcc, 0xcd, 0xcc, 0xc0, 0x4c, 0xcc, 0xcc, 0xcc,
  0xcc, 0xcd, 0xcc, 0xc0, 0x44, 0xcc, 0xcc, 0xcc, 0xcc, 0xcd, 0xcc, 0xc0,
  0x44, 0xcc, 0xcc, 0xcc, 0xcc, 0xcd, 0xcc, 0xc0, 0x44, 0xcc, 0xcc, 0xcc,
  0xcc, 0xcd, 0xcc, 0xc0, 0x44, 0xcc, 0xcc, 0xcc, 0xcc, 0xcd, 0xcc, 0xc0,
  0x44, 0xcc, 0xcc, 0xcc, 0xcc, 0xcd, 0xcc, 0xc0, 0x44, 0xcc, 0xcc, 0xcc,
  0xcc, 0xcd, 0xcc, 0xc0, 0x44, 0xcc, 0xcc, 0xcc, 0xcc, 0xcd, 0xcc, 0xc0,
  0x44, 0xcc, 0xcc, 0xcc, 0xcc, 0xdd, 0xcc, 0xc0, 0x44, 0xcc, 0xcc, 0xcc,
  0xcc, 0xdd, 0xcc, 0xc0, 0x44, 0xcc, 0xcc, 0xcc, 0xcc, 0xdd, 0xcc, 0xc0,
  0x44, 0xcc, 0xcc, 0xcc, 0xcc, 0xdd, 0xcc, 0xc0, 0x44, 0xcc, 0xcc, 0xcc,
  0xcc, 0xdd, 0xcc, 0xc0, 0x4c, 0xcc, 0xc4, 0xcc, 0xcc, 0xcd, 0xcc, 0xc0,
  0x4c, 0xcc, 0xc4, 0xcc, 0xcc, 0xcd, 0xcc, 0xc0, 0x4c, 0xcc, 0xc4, 0xcc,
  0xcc, 0xcd, 0xcc, 0xc0, 0x4c, 0xcc, 0xc4, 0xcc, 0xcc, 0xcd, 0xcc, 0xc0,
  0x4c, 0xcc, 0xc4, 0xcc, 0xcc, 0xcd, 0xcc, 0xc0, 0x4c, 0xcc, 0xc4, 0xcc,
  0xcc, 0xcd, 0xcc, 0xc0, 0x4c, 0xcc, 0x44, 0x4c, 0xcc, 0xcd, 0xcc, 0xc0,
  0x4c, 0xcc, 0x44, 0x4c, 0xcc, 0xcd, 0xdc, 0xc0, 0xcc, 0xcc, 0x44, 0x4c,
  0xcc, 0xcd, 0xdc, 0xc0, 0xcc, 0xcc, 0x44, 0x4c, 0xcc, 0xcd, 0xdc, 0xc0,
  0xcc, 0xcc, 0x44, 0x4c, 0xcc, 0xcd, 0xdc, 0xc0, 0xcc, 0xcc, 0x44, 0x4c,
  0xcc, 0xcd, 0xdc, 0xc0, 0xcc, 0xcc, 0x44, 0x4c, 0xcc, 0xcd, 0xdc, 0xc0,
  0xcc, 0xcc, 0x44, 0x4c, 0xcc, 0xcd, 0xdc, 0xc0, 0xcc, 0xcc, 0x44, 0xcc,
  0xcc, 0xcd, 0xdc, 0xc0, 0xcc, 0xcc, 0x4c, 0xcc, 0xcc, 0xcd, 0xdc, 0xc0,
  0xcc, 0xc4, 0x4c, 0xcc, 0xcc, 0xcd, 0xdc, 0xc0, 0xcc, 0xc4, 0xcc, 0xcc,
  0xcc, 0xcd, 0xdd, 0xc0, 0xcc, 0xc4, 0xcc, 0xcc, 0xcc, 0xcd, 0xdd, 0xc0,
  0xcc, 0xc4, 0xcc, 0xcc, 0xcc, 0xcd, 0xdd, 0xc0, 0xcc, 0x44, 0xcc, 0xcc,
  0xcc, 0xcd, 0xdd, 0xd0, 0xcc, 0x44, 0xcc, 0xcc, 0xcc, 0xcd, 0xdd, 0xd0,
  0xc4, 0x44, 0xcc, 0xcc, 0xcc, 0xcd, 0xdd, 0xd0, 0xc6, 0x44, 0xcc, 0xcc,
  0xcc, 0xcd, 0xcd, 0x90, 0x62, 0x66, 0xcc, 0xcc, 0xcc, 0xc9, 0x99, 0x90,
  0x62, 0x26, 0xec, 0xcc, 0xcc, 0x89, 0x99, 0x90, 0x22, 0x26, 0xec, 0xcc,
  0xcc, 0x89, 0x99, 0x90, 0x22, 0x64, 0xee, 0xcc, 0xc8, 0x8b, 0xbb, 0x90,
  0x00, 0x66, 0xce, 0xec, 0xcc, 0xdd, 0xfb, 0xb0, 0x10, 0x66, 0xce, 0xec,
  0x8c, 0xd9, 0xff, 0x30, 0x11, 0x06, 0xec, 0xcc, 0xcc, 0x99, 0xf7, 0x70,
  0x31, 0x12, 0xee, 0xcc, 0xcc, 0x9b, 0xf7, 0x70, 0x31, 0x19, 0x8c, 0xec,
  0xc8, 0xee, 0xf7, 0x70, 0x31, 0x99, 0x8c, 0xcc, 0xcc, 0xee, 0xf7, 0x70,
  0xb9, 0x99, 0x8c, 0xcc, 0xcc, 0xee, 0xef, 0x70, 0x99, 0x99, 0x8c, 0xcc,
  0xcc, 0xce, 0xee, 0xf0, 0x99, 0x99, 0x98, 0xcc, 0xcc, 0xce, 0xee, 0x70,
  0x99, 0x99, 0x98, 0xcc, 0xcc, 0xce, 0xee, 0x60, 0x99, 0x99, 0x9c, 0xcc,
  0xcc, 0xce, 0xe6, 0x60, 0x99, 0x99, 0x9c, 0xcc, 0xcc, 0xce, 0xe6, 0x60,
  0x99, 0x99, 0x9c, 0xcc, 0xcc, 0xce, 0x66, 0x60, 0x99, 0x99, 0xcc, 0xcc,
  0xcc, 0xcc, 0x66, 0x60, 0x99, 0x99, 0xcc, 0xce, 0xcc, 0xcc, 0x66, 0x60,
  0x99, 0x99, 0xcc, 0xce, 0xcc, 0xcc, 0x66, 0x60, 0x99, 0x9d, 0xcc, 0xcc,
  0xcc, 0xc4, 0x46, 0x60, 0x99, 0xdd, 0xcc, 0xcc, 0xcc, 0xcc, 0x46, 0x60,
  0x99, 0xdc, 0xcc, 0xcc, 0xcc, 0xcc, 0x44, 0x60, 0x9d, 0xdc, 0xcc, 0xcc,
  0xcc, 0xcc, 0xc4, 0x60, 0xdd, 0xcc, 0xcc, 0xcc, 0xcc, 0xcc, 0xc4, 0x40,
  0xdd, 0xcc, 0xcc, 0xcc, 0xcc, 0xcc, 0xc4, 0x40, 0xdd, 0xcc, 0xcc, 0xcc,
  0xcc, 0xcc, 0xc4, 0x40, 0xdd, 0xcc, 0xcc, 0xcc, 0xcc, 0xcc, 0xc4, 0x40,
  0xf7, 0xcc, 0xec, 0xcc, 0xc8, 0x8c, 0x81, 0x00, 0x77, 0xce, 0xee, 0xcc,
  0xc8, 0x88, 0x81, 0x10, 0x77, 0xfe, 0xee, 0xec, 0x88, 0x88, 0x01, 0x10,
  0x77, 0xff, 0xee, 0xec, 0x88, 0x80, 0x01, 0x10, 0x77, 0xff, 0xff, 0xea,
  0x80, 0x00, 0x01, 0x10, 0x77, 0xff, 0xff, 0xba, 0x00, 0x00, 0x01, 0x10,
  0x7f, 0xff, 0xff, 0x33, 0x30, 0x00, 0x01, 0x10, 0x7f, 0xff, 0xf3, 0x33,
  0x33, 0x00, 0x01, 0x10, 0x7f, 0xf3, 0x33, 0x33, 0x33, 0x33, 0x00, 0x10,
  0x67, 0x33, 0x33, 0x33, 0x33, 0x33, 0x11, 0x90, 0x63, 0x33, 0x33, 0x33,
  0x33, 0x33, 0x33, 0x90, 0x23, 0x33, 0x33, 0x33, 0x33, 0x33, 0x33, 0xb0,
  0x23, 0x33, 0x33, 0x33, 0x33, 0x33, 0x33, 0xb0, 0x31, 0x11, 0x13, 0x33,
  0x33, 0x73, 0x37, 0xb0, 0x81, 0x11, 0x11, 0x33, 0x37, 0x77, 0x77, 0xe0,
  0x81, 0x11, 0x11, 0x13, 0x77, 0x77, 0x7f, 0xe0, 0x80, 0x00, 0x01, 0x15,
  0x77, 0xff, 0xff, 0xe0, 0x80, 0x00, 0x00, 0x45, 0xdf, 0xff, 0xff, 0xe0,
  0x80, 0x00, 0x00, 0xcc, 0xcf, 0xff, 0xff, 0xf0, 0x80, 0x00, 0x0c, 0xcc,
  0xcc, 0xff, 0xff, 0xf0, 0x00, 0x8c, 0xcc, 0xcc, 0xcc, 0xcc, 0xef, 0xf0,
  0x8c, 0xcc, 0xcc, 0xcc, 0xcc, 0xcc, 0xcc, 0xe0, 0xcc, 0xcc, 0xcc, 0xcc,
  0xcc, 0xcc, 0xcc, 0xc0, 0xcc, 0xcc, 0xcc, 0xcc, 0xcc, 0xcc, 0xcc, 0xc0,
  0xee, 0xee, 0xee, 0xcc, 0xc8, 0x88, 0x88, 0x80, 0xee, 0xee, 0xee, 0xec,
  0x88, 0x88, 0x88, 0x80, 0xff, 0xee, 0xee, 0xec, 0x88, 0x88, 0x80, 0x00,
  0xff, 0xde, 0xee, 0xea, 0x88, 0x80, 0x00, 0x00, 0xff, 0xff, 0xff, 0x33,
  0x20, 0x00, 0x00, 0x00, 0xff, 0xff, 0xf3, 0x33, 0x33, 0x00, 0x00, 0x00,
  0xff, 0xff, 0x33, 0x33, 0x33, 0x30, 0x00, 0x00, 0xff, 0x73, 0x33, 0x33,
  0x33, 0x33, 0x10, 0x00, 0x33, 0x33, 0x33, 0x33, 0x33, 0x33, 0x33, 0x30,
  0x33, 0x33, 0x33, 0x33, 0x33, 0x33, 0x33, 0x30, 0x33, 0x11, 0x33, 0x33,
  0x33, 0x37, 0x73, 0x30, 0x11, 0x11, 0x11, 0x33, 0x37, 0x77, 0x77, 0x70,
  0x01, 0x11, 0x11, 0x13, 0x77, 0x77, 0x77, 0xf0, 0x00, 0x00, 0x01, 0x15,
  0x77, 0xff, 0xbf, 0xf0, 0x00, 0x00, 0x00, 0x05, 0xdf, 0xfb, 0xff, 0xf0,
  0x00, 0x00, 0x00, 0xcc, 0xcf, 0xff, 0xff, 0xf0, 0x00, 0x08, 0xcc, 0xcc,
  0xcc, 0xcc, 0xff, 0xf0, 0x00, 0xcc, 0xcc, 0xcc, 0xcc, 0xcc, 0xce, 0xf0,
  0x8c, 0xcc, 0xcc, 0xcc, 0xcc, 0xcc, 0xcc, 0xe0, 0xcc, 0xcc, 0xcc, 0xcc,
  0xcc, 0xcc, 0xcc, 0xc0, 0xce, 0xae, 0xec, 0xcc, 0xcc, 0x88, 0x88, 0x80,
  0xee, 0xee, 0xee, 0xcc, 0xc8, 0x88, 0x88, 0x80, 0xee, 0xee, 0xee, 0xec,
  0x88, 0x88, 0x88, 0x80, 0xfe, 0xee, 0xee, 0xec, 0x88, 0x88, 0x00, 0x00,
  0xff, 0xfd, 0xff, 0xb3, 0x20, 0x00, 0x00, 0x00, 0xff, 0xff, 0xf7, 0x33,
  0x30, 0x00, 0x00, 0x00, 0xff, 0xff, 0x73, 0x33, 0x33, 0x10, 0x00, 0x00,
  0xff, 0xf3, 0x33, 0x33, 0x33, 0x33, 0x00, 0x00, 0x33, 0x33, 0x33, 0x33,
  0x33, 0x33, 0x33, 0x10, 0x33, 0x33, 0x33, 0x33, 0x33, 0x33, 0x33, 0x30,
  0x33, 0x33, 0x33, 0x33, 0x33, 0x33, 0x33, 0x30, 0x31, 0x11, 0x33, 0x33,
  0x33, 0x37, 0x57, 0x30, 0x15, 0x11, 0x11, 0x33, 0x37, 0x77, 0x75, 0x70,
  0x11, 0x11, 0x11, 0x13, 0x77, 0x77, 0x77, 0x70, 0x10, 0x11, 0x11, 0x13,
  0x77, 0x77, 0x7f, 0x70, 0x00, 0x00, 0x01, 0x15, 0x77, 0x7f, 0xfb, 0xf0,
  0x02, 0x20, 0x00, 0x0c, 0xdf, 0xff, 0xbb, 0xf0, 0x00, 0x20, 0x00, 0xcc,
  0xcf, 0xfb, 0xbf, 0xf0, 0x00, 0x00, 0x0c, 0xcc, 0xcc, 0xfb, 0xbf, 0xf0,
  0x00, 0x00, 0x0c, 0xcc, 0xcc, 0xeb, 0xff, 0xf0, 0x00, 0x08, 0xcc, 0xcc,
  0xcc, 0xce, 0xff, 0xf0, 0x00, 0x8c, 0xcc, 0xcc, 0xcc, 0xcc, 0xef, 0xf0,
  0x00, 0x8c, 0xcc, 0xcc, 0xcc, 0xcc, 0xef, 0xf0, 0x08, 0xcc, 0xcc, 0xcc,
  0xc4, 0xcc, 0xce, 0xf0, 0x8c, 0xcc, 0xcc, 0xcc, 0x4c, 0xcc, 0xcc, 0xe0,
  0xcc, 0xcc, 0xcc, 0xdc, 0x4c, 0xcc, 0xcc, 0xc0, 0xcc, 0xcc, 0xcc, 0xd4,
  0x4c, 0xcc, 0xcc, 0xc0, 0xcc, 0xcc, 0xcc, 0xc4, 0x4c, 0xcc, 0xcc, 0xc0,
  0xcc, 0xcc, 0xcc, 0xc5, 0xcc, 0xcc, 0xcc, 0xc0, 0xcc, 0xcc, 0xcc, 0xc5,
  0xcc, 0xcc, 0xcc, 0xc0, 0xcc, 0xcc, 0xcc, 0xc5, 0xcc, 0xcc, 0xcc, 0xc0,
  0xcc, 0xcc, 0xcc, 0xc5, 0xcc, 0xcc, 0xcc, 0xc0, 0xcc, 0xcc, 0xcc, 0xc5,
  0xcc, 0xcc, 0xcc, 0xc0, 0xcc, 0xcc, 0xcc, 0xc5, 0xcc, 0xcc, 0xcc, 0xc0,
  0xcc, 0xcc, 0xcc, 0xc5, 0xcc, 0xcc, 0xcc, 0xc0, 0xcc, 0xcc, 0xcc, 0xc5,
  0xcc, 0xcc, 0xcc, 0xc0, 0xcc, 0xcc, 0xcc, 0xc7, 0xcc, 0xcc, 0xcc, 0xc0,
  0x88, 0x88, 0x8c, 0xc7, 0xc8, 0x88, 0x88, 0x80, 0x88, 0x88, 0x88, 0x8b,
  0x88, 0x88, 0x88, 0x80, 0x88, 0x88, 0x88, 0x8b, 0x88, 0x88, 0x88, 0x80,
  0x88, 0x88, 0x88, 0xab, 0xb8, 0x88, 0x88, 0x80, 0x88, 0x88, 0x88, 0xab,
  0xb8, 0x88, 0x88, 0x80, 0x88, 0x88, 0x8a, 0xaa, 0xb8, 0x88, 0x88, 0x80,
  0x88, 0x88, 0x8a, 0xaa, 0xfb, 0x88, 0x88, 0x80, 0x88, 0x88, 0x8a, 0xa8,
  0xbb, 0x88, 0x88, 0x80, 0x88, 0x88, 0x8a, 0xa8, 0xbb, 0x88, 0x88, 0x80,
  0x88, 0x88, 0x8a, 0xa8, 0xab, 0x88, 0x88, 0x80, 0x88, 0x88, 0x8a, 0x88,
  0xab, 0x88, 0x88, 0x80, 0x88, 0x88, 0x88, 0x88, 0xab, 0x88, 0x88, 0x80,
  0x88, 0x88, 0x88, 0x88, 0xab, 0x88, 0x88, 0x80, 0x88, 0x88, 0x88, 0x88,
  0xab, 0x88, 0x88, 0x80, 0x88, 0x88, 0x88, 0x88, 0xab, 0x88, 0x88, 0x80,
  0x88, 0x88, 0x88, 0x88, 0xaa, 0x88, 0x88, 0x80, 0x88, 0x88, 0x88, 0x88,
  0xaa, 0x88, 0x88, 0x80, 0x88, 0x88, 0x88, 0x88, 0xaa, 0x88, 0x88, 0x80,
  0x88, 0x88, 0x88, 0x88, 0xaa, 0x88, 0x88, 0x80, 0x88, 0x88, 0x88, 0x88,
  0x8a, 0x88, 0x88, 0x80, 0x88, 0x88, 0x88, 0x88, 0x8a, 0x88, 0x88, 0x80,
  0x88, 0x88, 0x88, 0x88, 0x8a, 0x88, 0x88, 0x80, 0x88, 0x88, 0x88, 0x88,
  0x8a, 0x98, 0x88, 0x80, 0x88, 0x88, 0x88, 0x88, 0x8a, 0xb8, 0x88, 0x80,
  0x88, 0x88, 0x88, 0x88, 0x8a, 0xb8, 0x88, 0x80, 0x88, 0x88, 0x88, 0x88,
  0x8a, 0xb8, 0x88, 0x80, 0x88, 0x88, 0x88, 0x88, 0x8a, 0xb8, 0x88, 0x80,
  0x88, 0x88, 0x88, 0x88, 0x8a, 0x98, 0x88, 0x80, 0x88, 0x88, 0x88, 0x88,
  0x8a, 0x98, 0x88, 0x80, 0x88, 0x88, 0x88, 0x88, 0x8a, 0x98, 0x88, 0x80,
  0x88, 0x88, 0x88, 0x88, 0x8a, 0x98, 0x88, 0x80, 0x88, 0x88, 0x88, 0x88,
  0xab, 0x98, 0x88, 0x80, 0x88, 0x88, 0x88, 0x88, 0xa9, 0x98, 0x88, 0x80,
  0x88, 0x88, 0x88, 0x88, 0xa9, 0x98, 0x88, 0x80, 0x88, 0x88, 0x88, 0x8a,
  0x99, 0x88, 0x88, 0x80, 0x88, 0x88, 0x88, 0xa9, 0x98, 0x88, 0x88, 0x80,
  0x88, 0x88, 0x8a, 0x99, 0x88, 0x88, 0x88, 0x80, 0xc8, 0x8c, 0xa9, 0xd4,
  0xcc, 0xcc, 0xcc, 0xc0, 0xcc, 0xcd, 0xdd, 0xc4, 0xcc, 0xcc, 0xcc, 0xc0,
  0xcd, 0xcc, 0xcc, 0x44, 0xcc, 0xcc, 0xcc, 0xc0, 0xdc, 0xcc, 0xcc, 0xcc,
  0xcc, 0xcc, 0xcc, 0xc0, 0xee, 0xee, 0xee, 0xaa, 0xee, 0xee, 0xee, 0xe0,
  0xee, 0xee, 0xee, 0xaa, 0xae, 0xee, 0xee, 0xe0, 0xee, 0xee, 0xee, 0xaa,
  0xee, 0xee, 0xee, 0xe0, 0xee, 0xee, 0xee, 0xee, 0xee, 0xee, 0xee, 0xe0,
  0xff, 0xff, 0xff, 0xff, 0xff, 0xff, 0xff, 0xf0, 0xff, 0xff, 0xff, 0xff,
  0xff, 0xff, 0xff, 0xf0, 0xff, 0xff, 0xff, 0xdf, 0xff, 0xff, 0xff, 0xf0,
  0xff, 0xff, 0xfd, 0xdf, 0xff, 0xff, 0x93, 0x30, 0xff, 0xff, 0xfd, 0xdd,
  0xd1, 0x33, 0x33, 0x30, 0xff, 0xff, 0xfd, 0xd9, 0x33, 0x33, 0x33, 0x30,
  0xff, 0xff, 0xff, 0xdd, 0x11, 0x33, 0x33, 0x30, 0xff, 0xff, 0xff, 0xfd,
  0xd1, 0x33, 0x33, 0x30, 0xff, 0xff, 0xff, 0xff, 0xd1, 0x13, 0x33, 0x30,
  0x77, 0xff, 0xff, 0xff, 0xf5, 0x11, 0x33, 0x30, 0x77, 0x77, 0x77, 0x77,
  0x75, 0x11, 0x33, 0x30, 0x77, 0x77, 0x77, 0x77, 0x75, 0x11, 0x33, 0x30,
  0x77, 0x77, 0x77, 0x77, 0x71, 0x13, 0x33, 0x30, 0x73, 0x33, 0x77, 0x77,
  0x71, 0x11, 0x11, 0x10, 0xfb, 0xbb, 0x33, 0x3b, 0xb9, 0x99, 0x99, 0x90,
  0xff, 0xbb, 0xbb, 0xbb, 0xb9, 0x99, 0x99, 0x90, 0xff, 0xbb, 0xbb, 0xbb,
  0xb9, 0x99, 0x99, 0x90, 0xff, 0xbb, 0xbb, 0xbb, 0xb9, 0x99, 0x99, 0x90,
  0xff, 0xfb, 0xbb, 0xbb, 0xb9, 0x99, 0x99, 0x90, 0xff, 0xfb, 0xbb, 0xbb,
  0xb9, 0x99, 0x99, 0x90, 0xff, 0xfb, 0xbb, 0xbb, 0xb9, 0x99, 0x99, 0x90,
  0xff, 0xfb, 0xbb, 0xbb, 0xb9, 0x99, 0x99, 0x90, 0xff, 0xfb, 0xbb, 0xbb,
  0xf9, 0x99, 0x99, 0x90, 0xff, 0xfb, 0xbb, 0xbb, 0xf9, 0x99, 0x99, 0x90,
  0xff, 0xfb, 0xbb, 0xbb, 0xf9, 0x99, 0x99, 0x90, 0xff, 0xfb, 0xbb, 0xbb,
  0xf9, 0x99, 0x99, 0x90, 0xff, 0xfb, 0xbb, 0xbb, 0xf9, 0x99, 0x99, 0x90,
  0xff, 0xfb, 0xbb, 0xbb, 0xf9, 0x99, 0x99, 0x90, 0xff, 0xfb, 0xbb, 0xbb,
  0xf9, 0x99, 0x99, 0x90, 0xff, 0xfb, 0xbb, 0xbb, 0xfd, 0x99, 0x99, 0x90,
  0xff, 0xfb, 0xbb, 0xbb, 0xf9, 0x99, 0x99, 0x90, 0xff, 0xfb, 0xbb, 0xbb,
  0xf9, 0x99, 0x99, 0x90, 0xff, 0xfb, 0xbb, 0xbb, 0xf9, 0x99, 0x99, 0x90,
  0xff, 0xfb, 0xbb, 0xbb, 0xd9, 0x99, 0x99, 0x90, 0xff, 0xbb, 0xbb, 0xbb,
  0xd9, 0x99, 0x99, 0x90, 0xff, 0x9b, 0xbb, 0xbb, 0x99, 0x99, 0x99, 0x90,
  0xf9, 0x99, 0x9b, 0xbb, 0x99, 0x99, 0x99, 0x90, 0x99, 0x99, 0x9b, 0xbb,
  0x99, 0x99, 0x99, 0x90, 0x99, 0x99, 0x99, 0x99, 0x98, 0x88, 0x88, 0x80,
  0x11, 0x11, 0x11, 0x11, 0x11, 0x00, 0x00, 0x00, 0x00, 0x00, 0x00, 0x00,
  0x00, 0x00, 0x00, 0x00, 0x00, 0x00, 0x00, 0x00, 0x00, 0x00, 0x00, 0x00,
  0x00, 0x00, 0x00, 0x00, 0x00, 0x00, 0x00, 0x00, 0x00, 0x00, 0x00, 0x00,
  0x00, 0x00, 0x00, 0x00, 0x00, 0x00, 0x00, 0x00, 0x00, 0x00, 0x00, 0x00,
  0x00, 0x00, 0x00, 0x00, 0x00, 0x00, 0x00, 0x00, 0x00, 0x00, 0x00, 0x00,
  0x00, 0x00, 0x00, 0x00, 0x00, 0x00, 0x00, 0x00, 0x00, 0x00, 0x00, 0x00,
  0x00, 0x00, 0x00, 0x00, 0x00, 0x00, 0x00, 0x00, 0x00, 0x00, 0x00, 0x00,
  0x00, 0x00, 0x00, 0x00, 0x00, 0x00, 0x00, 0x00, 0x00, 0x00, 0x00, 0x00,
  0x00, 0x00, 0x00, 0x00, 0x00, 0x00, 0x00, 0x00, 0x00, 0x00, 0x00, 0x00,
  0x00, 0x00, 0x00, 0x00, 0x00, 0x00, 0x00, 0x00, 0x00, 0x00, 0x00, 0x00,
  0x00, 0x00, 0x00, 0x00, 0x00, 0x00, 0x00, 0x00, 0x00, 0x00, 0x00, 0x00,
  0x00, 0x00, 0x00, 0x00, 0x00, 0x00, 0x00, 0x00, 0x00, 0x00, 0x00, 0x00,
  0x00, 0x00, 0x00, 0x00, 0x00, 0x00, 0x00, 0x00, 0x00, 0x00, 0x00, 0x00,
  0x00, 0x00, 0x00, 0x00, 0x00, 0x00, 0x00, 0x00, 0x00, 0x00, 0x00, 0x00,
  0x00, 0x00, 0x00, 0x00, 0x00, 0x00, 0x00, 0x00, 0x00, 0x00, 0x00, 0x00,
  0x00, 0x00, 0x00, 0x00, 0x00, 0x00, 0x00, 0x00, 0x00, 0x00, 0x00, 0x00,
  0x00, 0x00, 0x00, 0x00, 0x00, 0x00, 0x00, 0x00, 0x00, 0x00, 0x00, 0x00,
  0x00, 0x00, 0x00, 0x00, 0x00, 0x00, 0x00, 0x00, 0x00, 0x00, 0x00, 0x00,
  0x00, 0x00, 0x00, 0x00, 0x00, 0x00, 0x00, 0x00, 0x00, 0x00, 0x00, 0x00,
  0x00, 0x00, 0x00, 0x00, 0x00, 0x00, 0x00, 0x00, 0x00, 0x00, 0x00, 0x00,
  0x00, 0x00, 0x00, 0x00, 0x00, 0x00, 0x00, 0x00, 0x00, 0x00, 0x00, 0x00,
  0x00, 0x00, 0x00, 0x00, 0x00, 0x00, 0x00, 0x00, 0x00, 0x00, 0x00, 0x00,
  0x00, 0x00, 0x00, 0x00, 0x00, 0x00, 0x00, 0x00, 0x00, 0x00, 0x00, 0x00,
  0x00, 0x00, 0x00, 0x00, 0x00, 0x00, 0x00, 0x00, 0x00, 0x00, 0x00, 0x00,
  0x00, 0x00, 0x00, 0x00, 0x00, 0x00, 0x00, 0x00, 0x00, 0x00, 0x00, 0x00,
  0x00, 0x00, 0x00, 0x00, 0x00, 0x00, 0x00, 0x00, 0x00, 0x00, 0x00, 0x00,
  0x00, 0x00, 0x00, 0x00, 0x00, 0x00, 0x00, 0x00, 0x00, 0x00, 0x00, 0x00,
  0x00, 0x00, 0x00, 0x00, 0x00, 0x00, 0x00, 0x00, 0x00, 0x00, 0x00, 0x00,
  0x00, 0x00, 0x00, 0x00, 0x00, 0x00, 0x00, 0x00, 0x00, 0x00, 0x00, 0x00,
  0x00, 0x00, 0x00, 0x00, 0x00, 0x00, 0x00, 0x00, 0x00, 0x00, 0x00, 0x00,
  0x00, 0x00, 0x00, 0x00, 0x00, 0x00, 0x00, 0x00, 0x00, 0x00, 0x00, 0x00,
  0x00, 0x00, 0x00, 0x00
};
unsigned int badapple_video_len = 42064;
